id,level,format,category,prompt_he,prompt_en,thai_display,choices,correct_answer,accepted_answers,transliteration,hebrew,english,confidence,ui_format
l12_consonant_01_mcq,1.2,multiple_choice,letter_name,מה שם האות התאילנדית? Thai letter / אות: ก. משמעות המילה המייצגת: תרנגולת / chicken.,What is the Thai letter name? Letter: ก. Representative word: chicken / תרנגולת.,ก,"[""cho ching"", ""bo baimai"", ""ko/kaw gai"", ""tho thahan""]",ko/kaw gai,,,תרנגולת,chicken,,spacing_plus_frame
l12_consonant_01_typing,1.2,typing,letter_name,כתוב את שם האות באנגלית. Thai letter / אות: ก. משמעות: תרנגולת / chicken.,Type the letter name in English. Letter: ก. Meaning: chicken / תרנגולת.,ก,,ko/kaw gai,"[""ko/kaw gai""]",,תרנגולת,chicken,,
l12_consonant_02_mcq,1.2,multiple_choice,letter_name,מה שם האות התאילנדית? Thai letter / אות: ข. משמעות המילה המייצגת: ביצה / egg.,What is the Thai letter name? Letter: ข. Representative word: egg / ביצה.,ข,"[""kho khai"", ""kho khwai"", ""no nuu"", ""yo yak""]",kho khai,,,ביצה,egg,,spacing_plus_frame
l12_consonant_02_typing,1.2,typing,letter_name,כתוב את שם האות באנגלית. Thai letter / אות: ข. משמעות: ביצה / egg.,Type the letter name in English. Letter: ข. Meaning: egg / ביצה.,ข,,kho khai,"[""kho khai""]",,ביצה,egg,,
l12_consonant_03_mcq,1.2,multiple_choice,letter_name,מה שם האות התאילנדית? Thai letter / אות: ค. משמעות המילה המייצגת: תאו / buffalo.,What is the Thai letter name? Letter: ค. Representative word: buffalo / תאו.,ค,"[""kho khwai"", ""ngo nguu"", ""yo ying"", ""po pla""]",kho khwai,,,תאו,buffalo,,spacing_plus_frame
l12_consonant_03_typing,1.2,typing,letter_name,כתוב את שם האות באנגלית. Thai letter / אות: ค. משמעות: תאו / buffalo.,Type the letter name in English. Letter: ค. Meaning: buffalo / תאו.,ค,,kho khwai,"[""kho khwai""]",,תאו,buffalo,,
l12_consonant_04_mcq,1.2,multiple_choice,letter_name,מה שם האות התאילנדית? Thai letter / אות: ง. משמעות המילה המייצגת: נחש / snake.,What is the Thai letter name? Letter: ง. Representative word: snake / נחש.,ง,"[""ngo nguu"", ""kho khai"", ""jo jaan"", ""yo yak""]",ngo nguu,,,נחש,snake,,spacing_plus_frame
l12_consonant_04_typing,1.2,typing,letter_name,כתוב את שם האות באנגלית. Thai letter / אות: ง. משמעות: נחש / snake.,Type the letter name in English. Letter: ง. Meaning: snake / נחש.,ง,,ngo nguu,"[""ngo nguu""]",,נחש,snake,,
l12_consonant_05_mcq,1.2,multiple_choice,letter_name,מה שם האות התאילנדית? Thai letter / אות: จ. משמעות המילה המייצגת: צלחת / plate.,What is the Thai letter name? Letter: จ. Representative word: plate / צלחת.,จ,"[""jo jaan"", ""kho khai"", ""yo yak"", ""bo baimai""]",jo jaan,,,צלחת,plate,,spacing_plus_frame
l12_consonant_05_typing,1.2,typing,letter_name,כתוב את שם האות באנגלית. Thai letter / אות: จ. משמעות: צלחת / plate.,Type the letter name in English. Letter: จ. Meaning: plate / צלחת.,จ,,jo jaan,"[""jo jaan""]",,צלחת,plate,,
l12_consonant_06_mcq,1.2,multiple_choice,letter_name,מה שם האות התאילנדית? Thai letter / אות: ฉ. משמעות המילה המייצגת: מצלתיים / cymbals.,What is the Thai letter name? Letter: ฉ. Representative word: cymbals / מצלתיים.,ฉ,"[""cho ching"", ""po pla"", ""jo jaan"", ""to tao""]",cho ching,,,מצלתיים,cymbals,,spacing_plus_frame
l12_consonant_06_typing,1.2,typing,letter_name,כתוב את שם האות באנגלית. Thai letter / אות: ฉ. משמעות: מצלתיים / cymbals.,Type the letter name in English. Letter: ฉ. Meaning: cymbals / מצלתיים.,ฉ,,cho ching,"[""cho ching""]",,מצלתיים,cymbals,,
l12_consonant_07_mcq,1.2,multiple_choice,letter_name,מה שם האות התאילנדית? Thai letter / אות: ช. משמעות המילה המייצגת: פיל / elephant.,What is the Thai letter name? Letter: ช. Representative word: elephant / פיל.,ช,"[""wo waen"", ""cho chang"", ""cho ching"", ""mo maa""]",cho chang,,,פיל,elephant,,spacing_plus_frame
l12_consonant_07_typing,1.2,typing,letter_name,כתוב את שם האות באנגלית. Thai letter / אות: ช. משמעות: פיל / elephant.,Type the letter name in English. Letter: ช. Meaning: elephant / פיל.,ช,,cho chang,"[""cho chang""]",,פיל,elephant,,
l12_consonant_08_mcq,1.2,multiple_choice,letter_name,מה שם האות התאילנדית? Thai letter / אות: ซ. משמעות המילה המייצגת: שרשרת / chain.,What is the Thai letter name? Letter: ซ. Representative word: chain / שרשרת.,ซ,"[""ngo nguu"", ""so so"", ""mo maa"", ""no nuu""]",so so,,,שרשרת,chain,,spacing_plus_frame
l12_consonant_08_typing,1.2,typing,letter_name,כתוב את שם האות באנגלית. Thai letter / אות: ซ. משמעות: שרשרת / chain.,Type the letter name in English. Letter: ซ. Meaning: chain / שרשרת.,ซ,,so so,"[""so so""]",,שרשרת,chain,,
l12_consonant_09_mcq,1.2,multiple_choice,letter_name,מה שם האות התאילנדית? Thai letter / אות: ญ. משמעות המילה המייצגת: אישה/ילדה / woman/girl.,What is the Thai letter name? Letter: ญ. Representative word: woman/girl / אישה/ילדה.,ญ,"[""ro ruea"", ""pho phan"", ""cho chang"", ""yo ying""]",yo ying,,,אישה/ילדה,woman/girl,,spacing_plus_frame
l12_consonant_09_typing,1.2,typing,letter_name,כתוב את שם האות באנגלית. Thai letter / אות: ญ. משמעות: אישה/ילדה / woman/girl.,Type the letter name in English. Letter: ญ. Meaning: woman/girl / אישה/ילדה.,ญ,,yo ying,"[""yo ying""]",,אישה/ילדה,woman/girl,,
l12_consonant_10_mcq,1.2,multiple_choice,letter_name,מה שם האות התאילנדית? Thai letter / אות: ด. משמעות המילה המייצגת: ילד / child.,What is the Thai letter name? Letter: ด. Representative word: child / ילד.,ด,"[""pho phueng"", ""do dek"", ""yo yak"", ""no nuu""]",do dek,,,ילד,child,,spacing_plus_frame
l12_consonant_10_typing,1.2,typing,letter_name,כתוב את שם האות באנגלית. Thai letter / אות: ด. משמעות: ילד / child.,Type the letter name in English. Letter: ด. Meaning: child / ילד.,ด,,do dek,"[""do dek""]",,ילד,child,,
l12_consonant_11_mcq,1.2,multiple_choice,letter_name,מה שם האות התאילנדית? Thai letter / אות: ต. משמעות המילה המייצגת: צב / turtle.,What is the Thai letter name? Letter: ต. Representative word: turtle / צב.,ต,"[""to tao"", ""o aang"", ""so so"", ""so suea""]",to tao,,,צב,turtle,,spacing_plus_frame
l12_consonant_11_typing,1.2,typing,letter_name,כתוב את שם האות באנגלית. Thai letter / אות: ต. משמעות: צב / turtle.,Type the letter name in English. Letter: ต. Meaning: turtle / צב.,ต,,to tao,"[""to tao""]",,צב,turtle,,
l12_consonant_12_mcq,1.2,multiple_choice,letter_name,מה שם האות התאילנדית? Thai letter / אות: ท. משמעות המילה המייצגת: חייל / soldier.,What is the Thai letter name? Letter: ท. Representative word: soldier / חייל.,ท,"[""to tao"", ""fo fan"", ""pho phan"", ""tho thahan""]",tho thahan,,,חייל,soldier,,spacing_plus_frame
l12_consonant_12_typing,1.2,typing,letter_name,כתוב את שם האות באנגלית. Thai letter / אות: ท. משמעות: חייל / soldier.,Type the letter name in English. Letter: ท. Meaning: soldier / חייל.,ท,,tho thahan,"[""tho thahan""]",,חייל,soldier,,
l12_consonant_13_mcq,1.2,multiple_choice,letter_name,מה שם האות התאילנדית? Thai letter / אות: น. משמעות המילה המייצגת: עכבר / mouse/rat.,What is the Thai letter name? Letter: น. Representative word: mouse/rat / עכבר.,น,"[""po pla"", ""ngo nguu"", ""no nuu"", ""fo fan""]",no nuu,,,עכבר,mouse/rat,,spacing_plus_frame
l12_consonant_13_typing,1.2,typing,letter_name,כתוב את שם האות באנגלית. Thai letter / אות: น. משמעות: עכבר / mouse/rat.,Type the letter name in English. Letter: น. Meaning: mouse/rat / עכבר.,น,,no nuu,"[""no nuu""]",,עכבר,mouse/rat,,
l12_consonant_14_mcq,1.2,multiple_choice,letter_name,מה שם האות התאילנדית? Thai letter / אות: บ. משמעות המילה המייצגת: עלה / leaf.,What is the Thai letter name? Letter: บ. Representative word: leaf / עלה.,บ,"[""bo baimai"", ""po pla"", ""kho khai"", ""pho phan""]",bo baimai,,,עלה,leaf,,spacing_plus_frame
l12_consonant_14_typing,1.2,typing,letter_name,כתוב את שם האות באנגלית. Thai letter / אות: บ. משמעות: עלה / leaf.,Type the letter name in English. Letter: บ. Meaning: leaf / עלה.,บ,,bo baimai,"[""bo baimai""]",,עלה,leaf,,
l12_consonant_15_mcq,1.2,multiple_choice,letter_name,מה שם האות התאילנדית? Thai letter / אות: ป. משמעות המילה המייצגת: דג / fish.,What is the Thai letter name? Letter: ป. Representative word: fish / דג.,ป,"[""to tao"", ""so suea"", ""tho thahan"", ""po pla""]",po pla,,,דג,fish,,spacing_plus_frame
l12_consonant_15_typing,1.2,typing,letter_name,כתוב את שם האות באנגלית. Thai letter / אות: ป. משמעות: דג / fish.,Type the letter name in English. Letter: ป. Meaning: fish / דג.,ป,,po pla,"[""po pla""]",,דג,fish,,
l12_consonant_16_mcq,1.2,multiple_choice,letter_name,מה שם האות התאילנדית? Thai letter / אות: ผ. משמעות המילה המייצגת: דבורה / bee.,What is the Thai letter name? Letter: ผ. Representative word: bee / דבורה.,ผ,"[""pho phan"", ""yo ying"", ""pho phueng"", ""kho khwai""]",pho phueng,,,דבורה,bee,,spacing_plus_frame
l12_consonant_16_typing,1.2,typing,letter_name,כתוב את שם האות באנגלית. Thai letter / אות: ผ. משמעות: דבורה / bee.,Type the letter name in English. Letter: ผ. Meaning: bee / דבורה.,ผ,,pho phueng,"[""pho phueng""]",,דבורה,bee,,
l12_consonant_17_mcq,1.2,multiple_choice,letter_name,מה שם האות התאילנדית? Thai letter / אות: พ. משמעות המילה המייצגת: מגש / tray.,What is the Thai letter name? Letter: พ. Representative word: tray / מגש.,พ,"[""lo ling"", ""wo waen"", ""yo yak"", ""pho phan""]",pho phan,,,מגש,tray,,spacing_plus_frame
l12_consonant_17_typing,1.2,typing,letter_name,כתוב את שם האות באנגלית. Thai letter / אות: พ. משמעות: מגש / tray.,Type the letter name in English. Letter: พ. Meaning: tray / מגש.,พ,,pho phan,"[""pho phan""]",,מגש,tray,,
l12_consonant_18_mcq,1.2,multiple_choice,letter_name,מה שם האות התאילנדית? Thai letter / אות: ฟ. משמעות המילה המייצגת: שן / tooth.,What is the Thai letter name? Letter: ฟ. Representative word: tooth / שן.,ฟ,"[""ko/kaw gai"", ""wo waen"", ""tho thahan"", ""fo fan""]",fo fan,,,שן,tooth,,spacing_plus_frame
l12_consonant_18_typing,1.2,typing,letter_name,כתוב את שם האות באנגלית. Thai letter / אות: ฟ. משמעות: שן / tooth.,Type the letter name in English. Letter: ฟ. Meaning: tooth / שן.,ฟ,,fo fan,"[""fo fan""]",,שן,tooth,,
l12_consonant_19_mcq,1.2,multiple_choice,letter_name,מה שם האות התאילנדית? Thai letter / אות: ม. משמעות המילה המייצגת: סוס / horse.,What is the Thai letter name? Letter: ม. Representative word: horse / סוס.,ม,"[""pho phueng"", ""ngo nguu"", ""mo maa"", ""ro ruea""]",mo maa,,,סוס,horse,,spacing_plus_frame
l12_consonant_19_typing,1.2,typing,letter_name,כתוב את שם האות באנגלית. Thai letter / אות: ม. משמעות: סוס / horse.,Type the letter name in English. Letter: ม. Meaning: horse / סוס.,ม,,mo maa,"[""mo maa""]",,סוס,horse,,
l12_consonant_20_mcq,1.2,multiple_choice,letter_name,מה שם האות התאילנדית? Thai letter / אות: ย. משמעות המילה המייצגת: ענק/שד / giant/demon.,What is the Thai letter name? Letter: ย. Representative word: giant/demon / ענק/שד.,ย,"[""jo jaan"", ""so so"", ""ho hip"", ""yo yak""]",yo yak,,,ענק/שד,giant/demon,,spacing_plus_frame
l12_consonant_20_typing,1.2,typing,letter_name,כתוב את שם האות באנגלית. Thai letter / אות: ย. משמעות: ענק/שד / giant/demon.,Type the letter name in English. Letter: ย. Meaning: giant/demon / ענק/שד.,ย,,yo yak,"[""yo yak""]",,ענק/שד,giant/demon,,
l12_consonant_21_mcq,1.2,multiple_choice,letter_name,מה שם האות התאילנדית? Thai letter / אות: ร. משמעות המילה המייצגת: סירה / boat.,What is the Thai letter name? Letter: ร. Representative word: boat / סירה.,ร,"[""kho khwai"", ""cho ching"", ""po pla"", ""ro ruea""]",ro ruea,,,סירה,boat,,spacing_plus_frame
l12_consonant_21_typing,1.2,typing,letter_name,כתוב את שם האות באנגלית. Thai letter / אות: ร. משמעות: סירה / boat.,Type the letter name in English. Letter: ร. Meaning: boat / סירה.,ร,,ro ruea,"[""ro ruea""]",,סירה,boat,,
l12_consonant_22_mcq,1.2,multiple_choice,letter_name,מה שם האות התאילנדית? Thai letter / אות: ล. משמעות המילה המייצגת: קוף / monkey.,What is the Thai letter name? Letter: ล. Representative word: monkey / קוף.,ล,"[""jo jaan"", ""bo baimai"", ""lo ling"", ""fo fan""]",lo ling,,,קוף,monkey,,spacing_plus_frame
l12_consonant_22_typing,1.2,typing,letter_name,כתוב את שם האות באנגלית. Thai letter / אות: ล. משמעות: קוף / monkey.,Type the letter name in English. Letter: ล. Meaning: monkey / קוף.,ล,,lo ling,"[""lo ling""]",,קוף,monkey,,
l12_consonant_23_mcq,1.2,multiple_choice,letter_name,מה שם האות התאילנדית? Thai letter / אות: ว. משמעות המילה המייצגת: טבעת / ring.,What is the Thai letter name? Letter: ว. Representative word: ring / טבעת.,ว,"[""wo waen"", ""no nuu"", ""tho thahan"", ""lo ling""]",wo waen,,,טבעת,ring,,spacing_plus_frame
l12_consonant_23_typing,1.2,typing,letter_name,כתוב את שם האות באנגלית. Thai letter / אות: ว. משמעות: טבעת / ring.,Type the letter name in English. Letter: ว. Meaning: ring / טבעת.,ว,,wo waen,"[""wo waen""]",,טבעת,ring,,
l12_consonant_24_mcq,1.2,multiple_choice,letter_name,מה שם האות התאילנדית? Thai letter / אות: ส. משמעות המילה המייצגת: נמר / tiger.,What is the Thai letter name? Letter: ส. Representative word: tiger / נמר.,ส,"[""so so"", ""so suea"", ""cho ching"", ""jo jaan""]",so suea,,,נמר,tiger,,spacing_plus_frame
l12_consonant_24_typing,1.2,typing,letter_name,כתוב את שם האות באנגלית. Thai letter / אות: ส. משמעות: נמר / tiger.,Type the letter name in English. Letter: ส. Meaning: tiger / נמר.,ส,,so suea,"[""so suea""]",,נמר,tiger,,
l12_consonant_25_mcq,1.2,multiple_choice,letter_name,מה שם האות התאילנדית? Thai letter / אות: ห. משמעות המילה המייצגת: תיבה/ארגז / box/chest.,What is the Thai letter name? Letter: ห. Representative word: box/chest / תיבה/ארגז.,ห,"[""cho ching"", ""ho hip"", ""mo maa"", ""yo ying""]",ho hip,,,תיבה/ארגז,box/chest,,spacing_plus_frame
l12_consonant_25_typing,1.2,typing,letter_name,כתוב את שם האות באנגלית. Thai letter / אות: ห. משמעות: תיבה/ארגז / box/chest.,Type the letter name in English. Letter: ห. Meaning: box/chest / תיבה/ארגז.,ห,,ho hip,"[""ho hip""]",,תיבה/ארגז,box/chest,,
l12_consonant_26_mcq,1.2,multiple_choice,letter_name,מה שם האות התאילנדית? Thai letter / אות: อ. משמעות המילה המייצגת: אגן/קערה / basin.,What is the Thai letter name? Letter: อ. Representative word: basin / אגן/קערה.,อ,"[""fo fan"", ""o aang"", ""bo baimai"", ""tho thahan""]",o aang,,,אגן/קערה,basin,,spacing_plus_frame
l12_consonant_26_typing,1.2,typing,letter_name,כתוב את שם האות באנגלית. Thai letter / אות: อ. משמעות: אגן/קערה / basin.,Type the letter name in English. Letter: อ. Meaning: basin / אגן/קערה.,อ,,o aang,"[""o aang""]",,אגן/קערה,basin,,
l12_consonant_27_mcq,1.2,multiple_choice,letter_name,מה שם האות התאילנדית? Thai letter / אות: ฮ. משמעות המילה המייצגת: ינשוף / owl.,What is the Thai letter name? Letter: ฮ. Representative word: owl / ינשוף.,ฮ,"[""po pla"", ""lo ling"", ""ho hip"", ""ho nokhuk""]",ho nokhuk,,,ינשוף,owl,,spacing_plus_frame
l12_consonant_27_typing,1.2,typing,letter_name,כתוב את שם האות באנגלית. Thai letter / אות: ฮ. משמעות: ינשוף / owl.,Type the letter name in English. Letter: ฮ. Meaning: owl / ינשוף.,ฮ,,ho nokhuk,"[""ho nokhuk""]",,ינשוף,owl,,
l12_vowel_01_mcq,1.2,multiple_choice,vowel_sound,מה הצליל של סימן התנועה התאילנדי? Thai vowel symbol / סימן תנועה: อะ.,What sound does this Thai vowel symbol make? Symbol: อะ.,อะ,"[""eu"", ""e"", ""ai"", ""a""]",a,,,a קצר,short a,,spacing_plus_frame
l12_vowel_01_typing,1.2,typing,vowel_sound,כתוב את הצליל באנגלית. Thai vowel symbol / סימן תנועה: อะ.,Type the sound in English. Symbol: อะ.,อะ,,a,"[""a""]",,a קצר,short a,,
l12_vowel_02_mcq,1.2,multiple_choice,vowel_sound,מה הצליל של סימן התנועה התאילנדי? Thai vowel symbol / סימן תנועה: อา.,What sound does this Thai vowel symbol make? Symbol: อา.,อา,"[""e"", ""aa"", ""ee"", ""oo""]",aa,,,aa ארוך,long aa,,spacing_plus_frame
l12_vowel_02_typing,1.2,typing,vowel_sound,כתוב את הצליל באנגלית. Thai vowel symbol / סימן תנועה: อา.,Type the sound in English. Symbol: อา.,อา,,aa,"[""aa""]",,aa ארוך,long aa,,
l12_vowel_03_mcq,1.2,multiple_choice,vowel_sound,מה הצליל של סימן התנועה התאילנדי? Thai vowel symbol / סימן תנועה: อิ.,What sound does this Thai vowel symbol make? Symbol: อิ.,อิ,"[""i"", ""aa"", ""a"", ""eu""]",i,,,i קצר,short i,,spacing_plus_frame
l12_vowel_03_typing,1.2,typing,vowel_sound,כתוב את הצליל באנגלית. Thai vowel symbol / סימן תנועה: อิ.,Type the sound in English. Symbol: อิ.,อิ,,i,"[""i""]",,i קצר,short i,,
l12_vowel_04_mcq,1.2,multiple_choice,vowel_sound,מה הצליל של סימן התנועה התאילנדי? Thai vowel symbol / סימן תנועה: อี.,What sound does this Thai vowel symbol make? Symbol: อี.,อี,"[""ai"", ""ee"", ""aa"", ""a""]",ee,,,ee ארוך,long ee,,spacing_plus_frame
l12_vowel_04_typing,1.2,typing,vowel_sound,כתוב את הצליל באנגלית. Thai vowel symbol / סימן תנועה: อี.,Type the sound in English. Symbol: อี.,อี,,ee,"[""ee""]",,ee ארוך,long ee,,
l12_vowel_05_mcq,1.2,multiple_choice,vowel_sound,מה הצליל של סימן התנועה התאילנדי? Thai vowel symbol / סימן תנועה: อึ.,What sound does this Thai vowel symbol make? Symbol: อึ.,อึ,"[""eu"", ""euue/eu"", ""ae"", ""u""]",eu,,,eu קצר,short eu,,spacing_plus_frame
l12_vowel_05_typing,1.2,typing,vowel_sound,כתוב את הצליל באנגלית. Thai vowel symbol / סימן תנועה: อึ.,Type the sound in English. Symbol: อึ.,อึ,,eu,"[""eu""]",,eu קצר,short eu,,
l12_vowel_06_mcq,1.2,multiple_choice,vowel_sound,מה הצליל של סימן התנועה התאילנדי? Thai vowel symbol / סימן תנועה: อือ.,What sound does this Thai vowel symbol make? Symbol: อือ.,อือ,"[""ee"", ""e"", ""eua"", ""euue/eu""]",euue/eu,,,eu ארוך,long eu,,spacing_plus_frame
l12_vowel_06_typing,1.2,typing,vowel_sound,כתוב את הצליל באנגלית. Thai vowel symbol / סימן תנועה: อือ.,Type the sound in English. Symbol: อือ.,อือ,,euue/eu,"[""euue/eu""]",,eu ארוך,long eu,,
l12_vowel_07_mcq,1.2,multiple_choice,vowel_sound,מה הצליל של סימן התנועה התאילנדי? Thai vowel symbol / סימן תנועה: อุ.,What sound does this Thai vowel symbol make? Symbol: อุ.,อุ,"[""i"", ""eu"", ""u"", ""aa""]",u,,,u קצר,short u,,spacing_plus_frame
l12_vowel_07_typing,1.2,typing,vowel_sound,כתוב את הצליל באנגלית. Thai vowel symbol / סימן תנועה: อุ.,Type the sound in English. Symbol: อุ.,อุ,,u,"[""u""]",,u קצר,short u,,
l12_vowel_08_mcq,1.2,multiple_choice,vowel_sound,מה הצליל של סימן התנועה התאילנדי? Thai vowel symbol / סימן תנועה: อู.,What sound does this Thai vowel symbol make? Symbol: อู.,อู,"[""ae"", ""euue/eu"", ""oo"", ""eua""]",oo,,,oo ארוך,long oo,,spacing_plus_frame
l12_vowel_08_typing,1.2,typing,vowel_sound,כתוב את הצליל באנגלית. Thai vowel symbol / סימן תנועה: อู.,Type the sound in English. Symbol: อู.,อู,,oo,"[""oo""]",,oo ארוך,long oo,,
l12_vowel_09_mcq,1.2,multiple_choice,vowel_sound,מה הצליל של סימן התנועה התאילנדי? Thai vowel symbol / סימן תנועה: เอ.,What sound does this Thai vowel symbol make? Symbol: เอ.,เอ,"[""a"", ""eu"", ""e"", ""ai""]",e,,,e,long e,,spacing_plus_frame
l12_vowel_09_typing,1.2,typing,vowel_sound,כתוב את הצליל באנגלית. Thai vowel symbol / סימן תנועה: เอ.,Type the sound in English. Symbol: เอ.,เอ,,e,"[""e""]",,e,long e,,
l12_vowel_10_mcq,1.2,multiple_choice,vowel_sound,מה הצליל של סימן התנועה התאילנדי? Thai vowel symbol / סימן תנועה: แอ.,What sound does this Thai vowel symbol make? Symbol: แอ.,แอ,"[""ia"", ""e"", ""ae"", ""ai""]",ae,,,ae,long ae,,spacing_plus_frame
l12_vowel_10_typing,1.2,typing,vowel_sound,כתוב את הצליל באנגלית. Thai vowel symbol / סימן תנועה: แอ.,Type the sound in English. Symbol: แอ.,แอ,,ae,"[""ae""]",,ae,long ae,,
l12_vowel_11_mcq,1.2,multiple_choice,vowel_sound,מה הצליל של סימן התנועה התאילנדי? Thai vowel symbol / סימן תנועה: โอ.,What sound does this Thai vowel symbol make? Symbol: โอ.,โอ,"[""oh"", ""ua"", ""eua"", ""o""]",oh,,,oh,long oh,,spacing_plus_frame
l12_vowel_11_typing,1.2,typing,vowel_sound,כתוב את הצליל באנגלית. Thai vowel symbol / סימן תנועה: โอ.,Type the sound in English. Symbol: โอ.,โอ,,oh,"[""oh""]",,oh,long oh,,
l12_vowel_12_mcq,1.2,multiple_choice,vowel_sound,מה הצליל של סימן התנועה התאילנדי? Thai vowel symbol / סימן תנועה: ออ.,What sound does this Thai vowel symbol make? Symbol: ออ.,ออ,"[""ai"", ""o"", ""oo"", ""ai""]",o,,,o,long o,,spacing_plus_frame
l12_vowel_12_typing,1.2,typing,vowel_sound,כתוב את הצליל באנגלית. Thai vowel symbol / סימן תנועה: ออ.,Type the sound in English. Symbol: ออ.,ออ,,o,"[""o""]",,o,long o,,
l12_vowel_13_mcq,1.2,multiple_choice,vowel_sound,מה הצליל של סימן התנועה התאילנדי? Thai vowel symbol / סימן תנועה: ไอ.,What sound does this Thai vowel symbol make? Symbol: ไอ.,ไอ,"[""ai"", ""a"", ""ua"", ""o""]",ai,,,ai,ai,,spacing_plus_frame
l12_vowel_13_typing,1.2,typing,vowel_sound,כתוב את הצליל באנגלית. Thai vowel symbol / סימן תנועה: ไอ.,Type the sound in English. Symbol: ไอ.,ไอ,,ai,"[""ai""]",,ai,ai,,
l12_vowel_14_mcq,1.2,multiple_choice,vowel_sound,מה הצליל של סימן התנועה התאילנדי? Thai vowel symbol / סימן תנועה: ใอ.,What sound does this Thai vowel symbol make? Symbol: ใอ.,ใอ,"[""e"", ""ai"", ""ee"", ""o""]",ai,,,ai,ai,,spacing_plus_frame
l12_vowel_14_typing,1.2,typing,vowel_sound,כתוב את הצליל באנגלית. Thai vowel symbol / סימן תנועה: ใอ.,Type the sound in English. Symbol: ใอ.,ใอ,,ai,"[""ai""]",,ai,ai,,
l12_vowel_15_mcq,1.2,multiple_choice,vowel_sound,מה הצליל של סימן התנועה התאילנדי? Thai vowel symbol / סימן תנועה: เอา.,What sound does this Thai vowel symbol make? Symbol: เอา.,เอา,"[""ee"", ""i"", ""ao"", ""o""]",ao,,,ao,ao,,spacing_plus_frame
l12_vowel_15_typing,1.2,typing,vowel_sound,כתוב את הצליל באנגלית. Thai vowel symbol / סימן תנועה: เอา.,Type the sound in English. Symbol: เอา.,เอา,,ao,"[""ao""]",,ao,ao,,
l12_vowel_16_mcq,1.2,multiple_choice,vowel_sound,מה הצליל של סימן התנועה התאילנדי? Thai vowel symbol / סימן תנועה: เอีย.,What sound does this Thai vowel symbol make? Symbol: เอีย.,เอีย,"[""oh"", ""u"", ""ee"", ""ia""]",ia,,,ia,ia,,spacing_plus_frame
l12_vowel_16_typing,1.2,typing,vowel_sound,כתוב את הצליל באנגלית. Thai vowel symbol / סימן תנועה: เอีย.,Type the sound in English. Symbol: เอีย.,เอีย,,ia,"[""ia""]",,ia,ia,,
l12_vowel_17_mcq,1.2,multiple_choice,vowel_sound,מה הצליל של סימן התנועה התאילנדי? Thai vowel symbol / סימן תנועה: เอือ.,What sound does this Thai vowel symbol make? Symbol: เอือ.,เอือ,"[""o"", ""eua"", ""ai"", ""ia""]",eua,,,eua,eua,,spacing_plus_frame
l12_vowel_17_typing,1.2,typing,vowel_sound,כתוב את הצליל באנגלית. Thai vowel symbol / סימן תנועה: เอือ.,Type the sound in English. Symbol: เอือ.,เอือ,,eua,"[""eua""]",,eua,eua,,
l12_vowel_18_mcq,1.2,multiple_choice,vowel_sound,מה הצליל של סימן התנועה התאילנדי? Thai vowel symbol / סימן תנועה: อัว.,What sound does this Thai vowel symbol make? Symbol: อัว.,อัว,"[""ai"", ""oo"", ""ua"", ""u""]",ua,,,ua,ua,,spacing_plus_frame
l12_vowel_18_typing,1.2,typing,vowel_sound,כתוב את הצליל באנגלית. Thai vowel symbol / סימן תנועה: อัว.,Type the sound in English. Symbol: อัว.,อัว,,ua,"[""ua""]",,ua,ua,,
vocab_0001_choose_thai_mcq,3,multiple_choice,vocab_translit_to_thai,בחר את הכתב התאילנדי עבור: sam¹-kan¹ = חשוב / important.,Choose the Thai script for: sam¹-kan¹ = important / חשוב.,,"[""ส้ม"", ""กินอะไร"", ""โกรธ"", ""สำคัญ""]",สำคัญ,,sam¹-kan¹,חשוב,important,medium_normalized_match,spacing_plus_frame
vocab_0001_write_thai,3,typing,vocab_write_thai,כתוב בתאית: sam¹-kan¹ = חשוב / important.,Type in Thai: sam¹-kan¹ = important / חשוב.,,,สำคัญ,"[""สำคัญ""]",sam¹-kan¹,חשוב,important,medium_normalized_match,
vocab_0001_meaning_mcq,3,multiple_choice,vocab_meaning,מה הפירוש של สำคัญ / sam¹-kan¹?,What does สำคัญ / sam¹-kan¹ mean?,สำคัญ,"[""לא יודע"", ""איזו שפה אתה מדבר?"", ""חשוב"", ""מספיק / לא מספיק""]",חשוב,,sam¹-kan¹,חשוב,important,medium_normalized_match,spacing_plus_frame
vocab_0002_choose_thai_mcq,3,multiple_choice,vocab_translit_to_thai,בחר את הכתב התאילנדי עבור: kha-num¹ = חטיף / snack.,Choose the Thai script for: kha-num¹ = snack / חטיף.,,"[""ไม่ต้อง"", ""น้ำตาล"", ""หลง"", ""ขนม""]",ขนม,,kha-num¹,חטיף,snack,medium_normalized_match,spacing_plus_frame
vocab_0002_write_thai,3,typing,vocab_write_thai,כתוב בתאית: kha-num¹ = חטיף / snack.,Type in Thai: kha-num¹ = snack / חטיף.,,,ขนม,"[""ขนม""]",kha-num¹,חטיף,snack,medium_normalized_match,
vocab_0002_meaning_mcq,3,multiple_choice,vocab_meaning,מה הפירוש של ขนม / kha-num¹?,What does ขนม / kha-num¹ mean?,ขนม,"[""כינוי"", ""דקה"", ""חטיף"", ""כולם""]",חטיף,,kha-num¹,חטיף,snack,medium_normalized_match,spacing_plus_frame
vocab_0003_choose_thai_mcq,2,multiple_choice,vocab_translit_to_thai,בחר את הכתב התאילנדי עבור: wii¹ = אשכול בננות / banana bunch / comb (review context).,Choose the Thai script for: wii¹ = banana bunch / comb (review context) / אשכול בננות.,,"[""หวี"", ""มอเตอร์ไซค์"", ""โมโห"", ""พูดไทยได้ไหม""]",หวี,,wii¹,אשכול בננות,banana bunch / comb (review context),high,spacing_plus_frame
vocab_0003_write_thai,2,typing,vocab_write_thai,כתוב בתאית: wii¹ = אשכול בננות / banana bunch / comb (review context).,Type in Thai: wii¹ = banana bunch / comb (review context) / אשכול בננות.,,,หวี,"[""หวี""]",wii¹,אשכול בננות,banana bunch / comb (review context),high,
vocab_0003_meaning_mcq,2,multiple_choice,vocab_meaning,מה הפירוש של หวี / wii¹?,What does หวี / wii¹ mean?,หวี,"[""שתיים"", ""אשכול בננות"", ""רחוק (טון גבוה)"", ""לראות / לחפש""]",אשכול בננות,,wii¹,אשכול בננות,banana bunch / comb (review context),high,spacing_plus_frame
vocab_0004_choose_thai_mcq,3,multiple_choice,vocab_translit_to_thai,בחר את הכתב התאילנדי עבור: ma¹-krap = אני כאן / I am here (male polite).,Choose the Thai script for: ma¹-krap = I am here (male polite) / אני כאן.,,"[""เอา"", ""มาครับ"", ""หก"", ""รวม""]",มาครับ,,ma¹-krap,אני כאן,I am here (male polite),medium_normalized_match,spacing_plus_frame
vocab_0004_write_thai,3,typing,vocab_write_thai,כתוב בתאית: ma¹-krap = אני כאן / I am here (male polite).,Type in Thai: ma¹-krap = I am here (male polite) / אני כאן.,,,มาครับ,"[""มาครับ""]",ma¹-krap,אני כאן,I am here (male polite),medium_normalized_match,
vocab_0004_meaning_mcq,3,multiple_choice,vocab_meaning,מה הפירוש של มาครับ / ma¹-krap?,What does มาครับ / ma¹-krap mean?,มาครับ,"[""אז מה?"", ""בודד"", ""גבר / זכר"", ""אני כאן""]",אני כאן,,ma¹-krap,אני כאן,I am here (male polite),medium_normalized_match,spacing_plus_frame
vocab_0005_choose_thai_mcq,2,multiple_choice,vocab_translit_to_thai,בחר את הכתב התאילנדי עבור: waai³ = לחלוק כבוד / wai greeting / pay respect.,Choose the Thai script for: waai³ = wai greeting / pay respect / לחלוק כבוד.,,"[""อิจฉา"", ""ไหว้"", ""ภาษา"", ""มั่นใจ""]",ไหว้,,waai³,לחלוק כבוד,wai greeting / pay respect,high,spacing_plus_frame
vocab_0005_write_thai,2,typing,vocab_write_thai,כתוב בתאית: waai³ = לחלוק כבוד / wai greeting / pay respect.,Type in Thai: waai³ = wai greeting / pay respect / לחלוק כבוד.,,,ไหว้,"[""ไหว้""]",waai³,לחלוק כבוד,wai greeting / pay respect,high,
vocab_0005_meaning_mcq,2,multiple_choice,vocab_meaning,מה הפירוש של ไหว้ / waai³?,What does ไหว้ / waai³ mean?,ไหว้,"[""פה"", ""לחלוק כבוד"", ""הכל נגמר / אזל"", ""אשכול בננות""]",לחלוק כבוד,,waai³,לחלוק כבוד,wai greeting / pay respect,high,spacing_plus_frame
vocab_0006_choose_thai_mcq,2,multiple_choice,vocab_translit_to_thai,בחר את הכתב התאילנדי עבור: nam¹ = מים / water.,Choose the Thai script for: nam¹ = water / מים.,,"[""น้ำ"", ""สมอง"", ""ยินดี"", ""กุ้ง""]",น้ำ,,nam¹,מים,water,high,spacing_plus_frame
vocab_0006_write_thai,2,typing,vocab_write_thai,כתוב בתאית: nam¹ = מים / water.,Type in Thai: nam¹ = water / מים.,,,น้ำ,"[""น้ำ""]",nam¹,מים,water,high,
vocab_0006_meaning_mcq,2,multiple_choice,vocab_meaning,מה הפירוש של น้ำ / nam¹?,What does น้ำ / nam¹ mean?,น้ำ,"[""נכון?"", ""מים"", ""לכתוב"", ""על (מעל)""]",מים,,nam¹,מים,water,high,spacing_plus_frame
vocab_0007_choose_thai_mcq,3,multiple_choice,vocab_translit_to_thai,בחר את הכתב התאילנדי עבור: bpaag²-gaa¹ = עט / pen.,Choose the Thai script for: bpaag²-gaa¹ = pen / עט.,,"[""เรียน"", ""ค่าย"", ""รอ"", ""ปากกา""]",ปากกา,,bpaag²-gaa¹,עט,pen,medium_normalized_match,spacing_plus_frame
vocab_0007_write_thai,3,typing,vocab_write_thai,כתוב בתאית: bpaag²-gaa¹ = עט / pen.,Type in Thai: bpaag²-gaa¹ = pen / עט.,,,ปากกา,"[""ปากกา""]",bpaag²-gaa¹,עט,pen,medium_normalized_match,
vocab_0007_meaning_mcq,3,multiple_choice,vocab_meaning,מה הפירוש של ปากกา / bpaag²-gaa¹?,What does ปากกา / bpaag²-gaa¹ mean?,ปากกา,"[""להרביץ לכלב"", ""עט"", ""תפל"", ""חמוד""]",עט,,bpaag²-gaa¹,עט,pen,medium_normalized_match,spacing_plus_frame
vocab_0008_choose_thai_mcq,2,multiple_choice,vocab_translit_to_thai,בחר את הכתב התאילנדי עבור: bpaag² = פה / מקור / mouth / beak.,Choose the Thai script for: bpaag² = mouth / beak / פה / מקור.,,"[""ซื้อ"", ""ผอม"", ""น่าสงสาร"", ""ปาก""]",ปาก,,bpaag²,פה / מקור,mouth / beak,high,spacing_plus_frame
vocab_0008_write_thai,2,typing,vocab_write_thai,כתוב בתאית: bpaag² = פה / מקור / mouth / beak.,Type in Thai: bpaag² = mouth / beak / פה / מקור.,,,ปาก,"[""ปาก""]",bpaag²,פה / מקור,mouth / beak,high,
vocab_0008_meaning_mcq,2,multiple_choice,vocab_meaning,מה הפירוש של ปาก / bpaag²?,What does ปาก / bpaag² mean?,ปาก,"[""על (מעל)"", ""לבכות"", ""פה / מקור"", ""שש""]",פה / מקור,,bpaag²,פה / מקור,mouth / beak,high,spacing_plus_frame
vocab_0009_choose_thai_mcq,2,multiple_choice,vocab_translit_to_thai,בחר את הכתב התאילנדי עבור: gaa¹ = עורב / crow.,Choose the Thai script for: gaa¹ = crow / עורב.,,"[""ผัก"", ""กับ"", ""รู้"", ""กา""]",กา,,gaa¹,עורב,crow,high,spacing_plus_frame
vocab_0009_write_thai,2,typing,vocab_write_thai,כתוב בתאית: gaa¹ = עורב / crow.,Type in Thai: gaa¹ = crow / עורב.,,,กา,"[""กา""]",gaa¹,עורב,crow,high,
vocab_0009_meaning_mcq,2,multiple_choice,vocab_meaning,מה הפירוש של กา / gaa¹?,What does กา / gaa¹ mean?,กา,"[""מכונית"", ""צהריים"", ""עורב"", ""בגלל ש...""]",עורב,,gaa¹,עורב,crow,high,spacing_plus_frame
vocab_0010_choose_thai_mcq,3,multiple_choice,vocab_translit_to_thai,בחר את הכתב התאילנדי עבור: waai³-nam¹ = לשחות / swim.,Choose the Thai script for: waai³-nam¹ = swim / לשחות.,,"[""ว่ายน้ำ"", ""ทุกคน"", ""รู้"", ""ยืน""]",ว่ายน้ำ,,waai³-nam¹,לשחות,swim,medium_normalized_match,spacing_plus_frame
vocab_0010_write_thai,3,typing,vocab_write_thai,כתוב בתאית: waai³-nam¹ = לשחות / swim.,Type in Thai: waai³-nam¹ = swim / לשחות.,,,ว่ายน้ำ,"[""ว่ายน้ำ""]",waai³-nam¹,לשחות,swim,medium_normalized_match,
vocab_0010_meaning_mcq,3,multiple_choice,vocab_meaning,מה הפירוש של ว่ายน้ำ / waai³-nam¹?,What does ว่ายน้ำ / waai³-nam¹ mean?,ว่ายน้ำ,"[""לשחות"", ""מינוס"", ""מופתע / בהלם"", ""לדבר""]",לשחות,,waai³-nam¹,לשחות,swim,medium_normalized_match,spacing_plus_frame
vocab_0011_choose_thai_mcq,2,multiple_choice,vocab_translit_to_thai,בחר את הכתב התאילנדי עבור: kru¹ = מורה / teacher.,Choose the Thai script for: kru¹ = teacher / מורה.,,"[""ทบทวน"", ""ครู"", ""เท่า"", ""บอกว่า""]",ครู,,kru¹,מורה,teacher,high,spacing_plus_frame
vocab_0011_write_thai,2,typing,vocab_write_thai,כתוב בתאית: kru¹ = מורה / teacher.,Type in Thai: kru¹ = teacher / מורה.,,,ครู,"[""ครู""]",kru¹,מורה,teacher,high,
vocab_0011_meaning_mcq,2,multiple_choice,vocab_meaning,מה הפירוש של ครู / kru¹?,What does ครู / kru¹ mean?,ครู,"[""נתראה"", ""אננס"", ""לעזור"", ""מורה""]",מורה,,kru¹,מורה,teacher,high,spacing_plus_frame
vocab_0012_choose_thai_mcq,5,multiple_choice,vocab_translit_to_thai,בחר את הכתב התאילנדי עבור: kun¹ cheuu³ a-rai¹? = מה השם שלך? / What is your name?.,Choose the Thai script for: kun¹ cheuu³ a-rai¹? = What is your name? / מה השם שלך?.,,"[""คุณชื่ออะไร"", ""เมื่อไร"", ""เปิด"", ""เปรี้ยว""]",คุณชื่ออะไร,,kun¹ cheuu³ a-rai¹?,מה השם שלך?,What is your name?,medium_normalized_match,spacing_plus_frame
vocab_0012_write_thai,5,typing,vocab_write_thai,כתוב בתאית: kun¹ cheuu³ a-rai¹? = מה השם שלך? / What is your name?.,Type in Thai: kun¹ cheuu³ a-rai¹? = What is your name? / מה השם שלך?.,,,คุณชื่ออะไร,"[""คุณชื่ออะไร""]",kun¹ cheuu³ a-rai¹?,מה השם שלך?,What is your name?,medium_normalized_match,
vocab_0012_meaning_mcq,5,multiple_choice,vocab_meaning,מה הפירוש של คุณชื่ออะไร / kun¹ cheuu³ a-rai¹??,What does คุณชื่ออะไร / kun¹ cheuu³ a-rai¹? mean?,คุณชื่ออะไร,"[""יפה"", ""לשחות"", ""מה השם שלך?"", ""סרטן""]",מה השם שלך?,,kun¹ cheuu³ a-rai¹?,מה השם שלך?,What is your name?,medium_normalized_match,spacing_plus_frame
vocab_0013_choose_thai_mcq,4,multiple_choice,vocab_translit_to_thai,בחר את הכתב התאילנדי עבור: pom⁵ cheuu³ (name) = השם שלי הוא... / My name is… (male).,Choose the Thai script for: pom⁵ cheuu³ (name) = My name is… (male) / השם שלי הוא....,,"[""ผมชื่อ…"", ""ขอ"", ""ให้"", ""ตีหมา""]",ผมชื่อ…,,pom⁵ cheuu³ (name),השם שלי הוא...,My name is… (male),high,spacing_plus_frame
vocab_0013_write_thai,4,typing,vocab_write_thai,כתוב בתאית: pom⁵ cheuu³ (name) = השם שלי הוא... / My name is… (male).,Type in Thai: pom⁵ cheuu³ (name) = My name is… (male) / השם שלי הוא....,,,ผมชื่อ…,"[""ผมชื่อ…""]",pom⁵ cheuu³ (name),השם שלי הוא...,My name is… (male),high,
vocab_0013_meaning_mcq,4,multiple_choice,vocab_meaning,מה הפירוש של ผมชื่อ… / pom⁵ cheuu³ (name)?,What does ผมชื่อ… / pom⁵ cheuu³ (name) mean?,ผมชื่อ…,"[""מחנה"", ""עשר"", ""השם שלי הוא..."", ""אלף""]",השם שלי הוא...,,pom⁵ cheuu³ (name),השם שלי הוא...,My name is… (male),high,spacing_plus_frame
vocab_0014_choose_thai_mcq,4,multiple_choice,vocab_translit_to_thai,בחר את הכתב התאילנדי עבור: chan⁵ cheuu³ (name) = השם שלי הוא... / My name is… (female).,Choose the Thai script for: chan⁵ cheuu³ (name) = My name is… (female) / השם שלי הוא....,,"[""หก"", ""บางที"", ""เอาอันนี้"", ""ฉันชื่อ…""]",ฉันชื่อ…,,chan⁵ cheuu³ (name),השם שלי הוא...,My name is… (female),high,spacing_plus_frame
vocab_0014_write_thai,4,typing,vocab_write_thai,כתוב בתאית: chan⁵ cheuu³ (name) = השם שלי הוא... / My name is… (female).,Type in Thai: chan⁵ cheuu³ (name) = My name is… (female) / השם שלי הוא....,,,ฉันชื่อ…,"[""ฉันชื่อ…""]",chan⁵ cheuu³ (name),השם שלי הוא...,My name is… (female),high,
vocab_0014_meaning_mcq,4,multiple_choice,vocab_meaning,מה הפירוש של ฉันชื่อ… / chan⁵ cheuu³ (name)?,What does ฉันชื่อ… / chan⁵ cheuu³ (name) mean?,ฉันชื่อ…,"[""אתה אוהב אותי"", ""השם שלי הוא..."", ""מיליון"", ""לא משנה / אין בעבר""]",השם שלי הוא...,,chan⁵ cheuu³ (name),השם שלי הוא...,My name is… (female),high,spacing_plus_frame
vocab_0015_choose_thai_mcq,2,multiple_choice,vocab_translit_to_thai,בחר את הכתב התאילנדי עבור: maa¹ = לבוא / come.,Choose the Thai script for: maa¹ = come / לבוא.,,"[""มี"", ""มา"", ""สิบเอ็ด"", ""เรือ""]",มา,,maa¹,לבוא,come,high,spacing_plus_frame
vocab_0015_write_thai,2,typing,vocab_write_thai,כתוב בתאית: maa¹ = לבוא / come.,Type in Thai: maa¹ = come / לבוא.,,,มา,"[""มา""]",maa¹,לבוא,come,high,
vocab_0015_meaning_mcq,2,multiple_choice,vocab_meaning,מה הפירוש של มา / maa¹?,What does มา / maa¹ mean?,มา,"[""הכל נגמר / אזל"", ""לבוא"", ""שבע"", ""קצת""]",לבוא,,maa¹,לבוא,come,high,spacing_plus_frame
vocab_0016_choose_thai_mcq,2,multiple_choice,vocab_translit_to_thai,בחר את הכתב התאילנדי עבור: bpai¹ = ללכת / go.,Choose the Thai script for: bpai¹ = go / ללכת.,,"[""รู้"", ""ใหญ่"", ""ไป"", ""น้ำ""]",ไป,,bpai¹,ללכת,go,high,spacing_plus_frame
vocab_0016_write_thai,2,typing,vocab_write_thai,כתוב בתאית: bpai¹ = ללכת / go.,Type in Thai: bpai¹ = go / ללכת.,,,ไป,"[""ไป""]",bpai¹,ללכת,go,high,
vocab_0016_meaning_mcq,2,multiple_choice,vocab_meaning,מה הפירוש של ไป / bpai¹?,What does ไป / bpai¹ mean?,ไป,"[""פירות ים"", ""ללכת"", ""עדיין לא יודע"", ""אחת עשרה""]",ללכת,,bpai¹,ללכת,go,high,spacing_plus_frame
vocab_0017_choose_thai_mcq,2,multiple_choice,vocab_translit_to_thai,בחר את הכתב התאילנדי עבור: yuu² = להיות / לגור / be / live / stay.,Choose the Thai script for: yuu² = be / live / stay / להיות / לגור.,,"[""ไปไหน"", ""แปด"", ""อยู่"", ""ผัด""]",อยู่,,yuu²,להיות / לגור,be / live / stay,high,spacing_plus_frame
vocab_0017_write_thai,2,typing,vocab_write_thai,כתוב בתאית: yuu² = להיות / לגור / be / live / stay.,Type in Thai: yuu² = be / live / stay / להיות / לגור.,,,อยู่,"[""อยู่""]",yuu²,להיות / לגור,be / live / stay,high,
vocab_0017_meaning_mcq,2,multiple_choice,vocab_meaning,מה הפירוש של อยู่ / yuu²?,What does อยู่ / yuu² mean?,อยู่,"[""צמא"", ""להזיע"", ""להיות / לגור"", ""מי (או מי זה)""]",להיות / לגור,,yuu²,להיות / לגור,be / live / stay,high,spacing_plus_frame
vocab_0018_choose_thai_mcq,2,multiple_choice,vocab_translit_to_thai,בחר את הכתב התאילנדי עבור: thong³ = בטן / belly.,Choose the Thai script for: thong³ = belly / בטן.,,"[""ท้อง"", ""จำ"", ""บาง"", ""จาก""]",ท้อง,,thong³,בטן,belly,high,spacing_plus_frame
vocab_0018_write_thai,2,typing,vocab_write_thai,כתוב בתאית: thong³ = בטן / belly.,Type in Thai: thong³ = belly / בטן.,,,ท้อง,"[""ท้อง""]",thong³,בטן,belly,high,
vocab_0018_meaning_mcq,2,multiple_choice,vocab_meaning,מה הפירוש של ท้อง / thong³?,What does ท้อง / thong³ mean?,ท้อง,"[""ערימה"", ""בטן"", ""פה / מקור"", ""שתיים""]",בטן,,thong³,בטן,belly,high,spacing_plus_frame
vocab_0019_choose_thai_mcq,2,multiple_choice,vocab_translit_to_thai,בחר את הכתב התאילנדי עבור: hin⁵ = אבן / stone.,Choose the Thai script for: hin⁵ = stone / אבן.,,"[""ตอนกลางคืน"", ""ไม่เข้าใจ"", ""ช่วย"", ""หิน""]",หิน,,hin⁵,אבן,stone,high,spacing_plus_frame
vocab_0019_write_thai,2,typing,vocab_write_thai,כתוב בתאית: hin⁵ = אבן / stone.,Type in Thai: hin⁵ = stone / אבן.,,,หิน,"[""หิน""]",hin⁵,אבן,stone,high,
vocab_0019_meaning_mcq,2,multiple_choice,vocab_meaning,מה הפירוש של หิน / hin⁵?,What does หิน / hin⁵ mean?,หิน,"[""אין מצב / אין סיכוי"", ""להקשיב"", ""שם אמיתי"", ""אבן""]",אבן,,hin⁵,אבן,stone,high,spacing_plus_frame
vocab_0020_choose_thai_mcq,2,multiple_choice,vocab_translit_to_thai,בחר את הכתב התאילנדי עבור: kong¹ = ערימה / pile.,Choose the Thai script for: kong¹ = pile / ערימה.,,"[""หมอ"", ""กอง"", ""เข้า"", ""กี่โมง""]",กอง,,kong¹,ערימה,pile,high,spacing_plus_frame
vocab_0020_write_thai,2,typing,vocab_write_thai,כתוב בתאית: kong¹ = ערימה / pile.,Type in Thai: kong¹ = pile / ערימה.,,,กอง,"[""กอง""]",kong¹,ערימה,pile,high,
vocab_0020_meaning_mcq,2,multiple_choice,vocab_meaning,מה הפירוש של กอง / kong¹?,What does กอง / kong¹ mean?,กอง,"[""ערימה"", ""חם"", ""קרח"", ""אף פעם לא""]",ערימה,,kong¹,ערימה,pile,high,spacing_plus_frame
vocab_0021_choose_thai_mcq,4,multiple_choice,vocab_translit_to_thai,בחר את הכתב התאילנדי עבור: pom⁵ yuu² (place) = אני גר ב... / I live/stay in….,Choose the Thai script for: pom⁵ yuu² (place) = I live/stay in… / אני גר ב....,,"[""ผมอยู่…"", ""รถเมล์"", ""อย่างไร"", ""สี่""]",ผมอยู่…,,pom⁵ yuu² (place),אני גר ב...,I live/stay in…,high,spacing_plus_frame
vocab_0021_write_thai,4,typing,vocab_write_thai,כתוב בתאית: pom⁵ yuu² (place) = אני גר ב... / I live/stay in….,Type in Thai: pom⁵ yuu² (place) = I live/stay in… / אני גר ב....,,,ผมอยู่…,"[""ผมอยู่…""]",pom⁵ yuu² (place),אני גר ב...,I live/stay in…,high,
vocab_0021_meaning_mcq,4,multiple_choice,vocab_meaning,מה הפירוש של ผมอยู่… / pom⁵ yuu² (place)?,What does ผมอยู่… / pom⁵ yuu² (place) mean?,ผมอยู่…,"[""שרימפס"", ""לחשוב ש..."", ""אני גר ב..."", ""לחכות""]",אני גר ב...,,pom⁵ yuu² (place),אני גר ב...,I live/stay in…,high,spacing_plus_frame
vocab_0022_choose_thai_mcq,2,multiple_choice,vocab_translit_to_thai,בחר את הכתב התאילנדי עבור: waan⁵ = מתוק / sweet.,Choose the Thai script for: waan⁵ = sweet / מתוק.,,"[""ต้อง"", ""อะไร"", ""โรงพัก"", ""หวาน""]",หวาน,,waan⁵,מתוק,sweet,high,spacing_plus_frame
vocab_0022_write_thai,2,typing,vocab_write_thai,כתוב בתאית: waan⁵ = מתוק / sweet.,Type in Thai: waan⁵ = sweet / מתוק.,,,หวาน,"[""หวาน""]",waan⁵,מתוק,sweet,high,
vocab_0022_meaning_mcq,2,multiple_choice,vocab_meaning,מה הפירוש של หวาน / waan⁵?,What does หวาน / waan⁵ mean?,หวาน,"[""אחת עשרה"", ""מתוק"", ""נמוך"", ""חטיף""]",מתוק,,waan⁵,מתוק,sweet,high,spacing_plus_frame
vocab_0023_choose_thai_mcq,2,multiple_choice,vocab_translit_to_thai,בחר את הכתב התאילנדי עבור: kaai³ = מחנה / camp.,Choose the Thai script for: kaai³ = camp / מחנה.,,"[""ตอนกลางคืน"", ""ค่าย"", ""มัน"", ""ชื่อเล่น""]",ค่าย,,kaai³,מחנה,camp,high_context_disambiguated,spacing_plus_frame
vocab_0023_write_thai,2,typing,vocab_write_thai,כתוב בתאית: kaai³ = מחנה / camp.,Type in Thai: kaai³ = camp / מחנה.,,,ค่าย,"[""ค่าย""]",kaai³,מחנה,camp,high_context_disambiguated,
vocab_0023_meaning_mcq,2,multiple_choice,vocab_meaning,מה הפירוש של ค่าย / kaai³?,What does ค่าย / kaai³ mean?,ค่าย,"[""מחנה"", ""להיות / לדעת לעשות"", ""מטבח"", ""חשוב""]",מחנה,,kaai³,מחנה,camp,high_context_disambiguated,spacing_plus_frame
vocab_0024_choose_thai_mcq,2,multiple_choice,vocab_translit_to_thai,בחר את הכתב התאילנדי עבור: chaa¹ = תה / tea.,Choose the Thai script for: chaa¹ = tea / תה.,,"[""ชา"", ""เคย"", ""ไม่เข้าใจ"", ""แสน""]",ชา,,chaa¹,תה,tea,high,spacing_plus_frame
vocab_0024_write_thai,2,typing,vocab_write_thai,כתוב בתאית: chaa¹ = תה / tea.,Type in Thai: chaa¹ = tea / תה.,,,ชา,"[""ชา""]",chaa¹,תה,tea,high,
vocab_0024_meaning_mcq,2,multiple_choice,vocab_meaning,מה הפירוש של ชา / chaa¹?,What does ชา / chaa¹ mean?,ชา,"[""אני אוהב/ת אותך"", ""אתה אוהב אותי"", ""תה"", ""תשע""]",תה,,chaa¹,תה,tea,high,spacing_plus_frame
vocab_0025_choose_thai_mcq,5,multiple_choice,vocab_translit_to_thai,בחר את הכתב התאילנדי עבור: a-rai¹ = מה? / what.,Choose the Thai script for: a-rai¹ = what / מה?.,,"[""คุณชื่ออะไร"", ""ผลไม้"", ""อะไร"", ""กลับ""]",อะไร,,a-rai¹,מה?,what,medium_normalized_match,spacing_plus_frame
vocab_0025_write_thai,5,typing,vocab_write_thai,כתוב בתאית: a-rai¹ = מה? / what.,Type in Thai: a-rai¹ = what / מה?.,,,อะไร,"[""อะไร""]",a-rai¹,מה?,what,medium_normalized_match,
vocab_0025_meaning_mcq,5,multiple_choice,vocab_meaning,מה הפירוש של อะไร / a-rai¹?,What does อะไร / a-rai¹ mean?,อะไร,"[""מילת עתיד"", ""מה?"", ""מעצבן"", ""המלך""]",מה?,,a-rai¹,מה?,what,medium_normalized_match,spacing_plus_frame
vocab_0026_choose_thai_mcq,2,multiple_choice,vocab_translit_to_thai,בחר את הכתב התאילנדי עבור: deuum² = לשתות / drink.,Choose the Thai script for: deuum² = drink / לשתות.,,"[""ฟัง"", ""จืด"", ""ดื่ม"", ""ที่นี่""]",ดื่ม,,deuum²,לשתות,drink,high,spacing_plus_frame
vocab_0026_write_thai,2,typing,vocab_write_thai,כתוב בתאית: deuum² = לשתות / drink.,Type in Thai: deuum² = drink / לשתות.,,,ดื่ม,"[""ดื่ม""]",deuum²,לשתות,drink,high,
vocab_0026_meaning_mcq,2,multiple_choice,vocab_meaning,מה הפירוש של ดื่ม / deuum²?,What does ดื่ม / deuum² mean?,ดื่ม,"[""לתת / עבור"", ""מחנה"", ""מי (או מי זה)"", ""לשתות""]",לשתות,,deuum²,לשתות,drink,high,spacing_plus_frame
vocab_0027_choose_thai_mcq,2,multiple_choice,vocab_translit_to_thai,בחר את הכתב התאילנדי עבור: baan³ = בית / house / home.,Choose the Thai script for: baan³ = house / home / בית.,,"[""เที่ยว"", ""บ้าน"", ""พ่อแม่"", ""อิจฉา""]",บ้าน,,baan³,בית,house / home,high,spacing_plus_frame
vocab_0027_write_thai,2,typing,vocab_write_thai,כתוב בתאית: baan³ = בית / house / home.,Type in Thai: baan³ = house / home / בית.,,,บ้าน,"[""บ้าน""]",baan³,בית,house / home,high,
vocab_0027_meaning_mcq,2,multiple_choice,vocab_meaning,מה הפירוש של บ้าน / baan³?,What does บ้าน / baan³ mean?,บ้าน,"[""מילת עתיד"", ""בית"", ""מתוק"", ""ללכת""]",בית,,baan³,בית,house / home,high,spacing_plus_frame
vocab_0028_choose_thai_mcq,2,multiple_choice,vocab_translit_to_thai,בחר את הכתב התאילנדי עבור: dtai³ = דרום / מתחת / south / under.,Choose the Thai script for: dtai³ = south / under / דרום / מתחת.,,"[""ไก่"", ""ใต้"", ""ผอม"", ""คน""]",ใต้,,dtai³,דרום / מתחת,south / under,high,spacing_plus_frame
vocab_0028_write_thai,2,typing,vocab_write_thai,כתוב בתאית: dtai³ = דרום / מתחת / south / under.,Type in Thai: dtai³ = south / under / דרום / מתחת.,,,ใต้,"[""ใต้""]",dtai³,דרום / מתחת,south / under,high,
vocab_0028_meaning_mcq,2,multiple_choice,vocab_meaning,מה הפירוש של ใต้ / dtai³?,What does ใต้ / dtai³ mean?,ใต้,"[""איך"", ""חלק מהימים"", ""דרום / מתחת"", ""בטוח""]",דרום / מתחת,,dtai³,דרום / מתחת,south / under,high,spacing_plus_frame
vocab_0029_choose_thai_mcq,2,multiple_choice,vocab_translit_to_thai,בחר את הכתב התאילנדי עבור: rawn¹ = חם / hot.,Choose the Thai script for: rawn¹ = hot / חם.,,"[""เล็ก"", ""ร้อน"", ""เงิน"", ""ขนม""]",ร้อน,,rawn¹,חם,hot,high,spacing_plus_frame
vocab_0029_write_thai,2,typing,vocab_write_thai,כתוב בתאית: rawn¹ = חם / hot.,Type in Thai: rawn¹ = hot / חם.,,,ร้อน,"[""ร้อน""]",rawn¹,חם,hot,high,
vocab_0029_meaning_mcq,2,multiple_choice,vocab_meaning,מה הפירוש של ร้อน / rawn¹?,What does ร้อน / rawn¹ mean?,ร้อน,"[""שלוש"", ""חם"", ""מובן"", ""לעבוד""]",חם,,rawn¹,חם,hot,high,spacing_plus_frame
vocab_0030_choose_thai_mcq,5,multiple_choice,vocab_translit_to_thai,בחר את הכתב התאילנדי עבור: mai¹? = מילת שאלה (כן/לא) / not / no.,Choose the Thai script for: mai¹? = not / no / מילת שאלה (כן/לא).,,"[""ดีใจ"", ""วันนี้"", ""ไม่ต้องห่วง"", ""ไม่""]",ไม่,,mai¹?,מילת שאלה (כן/לא),not / no,high_context_disambiguated,spacing_plus_frame
vocab_0030_write_thai,5,typing,vocab_write_thai,כתוב בתאית: mai¹? = מילת שאלה (כן/לא) / not / no.,Type in Thai: mai¹? = not / no / מילת שאלה (כן/לא).,,,ไม่,"[""ไม่""]",mai¹?,מילת שאלה (כן/לא),not / no,high_context_disambiguated,
vocab_0030_meaning_mcq,5,multiple_choice,vocab_meaning,מה הפירוש של ไม่ / mai¹??,What does ไม่ / mai¹? mean?,ไม่,"[""יציאה,החוצה"", ""מילת שאלה (כן/לא)"", ""העונה הקרה"", ""הבנתי כבר""]",מילת שאלה (כן/לא),,mai¹?,מילת שאלה (כן/לא),not / no,high_context_disambiguated,spacing_plus_frame
vocab_0031_choose_thai_mcq,5,multiple_choice,vocab_translit_to_thai,בחר את הכתב התאילנדי עבור: chai³ mai¹? = נכון? / right? / correct?.,Choose the Thai script for: chai³ mai¹? = right? / correct? / נכון?.,,"[""ทำ"", ""ใช่ไหม"", ""อีก"", ""เพิ่ม""]",ใช่ไหม,,chai³ mai¹?,נכון?,right? / correct?,high,spacing_plus_frame
vocab_0031_write_thai,5,typing,vocab_write_thai,כתוב בתאית: chai³ mai¹? = נכון? / right? / correct?.,Type in Thai: chai³ mai¹? = right? / correct? / נכון?.,,,ใช่ไหม,"[""ใช่ไหม""]",chai³ mai¹?,נכון?,right? / correct?,high,
vocab_0031_meaning_mcq,5,multiple_choice,vocab_meaning,מה הפירוש של ใช่ไหม / chai³ mai¹??,What does ใช่ไหม / chai³ mai¹? mean?,ใช่ไหม,"[""חוף"", ""נכון?"", ""חדר"", ""פירות ים""]",נכון?,,chai³ mai¹?,נכון?,right? / correct?,high,spacing_plus_frame
vocab_0032_choose_thai_mcq,2,multiple_choice,vocab_translit_to_thai,בחר את הכתב התאילנדי עבור: mai³ = לא / אל / not / no.,Choose the Thai script for: mai³ = not / no / לא / אל.,,"[""ยี่สิบ"", ""ไม่"", ""ด้วยกัน"", ""ไม่เห็นด้วย""]",ไม่,,mai³,לא / אל,not / no,high_context_disambiguated,spacing_plus_frame
vocab_0032_write_thai,2,typing,vocab_write_thai,כתוב בתאית: mai³ = לא / אל / not / no.,Type in Thai: mai³ = not / no / לא / אל.,,,ไม่,"[""ไม่""]",mai³,לא / אל,not / no,high_context_disambiguated,
vocab_0032_meaning_mcq,2,multiple_choice,vocab_meaning,מה הפירוש של ไม่ / mai³?,What does ไม่ / mai³ mean?,ไม่,"[""יחדיו"", ""לא / אל"", ""באמת"", ""קרוב (טון נמוך)""]",לא / אל,,mai³,לא / אל,not / no,high_context_disambiguated,spacing_plus_frame
vocab_0033_choose_thai_mcq,2,multiple_choice,vocab_translit_to_thai,בחר את הכתב התאילנדי עבור: suai⁵ = יפה / beautiful.,Choose the Thai script for: suai⁵ = beautiful / יפה.,,"[""คือ"", ""ตกใจ"", ""สวย"", ""เช่นกัน""]",สวย,,suai⁵,יפה,beautiful,high_context_disambiguated,spacing_plus_frame
vocab_0033_write_thai,2,typing,vocab_write_thai,כתוב בתאית: suai⁵ = יפה / beautiful.,Type in Thai: suai⁵ = beautiful / יפה.,,,สวย,"[""สวย""]",suai⁵,יפה,beautiful,high_context_disambiguated,
vocab_0033_meaning_mcq,2,multiple_choice,vocab_meaning,מה הפירוש של สวย / suai⁵?,What does สวย / suai⁵ mean?,สวย,"[""קרוב (טון נמוך)"", ""עורב"", ""לא מבין"", ""יפה""]",יפה,,suai⁵,יפה,beautiful,high_context_disambiguated,spacing_plus_frame
vocab_0037_choose_thai_mcq,3,multiple_choice,vocab_translit_to_thai,בחר את הכתב התאילנדי עבור: dtii¹ maa¹ = להרביץ לכלב / hit a dog.,Choose the Thai script for: dtii¹ maa¹ = hit a dog / להרביץ לכלב.,,"[""ตีหมา"", ""ต่อ"", ""สิบเอ็ด"", ""ไข่ดาว""]",ตีหมา,,dtii¹ maa¹,להרביץ לכלב,hit a dog,high,spacing_plus_frame
vocab_0037_write_thai,3,typing,vocab_write_thai,כתוב בתאית: dtii¹ maa¹ = להרביץ לכלב / hit a dog.,Type in Thai: dtii¹ maa¹ = hit a dog / להרביץ לכלב.,,,ตีหมา,"[""ตีหมา""]",dtii¹ maa¹,להרביץ לכלב,hit a dog,high,
vocab_0037_meaning_mcq,3,multiple_choice,vocab_meaning,מה הפירוש של ตีหมา / dtii¹ maa¹?,What does ตีหมา / dtii¹ maa¹ mean?,ตีหมา,"[""להרביץ לכלב"", ""לקנא"", ""צ'ילי"", ""שמונה""]",להרביץ לכלב,,dtii¹ maa¹,להרביץ לכלב,hit a dog,high,spacing_plus_frame
vocab_0038_choose_thai_mcq,2,multiple_choice,vocab_translit_to_thai,בחר את הכתב התאילנדי עבור: dtawb² = לענות / answer.,Choose the Thai script for: dtawb² = answer / לענות.,,"[""ขอ"", ""ตอนนี้"", ""ที่ไหน"", ""ตอบ""]",ตอบ,,dtawb²,לענות,answer,high,spacing_plus_frame
vocab_0038_write_thai,2,typing,vocab_write_thai,כתוב בתאית: dtawb² = לענות / answer.,Type in Thai: dtawb² = answer / לענות.,,,ตอบ,"[""ตอบ""]",dtawb²,לענות,answer,high,
vocab_0038_meaning_mcq,2,multiple_choice,vocab_meaning,מה הפירוש של ตอบ / dtawb²?,What does ตอบ / dtawb² mean?,ตอบ,"[""השם שלי הוא..."", ""מספיק / לא מספיק"", ""חטיף"", ""לענות""]",לענות,,dtawb²,לענות,answer,high,spacing_plus_frame
vocab_0039_choose_thai_mcq,2,multiple_choice,vocab_translit_to_thai,בחר את הכתב התאילנדי עבור: nguu¹ = נחש / snake.,Choose the Thai script for: nguu¹ = snake / נחש.,,"[""น้ำแข็ง"", ""พริก"", ""กลับบ้าน"", ""งู""]",งู,,nguu¹,נחש,snake,high,spacing_plus_frame
vocab_0039_write_thai,2,typing,vocab_write_thai,כתוב בתאית: nguu¹ = נחש / snake.,Type in Thai: nguu¹ = snake / נחש.,,,งู,"[""งู""]",nguu¹,נחש,snake,high,
vocab_0039_meaning_mcq,2,multiple_choice,vocab_meaning,מה הפירוש של งู / nguu¹?,What does งู / nguu¹ mean?,งู,"[""נחש"", ""בהצלחה"", ""ברוך הבא"", ""חריף""]",נחש,,nguu¹,נחש,snake,high,spacing_plus_frame
vocab_0040_choose_thai_mcq,2,multiple_choice,vocab_translit_to_thai,בחר את הכתב התאילנדי עבור: ngoen¹ = כסף / money.,Choose the Thai script for: ngoen¹ = money / כסף.,,"[""เงิน"", ""ยินดี"", ""ทุกอย่าง"", ""มะม่วง""]",เงิน,,ngoen¹,כסף,money,high,spacing_plus_frame
vocab_0040_write_thai,2,typing,vocab_write_thai,כתוב בתאית: ngoen¹ = כסף / money.,Type in Thai: ngoen¹ = money / כסף.,,,เงิน,"[""เงิน""]",ngoen¹,כסף,money,high,
vocab_0040_meaning_mcq,2,multiple_choice,vocab_meaning,מה הפירוש של เงิน / ngoen¹?,What does เงิน / ngoen¹ mean?,เงิน,"[""להרביץ לכלב"", ""שלוש"", ""לחם"", ""כסף""]",כסף,,ngoen¹,כסף,money,high,spacing_plus_frame
vocab_0041_choose_thai_mcq,2,multiple_choice,vocab_translit_to_thai,בחר את הכתב התאילנדי עבור: ngaan¹ = עבודה / work / job.,Choose the Thai script for: ngaan¹ = work / job / עבודה.,,"[""พัน"", ""งาน"", ""รถ"", ""สวัสดี""]",งาน,,ngaan¹,עבודה,work / job,high,spacing_plus_frame
vocab_0041_write_thai,2,typing,vocab_write_thai,כתוב בתאית: ngaan¹ = עבודה / work / job.,Type in Thai: ngaan¹ = work / job / עבודה.,,,งาน,"[""งาน""]",ngaan¹,עבודה,work / job,high,
vocab_0041_meaning_mcq,2,multiple_choice,vocab_meaning,מה הפירוש של งาน / ngaan¹?,What does งาน / ngaan¹ mean?,งาน,"[""עונת הגשמים"", ""עבודה"", ""בית"", ""אני לא מבין / לא קולט""]",עבודה,,ngaan¹,עבודה,work / job,high,spacing_plus_frame
vocab_0042_choose_thai_mcq,2,multiple_choice,vocab_translit_to_thai,בחר את הכתב התאילנדי עבור: mii¹ = יש / have / there is.,Choose the Thai script for: mii¹ = have / there is / יש.,,"[""เดิน"", ""เผ็ด"", ""มี"", ""ขาย""]",มี,,mii¹,יש,have / there is,high,spacing_plus_frame
vocab_0042_write_thai,2,typing,vocab_write_thai,כתוב בתאית: mii¹ = יש / have / there is.,Type in Thai: mii¹ = have / there is / יש.,,,มี,"[""มี""]",mii¹,יש,have / there is,high,
vocab_0042_meaning_mcq,2,multiple_choice,vocab_meaning,מה הפירוש של มี / mii¹?,What does มี / mii¹ mean?,มี,"[""יש"", ""לבוא"", ""קוקוס"", ""אי פעם""]",יש,,mii¹,יש,have / there is,high,spacing_plus_frame
vocab_0043_choose_thai_mcq,3,multiple_choice,vocab_translit_to_thai,בחר את הכתב התאילנדי עבור: tam¹-ngaan¹ = לעבוד / work.,Choose the Thai script for: tam¹-ngaan¹ = work / לעבוד.,,"[""ดื่ม"", ""ทำงาน"", ""อ้วน"", ""นม""]",ทำงาน,,tam¹-ngaan¹,לעבוד,work,medium_normalized_match,spacing_plus_frame
vocab_0043_write_thai,3,typing,vocab_write_thai,כתוב בתאית: tam¹-ngaan¹ = לעבוד / work.,Type in Thai: tam¹-ngaan¹ = work / לעבוד.,,,ทำงาน,"[""ทำงาน""]",tam¹-ngaan¹,לעבוד,work,medium_normalized_match,
vocab_0043_meaning_mcq,3,multiple_choice,vocab_meaning,מה הפירוש של ทำงาน / tam¹-ngaan¹?,What does ทำงาน / tam¹-ngaan¹ mean?,ทำงาน,"[""שם משפחה"", ""לעבוד"", ""מסכים"", ""לשתות""]",לעבוד,,tam¹-ngaan¹,לעבוד,work,medium_normalized_match,spacing_plus_frame
vocab_0044_choose_thai_mcq,2,multiple_choice,vocab_translit_to_thai,בחר את הכתב התאילנדי עבור: tam¹ = לעשות / להכין / do / make.,Choose the Thai script for: tam¹ = do / make / לעשות / להכין.,,"[""เหล้า"", ""ทำ"", ""บางที"", ""หน้า""]",ทำ,,tam¹,לעשות / להכין,do / make,high_context_disambiguated,spacing_plus_frame
vocab_0044_write_thai,2,typing,vocab_write_thai,כתוב בתאית: tam¹ = לעשות / להכין / do / make.,Type in Thai: tam¹ = do / make / לעשות / להכין.,,,ทำ,"[""ทำ""]",tam¹,לעשות / להכין,do / make,high_context_disambiguated,
vocab_0044_meaning_mcq,2,multiple_choice,vocab_meaning,מה הפירוש של ทำ / tam¹?,What does ทำ / tam¹ mean?,ทำ,"[""קרח"", ""לעשות / להכין"", ""לא צריך / אין צורך"", ""בוקר""]",לעשות / להכין,,tam¹,לעשות / להכין,do / make,high_context_disambiguated,spacing_plus_frame
vocab_0045_choose_thai_mcq,2,multiple_choice,vocab_translit_to_thai,בחר את הכתב התאילנדי עבור: lang⁵ = חזרת / back / behind / after.,Choose the Thai script for: lang⁵ = back / behind / after / חזרת.,,"[""หลัง"", ""ยืน"", ""ยินดี"", ""ลืม""]",หลัง,,lang⁵,חזרת,back / behind / after,high,spacing_plus_frame
vocab_0045_write_thai,2,typing,vocab_write_thai,כתוב בתאית: lang⁵ = חזרת / back / behind / after.,Type in Thai: lang⁵ = back / behind / after / חזרת.,,,หลัง,"[""หลัง""]",lang⁵,חזרת,back / behind / after,high,
vocab_0045_meaning_mcq,2,multiple_choice,vocab_meaning,מה הפירוש של หลัง / lang⁵?,What does หลัง / lang⁵ mean?,หลัง,"[""לזכור"", ""שם משפחה"", ""חזרת"", ""להריח""]",חזרת,,lang⁵,חזרת,back / behind / after,high,spacing_plus_frame
vocab_0046_choose_thai_mcq,3,multiple_choice,vocab_translit_to_thai,בחר את הכתב התאילנדי עבור: a¹-roi² = טעים / delicious.,Choose the Thai script for: a¹-roi² = delicious / טעים.,,"[""อร่อย"", ""พูดไทยได้ไหม"", ""อ้วน"", ""เรือบิน""]",อร่อย,,a¹-roi²,טעים,delicious,medium_normalized_match,spacing_plus_frame
vocab_0046_write_thai,3,typing,vocab_write_thai,כתוב בתאית: a¹-roi² = טעים / delicious.,Type in Thai: a¹-roi² = delicious / טעים.,,,อร่อย,"[""อร่อย""]",a¹-roi²,טעים,delicious,medium_normalized_match,
vocab_0046_meaning_mcq,3,multiple_choice,vocab_meaning,מה הפירוש של อร่อย / a¹-roi²?,What does อร่อย / a¹-roi² mean?,อร่อย,"[""מוח"", ""טעים"", ""לפעמים"", ""קר""]",טעים,,a¹-roi²,טעים,delicious,medium_normalized_match,spacing_plus_frame
vocab_0047_choose_thai_mcq,3,multiple_choice,vocab_translit_to_thai,בחר את הכתב התאילנדי עבור: nit-noi² = קצת / a little.,Choose the Thai script for: nit-noi² = a little / קצת.,,"[""พ่อแม่"", ""นิดหน่อย"", ""ยังไง"", ""หก""]",นิดหน่อย,,nit-noi²,קצת,a little,medium_normalized_match,spacing_plus_frame
vocab_0047_write_thai,3,typing,vocab_write_thai,כתוב בתאית: nit-noi² = קצת / a little.,Type in Thai: nit-noi² = a little / קצת.,,,นิดหน่อย,"[""นิดหน่อย""]",nit-noi²,קצת,a little,medium_normalized_match,
vocab_0047_meaning_mcq,3,multiple_choice,vocab_meaning,מה הפירוש של นิดหน่อย / nit-noi²?,What does นิดหน่อย / nit-noi² mean?,นิดหน่อย,"[""סרטן"", ""לקנא"", ""קצת"", ""בירה""]",קצת,,nit-noi²,קצת,a little,medium_normalized_match,spacing_plus_frame
vocab_0048_choose_thai_mcq,2,multiple_choice,vocab_translit_to_thai,בחר את הכתב התאילנדי עבור: ja² = מילת עתיד / future marker / will.,Choose the Thai script for: ja² = future marker / will / מילת עתיד.,,"[""เจอกัน"", ""ไม่"", ""จะ"", ""ชิม""]",จะ,,ja²,מילת עתיד,future marker / will,high,spacing_plus_frame
vocab_0048_write_thai,2,typing,vocab_write_thai,כתוב בתאית: ja² = מילת עתיד / future marker / will.,Type in Thai: ja² = future marker / will / מילת עתיד.,,,จะ,"[""จะ""]",ja²,מילת עתיד,future marker / will,high,
vocab_0048_meaning_mcq,2,multiple_choice,vocab_meaning,מה הפירוש של จะ / ja²?,What does จะ / ja² mean?,จะ,"[""להתרגל / פעם..."", ""מילת עתיד"", ""אתה יודע?"", ""חמים,חם""]",מילת עתיד,,ja²,מילת עתיד,future marker / will,high,spacing_plus_frame
vocab_0049_choose_thai_mcq,5,multiple_choice,vocab_translit_to_thai,בחר את הכתב התאילנדי עבור: gin¹ a¹-rai¹? = מה אתה אוכל? / What are you eating?.,Choose the Thai script for: gin¹ a¹-rai¹? = What are you eating? / מה אתה אוכל?.,,"[""หนึ่ง"", ""มะพร้าว"", ""ปู"", ""กินอะไร""]",กินอะไร,,gin¹ a¹-rai¹?,מה אתה אוכל?,What are you eating?,medium_normalized_match,spacing_plus_frame
vocab_0049_write_thai,5,typing,vocab_write_thai,כתוב בתאית: gin¹ a¹-rai¹? = מה אתה אוכל? / What are you eating?.,Type in Thai: gin¹ a¹-rai¹? = What are you eating? / מה אתה אוכל?.,,,กินอะไร,"[""กินอะไร""]",gin¹ a¹-rai¹?,מה אתה אוכל?,What are you eating?,medium_normalized_match,
vocab_0049_meaning_mcq,5,multiple_choice,vocab_meaning,מה הפירוש של กินอะไร / gin¹ a¹-rai¹??,What does กินอะไร / gin¹ a¹-rai¹? mean?,กินอะไร,"[""מה השם שלך?"", ""לא יודע"", ""להיות / לגור"", ""מה אתה אוכל?""]",מה אתה אוכל?,,gin¹ a¹-rai¹?,מה אתה אוכל?,What are you eating?,medium_normalized_match,spacing_plus_frame
vocab_0050_choose_thai_mcq,4,multiple_choice,vocab_translit_to_thai,בחר את הכתב התאילנדי עבור: pom⁵/chan⁵ rak¹ kun¹ = אני אוהב/ת אותך / I love you.,Choose the Thai script for: pom⁵/chan⁵ rak¹ kun¹ = I love you / אני אוהב/ת אותך.,,"[""ผม/ฉันรักคุณ"", ""สำคัญ"", ""จริง ๆ"", ""พระเจ้าอยู่หัว""]",ผม/ฉันรักคุณ,,pom⁵/chan⁵ rak¹ kun¹,אני אוהב/ת אותך,I love you,high,spacing_plus_frame
vocab_0050_write_thai,4,typing,vocab_write_thai,כתוב בתאית: pom⁵/chan⁵ rak¹ kun¹ = אני אוהב/ת אותך / I love you.,Type in Thai: pom⁵/chan⁵ rak¹ kun¹ = I love you / אני אוהב/ת אותך.,,,ผม/ฉันรักคุณ,"[""ผม/ฉันรักคุณ""]",pom⁵/chan⁵ rak¹ kun¹,אני אוהב/ת אותך,I love you,high,
vocab_0050_meaning_mcq,4,multiple_choice,vocab_meaning,מה הפירוש של ผม/ฉันรักคุณ / pom⁵/chan⁵ rak¹ kun¹?,What does ผม/ฉันรักคุณ / pom⁵/chan⁵ rak¹ kun¹ mean?,ผม/ฉันรักคุณ,"[""אני אוהב/ת אותך"", ""סטיקי רייס מנגו"", ""גבוה"", ""אחד""]",אני אוהב/ת אותך,,pom⁵/chan⁵ rak¹ kun¹,אני אוהב/ת אותך,I love you,high,spacing_plus_frame
vocab_0051_choose_thai_mcq,4,multiple_choice,vocab_translit_to_thai,בחר את הכתב התאילנדי עבור: rak¹ kun¹ pom⁵/chan⁵ = אתה אוהב אותי / Do you love me? (review).,Choose the Thai script for: rak¹ kun¹ pom⁵/chan⁵ = Do you love me? (review) / אתה אוהב אותי.,,"[""ทุกที่"", ""ข้าวเหนียวมะม่วง"", ""ร้องไห้"", ""รักผม/ฉันไหม""]",รักผม/ฉันไหม,,rak¹ kun¹ pom⁵/chan⁵,אתה אוהב אותי,Do you love me? (review),high,spacing_plus_frame
vocab_0051_write_thai,4,typing,vocab_write_thai,כתוב בתאית: rak¹ kun¹ pom⁵/chan⁵ = אתה אוהב אותי / Do you love me? (review).,Type in Thai: rak¹ kun¹ pom⁵/chan⁵ = Do you love me? (review) / אתה אוהב אותי.,,,รักผม/ฉันไหม,"[""รักผม/ฉันไหม""]",rak¹ kun¹ pom⁵/chan⁵,אתה אוהב אותי,Do you love me? (review),high,
vocab_0051_meaning_mcq,4,multiple_choice,vocab_meaning,מה הפירוש של รักผม/ฉันไหม / rak¹ kun¹ pom⁵/chan⁵?,What does รักผม/ฉันไหม / rak¹ kun¹ pom⁵/chan⁵ mean?,รักผม/ฉันไหม,"[""אתה אוהב אותי"", ""אתה יודע?"", ""היום"", ""חשוב""]",אתה אוהב אותי,,rak¹ kun¹ pom⁵/chan⁵,אתה אוהב אותי,Do you love me? (review),high,spacing_plus_frame
vocab_0052_choose_thai_mcq,2,multiple_choice,vocab_translit_to_thai,בחר את הכתב התאילנדי עבור: bpoed² = להדליק / לפתוח / open / turn on.,Choose the Thai script for: bpoed² = open / turn on / להדליק / לפתוח.,,"[""อย่างไร"", ""ไม่รู้"", ""สอง"", ""เปิด""]",เปิด,,bpoed²,להדליק / לפתוח,open / turn on,high,spacing_plus_frame
vocab_0052_write_thai,2,typing,vocab_write_thai,כתוב בתאית: bpoed² = להדליק / לפתוח / open / turn on.,Type in Thai: bpoed² = open / turn on / להדליק / לפתוח.,,,เปิด,"[""เปิด""]",bpoed²,להדליק / לפתוח,open / turn on,high,
vocab_0052_meaning_mcq,2,multiple_choice,vocab_meaning,מה הפירוש של เปิด / bpoed²?,What does เปิด / bpoed² mean?,เปิด,"[""ללמוד"", ""לחזור"", ""להדליק / לפתוח"", ""כסף""]",להדליק / לפתוח,,bpoed²,להדליק / לפתוח,open / turn on,high,spacing_plus_frame
vocab_0053_choose_thai_mcq,2,multiple_choice,vocab_translit_to_thai,בחר את הכתב התאילנדי עבור: chawb³ = לאהוב / לחבב / like.,Choose the Thai script for: chawb³ = like / לאהוב / לחבב.,,"[""ชอบ"", ""อีก"", ""สำคัญ"", ""เท่า""]",ชอบ,,chawb³,לאהוב / לחבב,like,high,spacing_plus_frame
vocab_0053_write_thai,2,typing,vocab_write_thai,כתוב בתאית: chawb³ = לאהוב / לחבב / like.,Type in Thai: chawb³ = like / לאהוב / לחבב.,,,ชอบ,"[""ชอบ""]",chawb³,לאהוב / לחבב,like,high,
vocab_0053_meaning_mcq,2,multiple_choice,vocab_meaning,מה הפירוש של ชอบ / chawb³?,What does ชอบ / chawb³ mean?,ชอบ,"[""חריף"", ""עצוב"", ""לאהוב / לחבב"", ""מאה אלף""]",לאהוב / לחבב,,chawb³,לאהוב / לחבב,like,high,spacing_plus_frame
vocab_0054_choose_thai_mcq,3,multiple_choice,vocab_translit_to_thai,בחר את הכתב התאילנדי עבור: rong¹-rian¹ = בית ספר / school.,Choose the Thai script for: rong¹-rian¹ = school / בית ספר.,,"[""ชื่อเล่น"", ""กินข้าว"", ""มา"", ""โรงเรียน""]",โรงเรียน,,rong¹-rian¹,בית ספר,school,medium_normalized_match,spacing_plus_frame
vocab_0054_write_thai,3,typing,vocab_write_thai,כתוב בתאית: rong¹-rian¹ = בית ספר / school.,Type in Thai: rong¹-rian¹ = school / בית ספר.,,,โรงเรียน,"[""โรงเรียน""]",rong¹-rian¹,בית ספר,school,medium_normalized_match,
vocab_0054_meaning_mcq,3,multiple_choice,vocab_meaning,מה הפירוש של โรงเรียน / rong¹-rian¹?,What does โรงเรียน / rong¹-rian¹ mean?,โรงเรียน,"[""חם"", ""מה השם שלך?"", ""יקר"", ""בית ספר""]",בית ספר,,rong¹-rian¹,בית ספר,school,medium_normalized_match,spacing_plus_frame
vocab_0055_choose_thai_mcq,2,multiple_choice,vocab_translit_to_thai,בחר את הכתב התאילנדי עבור: rian¹ = ללמוד / study / learn.,Choose the Thai script for: rian¹ = study / learn / ללמוד.,,"[""แล้วแต่คุณ"", ""หลัง"", ""ห้า"", ""เรียน""]",เรียน,,rian¹,ללמוד,study / learn,high,spacing_plus_frame
vocab_0055_write_thai,2,typing,vocab_write_thai,כתוב בתאית: rian¹ = ללמוד / study / learn.,Type in Thai: rian¹ = study / learn / ללמוד.,,,เรียน,"[""เรียน""]",rian¹,ללמוד,study / learn,high,
vocab_0055_meaning_mcq,2,multiple_choice,vocab_meaning,מה הפירוש של เรียน / rian¹?,What does เรียน / rian¹ mean?,เรียน,"[""לראות / להסתכל"", ""בטן"", ""ללמוד"", ""דבורה,רק""]",ללמוד,,rian¹,ללמוד,study / learn,high,spacing_plus_frame
vocab_0056_choose_thai_mcq,2,multiple_choice,vocab_translit_to_thai,בחר את הכתב התאילנדי עבור: rong¹ = מקום מפגש / building / hall.,Choose the Thai script for: rong¹ = building / hall / מקום מפגש.,,"[""ส้ม"", ""โรง"", ""ขอบคุณ"", ""ทุกที่""]",โรง,,rong¹,מקום מפגש,building / hall,high,spacing_plus_frame
vocab_0056_write_thai,2,typing,vocab_write_thai,כתוב בתאית: rong¹ = מקום מפגש / building / hall.,Type in Thai: rong¹ = building / hall / מקום מפגש.,,,โรง,"[""โรง""]",rong¹,מקום מפגש,building / hall,high,
vocab_0056_meaning_mcq,2,multiple_choice,vocab_meaning,מה הפירוש של โรง / rong¹?,What does โรง / rong¹ mean?,โรง,"[""על מה אתה חושב?"", ""לענות"", ""לטייל / לבלות"", ""מקום מפגש""]",מקום מפגש,,rong¹,מקום מפגש,building / hall,high,spacing_plus_frame
vocab_0057_choose_thai_mcq,3,multiple_choice,vocab_translit_to_thai,בחר את הכתב התאילנדי עבור: kaw⁵-tohd³ = סליחה / sorry / excuse me.,Choose the Thai script for: kaw⁵-tohd³ = sorry / excuse me / סליחה.,,"[""แพง"", ""กลัว"", ""ขอโทษ"", ""ตอนนี้""]",ขอโทษ,,kaw⁵-tohd³,סליחה,sorry / excuse me,medium_normalized_match,spacing_plus_frame
vocab_0057_write_thai,3,typing,vocab_write_thai,כתוב בתאית: kaw⁵-tohd³ = סליחה / sorry / excuse me.,Type in Thai: kaw⁵-tohd³ = sorry / excuse me / סליחה.,,,ขอโทษ,"[""ขอโทษ""]",kaw⁵-tohd³,סליחה,sorry / excuse me,medium_normalized_match,
vocab_0057_meaning_mcq,3,multiple_choice,vocab_meaning,מה הפירוש של ขอโทษ / kaw⁵-tohd³?,What does ขอโทษ / kaw⁵-tohd³ mean?,ขอโทษ,"[""להקשיב"", ""סליחה"", ""סטיקי רייס מנגו"", ""מתי""]",סליחה,,kaw⁵-tohd³,סליחה,sorry / excuse me,medium_normalized_match,spacing_plus_frame
vocab_0058_choose_thai_mcq,2,multiple_choice,vocab_translit_to_thai,בחר את הכתב התאילנדי עבור: khon¹ = אנשים / person / people.,Choose the Thai script for: khon¹ = person / people / אנשים.,,"[""ร้อน"", ""กับ"", ""คน"", ""คิดว่า""]",คน,,khon¹,אנשים,person / people,high,spacing_plus_frame
vocab_0058_write_thai,2,typing,vocab_write_thai,כתוב בתאית: khon¹ = אנשים / person / people.,Type in Thai: khon¹ = person / people / אנשים.,,,คน,"[""คน""]",khon¹,אנשים,person / people,high,
vocab_0058_meaning_mcq,2,multiple_choice,vocab_meaning,מה הפירוש של คน / khon¹?,What does คน / khon¹ mean?,คน,"[""בד / בגד"", ""סיר"", ""אנשים"", ""השם שלי הוא...""]",אנשים,,khon¹,אנשים,person / people,high,spacing_plus_frame
vocab_0059_choose_thai_mcq,2,multiple_choice,vocab_translit_to_thai,בחר את הכתב התאילנדי עבור: kian⁵ = לכתוב / write.,Choose the Thai script for: kian⁵ = write / לכתוב.,,"[""ใช่ไหม"", ""ใจ"", ""ผลไม้"", ""เขียน""]",เขียน,,kian⁵,לכתוב,write,high,spacing_plus_frame
vocab_0059_write_thai,2,typing,vocab_write_thai,כתוב בתאית: kian⁵ = לכתוב / write.,Type in Thai: kian⁵ = write / לכתוב.,,,เขียน,"[""เขียน""]",kian⁵,לכתוב,write,high,
vocab_0059_meaning_mcq,2,multiple_choice,vocab_meaning,מה הפירוש של เขียน / kian⁵?,What does เขียน / kian⁵ mean?,เขียน,"[""לעשות / להכין"", ""לכתוב"", ""אפשר לקבל..."", ""אח/אחות מבוגר/ת""]",לכתוב,,kian⁵,לכתוב,write,high,spacing_plus_frame
vocab_0060_choose_thai_mcq,4,multiple_choice,vocab_translit_to_thai,בחר את הכתב התאילנדי עבור: kaaw³-niaw³ ma¹-muang³ = סטיקי רייס מנגו / mango sticky rice.,Choose the Thai script for: kaaw³-niaw³ ma¹-muang³ = mango sticky rice / סטיקי רייס מנגו.,,"[""ข้าวเหนียวมะม่วง"", ""ตกใจ"", ""อิจฉา"", ""ไม่สนใจ""]",ข้าวเหนียวมะม่วง,,kaaw³-niaw³ ma¹-muang³,סטיקי רייס מנגו,mango sticky rice,medium_normalized_match,spacing_plus_frame
vocab_0060_write_thai,4,typing,vocab_write_thai,כתוב בתאית: kaaw³-niaw³ ma¹-muang³ = סטיקי רייס מנגו / mango sticky rice.,Type in Thai: kaaw³-niaw³ ma¹-muang³ = mango sticky rice / סטיקי רייס מנגו.,,,ข้าวเหนียวมะม่วง,"[""ข้าวเหนียวมะม่วง""]",kaaw³-niaw³ ma¹-muang³,סטיקי רייס מנגו,mango sticky rice,medium_normalized_match,
vocab_0060_meaning_mcq,4,multiple_choice,vocab_meaning,מה הפירוש של ข้าวเหนียวมะม่วง / kaaw³-niaw³ ma¹-muang³?,What does ข้าวเหนียวมะม่วง / kaaw³-niaw³ ma¹-muang³ mean?,ข้าวเหนียวมะม่วง,"[""סטיקי רייס מנגו"", ""חמוד"", ""בשר / בקר"", ""בהצלחה""]",סטיקי רייס מנגו,,kaaw³-niaw³ ma¹-muang³,סטיקי רייס מנגו,mango sticky rice,medium_normalized_match,spacing_plus_frame
vocab_0061_choose_thai_mcq,2,multiple_choice,vocab_translit_to_thai,בחר את הכתב התאילנדי עבור: pad² = מוקפץ / stir-fried.,Choose the Thai script for: pad² = stir-fried / מוקפץ.,,"[""ผัด"", ""ทำ"", ""ล้าน"", ""หลัง""]",ผัด,,pad²,מוקפץ,stir-fried,high,spacing_plus_frame
vocab_0061_write_thai,2,typing,vocab_write_thai,כתוב בתאית: pad² = מוקפץ / stir-fried.,Type in Thai: pad² = stir-fried / מוקפץ.,,,ผัด,"[""ผัด""]",pad²,מוקפץ,stir-fried,high,
vocab_0061_meaning_mcq,2,multiple_choice,vocab_meaning,מה הפירוש של ผัด / pad²?,What does ผัด / pad² mean?,ผัด,"[""הבא"", ""מוקפץ"", ""לעזור"", ""דג""]",מוקפץ,,pad²,מוקפץ,stir-fried,high,spacing_plus_frame
vocab_0062_choose_thai_mcq,2,multiple_choice,vocab_translit_to_thai,בחר את הכתב התאילנדי עבור: koh⁵ = אפשר לקבל... / request / may I have.,Choose the Thai script for: koh⁵ = request / may I have / אפשר לקבל....,,"[""จะ"", ""น่าเข้าใจ"", ""ขอ"", ""ดื่ม""]",ขอ,,koh⁵,אפשר לקבל...,request / may I have,high,spacing_plus_frame
vocab_0062_write_thai,2,typing,vocab_write_thai,כתוב בתאית: koh⁵ = אפשר לקבל... / request / may I have.,Type in Thai: koh⁵ = request / may I have / אפשר לקבל....,,,ขอ,"[""ขอ""]",koh⁵,אפשר לקבל...,request / may I have,high,
vocab_0062_meaning_mcq,2,multiple_choice,vocab_meaning,מה הפירוש של ขอ / koh⁵?,What does ขอ / koh⁵ mean?,ขอ,"[""איפה?"", ""שומני"", ""ללמד"", ""אפשר לקבל...""]",אפשר לקבל...,,koh⁵,אפשר לקבל...,request / may I have,high,spacing_plus_frame
vocab_0063_choose_thai_mcq,5,multiple_choice,vocab_translit_to_thai,בחר את הכתב התאילנדי עבור: riag³ a¹-rai¹? = איך קוראים ל...? / What is it called?.,Choose the Thai script for: riag³ a¹-rai¹? = What is it called? / איך קוראים ל...?.,,"[""น้ำแข็ง"", ""เรียกว่าอะไร"", ""อย่างไร"", ""กินข้าว""]",เรียกว่าอะไร,,riag³ a¹-rai¹?,איך קוראים ל...?,What is it called?,medium_normalized_match,spacing_plus_frame
vocab_0063_write_thai,5,typing,vocab_write_thai,כתוב בתאית: riag³ a¹-rai¹? = איך קוראים ל...? / What is it called?.,Type in Thai: riag³ a¹-rai¹? = What is it called? / איך קוראים ל...?.,,,เรียกว่าอะไร,"[""เรียกว่าอะไร""]",riag³ a¹-rai¹?,איך קוראים ל...?,What is it called?,medium_normalized_match,
vocab_0063_meaning_mcq,5,multiple_choice,vocab_meaning,מה הפירוש של เรียกว่าอะไร / riag³ a¹-rai¹??,What does เรียกว่าอะไร / riag³ a¹-rai¹? mean?,เรียกว่าอะไร,"[""יפה"", ""איך קוראים ל...?"", ""כועס"", ""לא / אל""]",איך קוראים ל...?,,riag³ a¹-rai¹?,איך קוראים ל...?,What is it called?,medium_normalized_match,spacing_plus_frame
vocab_0064_choose_thai_mcq,5,multiple_choice,vocab_translit_to_thai,בחר את הכתב התאילנדי עבור: kun¹ la² = ואתה/ואת? / and you?.,Choose the Thai script for: kun¹ la² = and you? / ואתה/ואת?.,,"[""คุณล่ะ"", ""เสร็จ"", ""เจอกัน"", ""ขอบคุณ""]",คุณล่ะ,,kun¹ la²,ואתה/ואת?,and you?,high,spacing_plus_frame
vocab_0064_write_thai,5,typing,vocab_write_thai,כתוב בתאית: kun¹ la² = ואתה/ואת? / and you?.,Type in Thai: kun¹ la² = and you? / ואתה/ואת?.,,,คุณล่ะ,"[""คุณล่ะ""]",kun¹ la²,ואתה/ואת?,and you?,high,
vocab_0064_meaning_mcq,5,multiple_choice,vocab_meaning,מה הפירוש של คุณล่ะ / kun¹ la²?,What does คุณล่ะ / kun¹ la² mean?,คุณล่ะ,"[""ואתה/ואת?"", ""שמונה"", ""פנים,לפנים,הלאה,עונות"", ""מלוח""]",ואתה/ואת?,,kun¹ la²,ואתה/ואת?,and you?,high,spacing_plus_frame
vocab_0065_choose_thai_mcq,3,multiple_choice,vocab_translit_to_thai,בחר את הכתב התאילנדי עבור: chen¹-gan¹ = אותו הדבר / גם אני / same / likewise.,Choose the Thai script for: chen¹-gan¹ = same / likewise / אותו הדבר / גם אני.,,"[""สมาชิก"", ""ตีหมา"", ""เช่นกัน"", ""ภูเขา""]",เช่นกัน,,chen¹-gan¹,אותו הדבר / גם אני,same / likewise,medium_normalized_match,spacing_plus_frame
vocab_0065_write_thai,3,typing,vocab_write_thai,כתוב בתאית: chen¹-gan¹ = אותו הדבר / גם אני / same / likewise.,Type in Thai: chen¹-gan¹ = same / likewise / אותו הדבר / גם אני.,,,เช่นกัน,"[""เช่นกัน""]",chen¹-gan¹,אותו הדבר / גם אני,same / likewise,medium_normalized_match,
vocab_0065_meaning_mcq,3,multiple_choice,vocab_meaning,מה הפירוש של เช่นกัน / chen¹-gan¹?,What does เช่นกัน / chen¹-gan¹ mean?,เช่นกัน,"[""לא מבין"", ""אותו הדבר / גם אני"", ""מפחד"", ""ביצה""]",אותו הדבר / גם אני,,chen¹-gan¹,אותו הדבר / גם אני,same / likewise,medium_normalized_match,spacing_plus_frame
vocab_0066_choose_thai_mcq,3,multiple_choice,vocab_translit_to_thai,בחר את הכתב התאילנדי עבור: yin¹-dii¹ = ברוך הבא / welcome / pleased.,Choose the Thai script for: yin¹-dii¹ = welcome / pleased / ברוך הבא.,,"[""ยินดี"", ""ดม"", ""ห้องครัว"", ""นาที""]",ยินดี,,yin¹-dii¹,ברוך הבא,welcome / pleased,medium_normalized_match,spacing_plus_frame
vocab_0066_write_thai,3,typing,vocab_write_thai,כתוב בתאית: yin¹-dii¹ = ברוך הבא / welcome / pleased.,Type in Thai: yin¹-dii¹ = welcome / pleased / ברוך הבא.,,,ยินดี,"[""ยินดี""]",yin¹-dii¹,ברוך הבא,welcome / pleased,medium_normalized_match,
vocab_0066_meaning_mcq,3,multiple_choice,vocab_meaning,מה הפירוש של ยินดี / yin¹-dii¹?,What does ยินดี / yin¹-dii¹ mean?,ยินดี,"[""תחתנת משטרה"", ""סיים / נגמר"", ""ברוך הבא"", ""שפה""]",ברוך הבא,,yin¹-dii¹,ברוך הבא,welcome / pleased,medium_normalized_match,spacing_plus_frame
vocab_0067_choose_thai_mcq,2,multiple_choice,vocab_translit_to_thai,בחר את הכתב התאילנדי עבור: ruu⁴ = לדעת (מידע) / know.,Choose the Thai script for: ruu⁴ = know / לדעת (מידע).,,"[""ขอบคุณ"", ""รู้"", ""ปลา"", ""เสียใจ""]",รู้,,ruu⁴,לדעת (מידע),know,high,spacing_plus_frame
vocab_0067_write_thai,2,typing,vocab_write_thai,כתוב בתאית: ruu⁴ = לדעת (מידע) / know.,Type in Thai: ruu⁴ = know / לדעת (מידע).,,,รู้,"[""รู้""]",ruu⁴,לדעת (מידע),know,high,
vocab_0067_meaning_mcq,2,multiple_choice,vocab_meaning,מה הפירוש של รู้ / ruu⁴?,What does รู้ / ruu⁴ mean?,รู้,"[""מספיק / לא מספיק"", ""לאכול (אורז/ארוחה)"", ""ירקות"", ""לדעת (מידע)""]",לדעת (מידע),,ruu⁴,לדעת (מידע),know,high,spacing_plus_frame
vocab_0068_choose_thai_mcq,3,multiple_choice,vocab_translit_to_thai,בחר את הכתב התאילנדי עבור: ruu⁴-jag² = להכיר (אנשים/מקומות) / know / be acquainted with.,Choose the Thai script for: ruu⁴-jag² = know / be acquainted with / להכיר (אנשים/מקומות).,,"[""รู้จัก"", ""คือ"", ""รัก"", ""รวม""]",รู้จัก,,ruu⁴-jag²,להכיר (אנשים/מקומות),know / be acquainted with,medium_normalized_match,spacing_plus_frame
vocab_0068_write_thai,3,typing,vocab_write_thai,כתוב בתאית: ruu⁴-jag² = להכיר (אנשים/מקומות) / know / be acquainted with.,Type in Thai: ruu⁴-jag² = know / be acquainted with / להכיר (אנשים/מקומות).,,,รู้จัก,"[""รู้จัก""]",ruu⁴-jag²,להכיר (אנשים/מקומות),know / be acquainted with,medium_normalized_match,
vocab_0068_meaning_mcq,3,multiple_choice,vocab_meaning,מה הפירוש של รู้จัก / ruu⁴-jag²?,What does รู้จัก / ruu⁴-jag² mean?,รู้จัก,"[""כסף"", ""תשע"", ""להכיר (אנשים/מקומות)"", ""סליחה""]",להכיר (אנשים/מקומות),,ruu⁴-jag²,להכיר (אנשים/מקומות),know / be acquainted with,medium_normalized_match,spacing_plus_frame
vocab_0069_choose_thai_mcq,5,multiple_choice,vocab_translit_to_thai,בחר את הכתב התאילנדי עבור: ruu⁴ mai¹? = אתה יודע? / Do you know?.,Choose the Thai script for: ruu⁴ mai¹? = Do you know? / אתה יודע?.,,"[""รู้ไหม"", ""เตี้ย"", ""ไม่เอา"", ""ชิม""]",รู้ไหม,,ruu⁴ mai¹?,אתה יודע?,Do you know?,high,spacing_plus_frame
vocab_0069_write_thai,5,typing,vocab_write_thai,כתוב בתאית: ruu⁴ mai¹? = אתה יודע? / Do you know?.,Type in Thai: ruu⁴ mai¹? = Do you know? / אתה יודע?.,,,รู้ไหม,"[""รู้ไหม""]",ruu⁴ mai¹?,אתה יודע?,Do you know?,high,
vocab_0069_meaning_mcq,5,multiple_choice,vocab_meaning,מה הפירוש של รู้ไหม / ruu⁴ mai¹??,What does รู้ไหม / ruu⁴ mai¹? mean?,รู้ไหม,"[""אתה יודע?"", ""עם"", ""צדפה"", ""עצוב""]",אתה יודע?,,ruu⁴ mai¹?,אתה יודע?,Do you know?,high,spacing_plus_frame
vocab_0070_choose_thai_mcq,3,multiple_choice,vocab_translit_to_thai,בחר את הכתב התאילנדי עבור: mai³ ruu⁴ = לא יודע / do not know.,Choose the Thai script for: mai³ ruu⁴ = do not know / לא יודע.,,"[""ต้อง"", ""ไม่รู้"", ""ล้าน"", ""ห้อง""]",ไม่รู้,,mai³ ruu⁴,לא יודע,do not know,high,spacing_plus_frame
vocab_0070_write_thai,3,typing,vocab_write_thai,כתוב בתאית: mai³ ruu⁴ = לא יודע / do not know.,Type in Thai: mai³ ruu⁴ = do not know / לא יודע.,,,ไม่รู้,"[""ไม่รู้""]",mai³ ruu⁴,לא יודע,do not know,high,
vocab_0070_meaning_mcq,3,multiple_choice,vocab_meaning,מה הפירוש של ไม่รู้ / mai³ ruu⁴?,What does ไม่รู้ / mai³ ruu⁴ mean?,ไม่รู้,"[""לא יודע"", ""לרוץ"", ""שבע"", ""אבל""]",לא יודע,,mai³ ruu⁴,לא יודע,do not know,high,spacing_plus_frame
vocab_0071_choose_thai_mcq,4,multiple_choice,vocab_translit_to_thai,בחר את הכתב התאילנדי עבור: yang¹ mai³ ruu⁴ = עדיין לא יודע / do not know yet.,Choose the Thai script for: yang¹ mai³ ruu⁴ = do not know yet / עדיין לא יודע.,,"[""หน้า"", ""พรุ่งนี้"", ""ยังไม่รู้"", ""ประเทศ""]",ยังไม่รู้,,yang¹ mai³ ruu⁴,עדיין לא יודע,do not know yet,high,spacing_plus_frame
vocab_0071_write_thai,4,typing,vocab_write_thai,כתוב בתאית: yang¹ mai³ ruu⁴ = עדיין לא יודע / do not know yet.,Type in Thai: yang¹ mai³ ruu⁴ = do not know yet / עדיין לא יודע.,,,ยังไม่รู้,"[""ยังไม่รู้""]",yang¹ mai³ ruu⁴,עדיין לא יודע,do not know yet,high,
vocab_0071_meaning_mcq,4,multiple_choice,vocab_meaning,מה הפירוש של ยังไม่รู้ / yang¹ mai³ ruu⁴?,What does ยังไม่รู้ / yang¹ mai³ ruu⁴ mean?,ยังไม่รู้,"[""עדיין לא יודע"", ""תפוז"", ""לילה"", ""שתיים""]",עדיין לא יודע,,yang¹ mai³ ruu⁴,עדיין לא יודע,do not know yet,high,spacing_plus_frame
vocab_0072_choose_thai_mcq,3,multiple_choice,vocab_translit_to_thai,בחר את הכתב התאילנדי עבור: naa-tii¹ = דקה / minute.,Choose the Thai script for: naa-tii¹ = minute / דקה.,,"[""หิน"", ""โกรธ"", ""นาที"", ""ไม่สนใจ""]",นาที,,naa-tii¹,דקה,minute,medium_normalized_match,spacing_plus_frame
vocab_0072_write_thai,3,typing,vocab_write_thai,כתוב בתאית: naa-tii¹ = דקה / minute.,Type in Thai: naa-tii¹ = minute / דקה.,,,นาที,"[""นาที""]",naa-tii¹,דקה,minute,medium_normalized_match,
vocab_0072_meaning_mcq,3,multiple_choice,vocab_meaning,מה הפירוש של นาที / naa-tii¹?,What does นาที / naa-tii¹ mean?,นาที,"[""בשר / בקר"", ""דקה"", ""גבוה"", ""עכשיו""]",דקה,,naa-tii¹,דקה,minute,medium_normalized_match,spacing_plus_frame
vocab_0073_choose_thai_mcq,2,multiple_choice,vocab_translit_to_thai,בחר את הכתב התאילנדי עבור: haad² = חוף / beach.,Choose the Thai script for: haad² = beach / חוף.,,"[""มาก"", ""หาด"", ""เช่นกัน"", ""ดื่ม""]",หาด,,haad²,חוף,beach,high,spacing_plus_frame
vocab_0073_write_thai,2,typing,vocab_write_thai,כתוב בתאית: haad² = חוף / beach.,Type in Thai: haad² = beach / חוף.,,,หาด,"[""หาด""]",haad²,חוף,beach,high,
vocab_0073_meaning_mcq,2,multiple_choice,vocab_meaning,מה הפירוש של หาด / haad²?,What does หาด / haad² mean?,หาด,"[""מ... (מקור)"", ""לתת / עבור"", ""חוף"", ""גבוה""]",חוף,,haad²,חוף,beach,high,spacing_plus_frame
vocab_0074_choose_thai_mcq,2,multiple_choice,vocab_translit_to_thai,בחר את הכתב התאילנדי עבור: dai³ = יכול / can / able.,Choose the Thai script for: dai³ = can / able / יכול.,,"[""น้ำมัน"", ""ได้"", ""คน"", ""ปลา""]",ได้,,dai³,יכול,can / able,high,spacing_plus_frame
vocab_0074_write_thai,2,typing,vocab_write_thai,כתוב בתאית: dai³ = יכול / can / able.,Type in Thai: dai³ = can / able / יכול.,,,ได้,"[""ได้""]",dai³,יכול,can / able,high,
vocab_0074_meaning_mcq,2,multiple_choice,vocab_meaning,מה הפירוש של ได้ / dai³?,What does ได้ / dai³ mean?,ได้,"[""צ'ילי"", ""כל יום"", ""יכול"", ""איך?""]",יכול,,dai³,יכול,can / able,high,spacing_plus_frame
vocab_0075_choose_thai_mcq,2,multiple_choice,vocab_translit_to_thai,בחר את הכתב התאילנדי עבור: puud³ = לדבר / speak.,Choose the Thai script for: puud³ = speak / לדבר.,,"[""ไม่ต้องห่วง"", ""พูด"", ""กอง"", ""ตลาดนัด""]",พูด,,puud³,לדבר,speak,high,spacing_plus_frame
vocab_0075_write_thai,2,typing,vocab_write_thai,כתוב בתאית: puud³ = לדבר / speak.,Type in Thai: puud³ = speak / לדבר.,,,พูด,"[""พูด""]",puud³,לדבר,speak,high,
vocab_0075_meaning_mcq,2,multiple_choice,vocab_meaning,מה הפירוש של พูด / puud³?,What does พูด / puud³ mean?,พูด,"[""קפה"", ""לדבר"", ""לחם"", ""they הם""]",לדבר,,puud³,לדבר,speak,high,spacing_plus_frame
vocab_0076_choose_thai_mcq,5,multiple_choice,vocab_translit_to_thai,בחר את הכתב התאילנדי עבור: puud³ Thai dai³ mai¹? = אתה יכול לדבר תאילנדית? / Can you speak Thai?.,Choose the Thai script for: puud³ Thai dai³ mai¹? = Can you speak Thai? / אתה יכול לדבר תאילנדית?.,,"[""ทำงาน"", ""คิด"", ""อยู่"", ""พูดไทยได้ไหม""]",พูดไทยได้ไหม,,puud³ Thai dai³ mai¹?,אתה יכול לדבר תאילנדית?,Can you speak Thai?,high,spacing_plus_frame
vocab_0076_write_thai,5,typing,vocab_write_thai,כתוב בתאית: puud³ Thai dai³ mai¹? = אתה יכול לדבר תאילנדית? / Can you speak Thai?.,Type in Thai: puud³ Thai dai³ mai¹? = Can you speak Thai? / אתה יכול לדבר תאילנדית?.,,,พูดไทยได้ไหม,"[""พูดไทยได้ไหม""]",puud³ Thai dai³ mai¹?,אתה יכול לדבר תאילנדית?,Can you speak Thai?,high,
vocab_0076_meaning_mcq,5,multiple_choice,vocab_meaning,מה הפירוש של พูดไทยได้ไหม / puud³ Thai dai³ mai¹??,What does พูดไทยได้ไหม / puud³ Thai dai³ mai¹? mean?,พูดไทยได้ไหม,"[""מיץ תפוזים"", ""יפה"", ""ללמוד"", ""אתה יכול לדבר תאילנדית?""]",אתה יכול לדבר תאילנדית?,,puud³ Thai dai³ mai¹?,אתה יכול לדבר תאילנדית?,Can you speak Thai?,high,spacing_plus_frame
vocab_0077_choose_thai_mcq,2,multiple_choice,vocab_translit_to_thai,בחר את הכתב התאילנדי עבור: prik¹ = צ'ילי / chili.,Choose the Thai script for: prik¹ = chili / צ'ילי.,,"[""ปั๊มน้ำมัน"", ""ผม/ฉันรักคุณ"", ""พริก"", ""น่าสงสาร""]",พริก,,prik¹,צ'ילי,chili,high,spacing_plus_frame
vocab_0077_write_thai,2,typing,vocab_write_thai,כתוב בתאית: prik¹ = צ'ילי / chili.,Type in Thai: prik¹ = chili / צ'ילי.,,,พริก,"[""พริก""]",prik¹,צ'ילי,chili,high,
vocab_0077_meaning_mcq,2,multiple_choice,vocab_meaning,מה הפירוש של พริก / prik¹?,What does พริก / prik¹ mean?,พริก,"[""צ'ילי"", ""קפה"", ""העונה החמה"", ""לספר / להגיד ש...""]",צ'ילי,,prik¹,צ'ילי,chili,high,spacing_plus_frame
vocab_0078_choose_thai_mcq,3,multiple_choice,vocab_translit_to_thai,בחר את הכתב התאילנדי עבור: mai³ sai² = בלי / לא לשים / without / do not put.,Choose the Thai script for: mai³ sai² = without / do not put / בלי / לא לשים.,,"[""เป็น"", ""หิวน้ำ"", ""ห้อง"", ""ไม่ใส่""]",ไม่ใส่,,mai³ sai²,בלי / לא לשים,without / do not put,high,spacing_plus_frame
vocab_0078_write_thai,3,typing,vocab_write_thai,כתוב בתאית: mai³ sai² = בלי / לא לשים / without / do not put.,Type in Thai: mai³ sai² = without / do not put / בלי / לא לשים.,,,ไม่ใส่,"[""ไม่ใส่""]",mai³ sai²,בלי / לא לשים,without / do not put,high,
vocab_0078_meaning_mcq,3,multiple_choice,vocab_meaning,מה הפירוש של ไม่ใส่ / mai³ sai²?,What does ไม่ใส่ / mai³ sai² mean?,ไม่ใส่,"[""איפה?"", ""לעמוד"", ""הכל"", ""בלי / לא לשים""]",בלי / לא לשים,,mai³ sai²,בלי / לא לשים,without / do not put,high,spacing_plus_frame
vocab_0079_choose_thai_mcq,3,multiple_choice,vocab_translit_to_thai,בחר את הכתב התאילנדי עבור: nam¹ dtaan¹ = סוכר / sugar.,Choose the Thai script for: nam¹ dtaan¹ = sugar / סוכר.,,"[""มอเตอร์ไซค์"", ""คิด"", ""น้ำตาล"", ""มาครับ""]",น้ำตาล,,nam¹ dtaan¹,סוכר,sugar,high,spacing_plus_frame
vocab_0079_write_thai,3,typing,vocab_write_thai,כתוב בתאית: nam¹ dtaan¹ = סוכר / sugar.,Type in Thai: nam¹ dtaan¹ = sugar / סוכר.,,,น้ำตาล,"[""น้ำตาล""]",nam¹ dtaan¹,סוכר,sugar,high,
vocab_0079_meaning_mcq,3,multiple_choice,vocab_meaning,מה הפירוש של น้ำตาล / nam¹ dtaan¹?,What does น้ำตาล / nam¹ dtaan¹ mean?,น้ำตาล,"[""סוכר"", ""אני אוהב/ת אותך"", ""קרח"", ""הבעלים""]",סוכר,,nam¹ dtaan¹,סוכר,sugar,high,spacing_plus_frame
vocab_0080_choose_thai_mcq,2,multiple_choice,vocab_translit_to_thai,בחר את הכתב התאילנדי עבור: peum³ = להוסיף / add / increase.,Choose the Thai script for: peum³ = add / increase / להוסיף.,,"[""ไม่รู้"", ""เพิ่ม"", ""บ้าน"", ""ปาก""]",เพิ่ม,,peum³,להוסיף,add / increase,high,spacing_plus_frame
vocab_0080_write_thai,2,typing,vocab_write_thai,כתוב בתאית: peum³ = להוסיף / add / increase.,Type in Thai: peum³ = add / increase / להוסיף.,,,เพิ่ม,"[""เพิ่ม""]",peum³,להוסיף,add / increase,high,
vocab_0080_meaning_mcq,2,multiple_choice,vocab_meaning,מה הפירוש של เพิ่ม / peum³?,What does เพิ่ม / peum³ mean?,เพิ่ม,"[""סטודנט / תלמיד"", ""מה אתה אוכל?"", ""להוסיף"", ""פירות ים""]",להוסיף,,peum³,להוסיף,add / increase,high,spacing_plus_frame
vocab_0081_choose_thai_mcq,3,multiple_choice,vocab_translit_to_thai,בחר את הכתב התאילנדי עבור: tii-nii = פה / here.,Choose the Thai script for: tii-nii = here / פה.,,"[""ที่นี่"", ""ไม่ใส่"", ""หน้าร้อน"", ""เคย""]",ที่นี่,,tii-nii,פה,here,medium_normalized_match,spacing_plus_frame
vocab_0081_write_thai,3,typing,vocab_write_thai,כתוב בתאית: tii-nii = פה / here.,Type in Thai: tii-nii = here / פה.,,,ที่นี่,"[""ที่นี่""]",tii-nii,פה,here,medium_normalized_match,
vocab_0081_meaning_mcq,3,multiple_choice,vocab_meaning,מה הפירוש של ที่นี่ / tii-nii?,What does ที่นี่ / tii-nii mean?,ที่นี่,"[""סרטן"", ""לכתוב"", ""לענות"", ""פה""]",פה,,tii-nii,פה,here,medium_normalized_match,spacing_plus_frame
vocab_0082_choose_thai_mcq,3,multiple_choice,vocab_translit_to_thai,בחר את הכתב התאילנדי עבור: paa-saa = שפה / language.,Choose the Thai script for: paa-saa = language / שפה.,,"[""ภาษา"", ""ค่าย"", ""รู้จัก"", ""เกลียด""]",ภาษา,,paa-saa,שפה,language,medium_normalized_match,spacing_plus_frame
vocab_0082_write_thai,3,typing,vocab_write_thai,כתוב בתאית: paa-saa = שפה / language.,Type in Thai: paa-saa = language / שפה.,,,ภาษา,"[""ภาษา""]",paa-saa,שפה,language,medium_normalized_match,
vocab_0082_meaning_mcq,3,multiple_choice,vocab_meaning,מה הפירוש של ภาษา / paa-saa?,What does ภาษา / paa-saa mean?,ภาษา,"[""שפה"", ""מילת עתיד"", ""כניסה היכנס"", ""צדפה""]",שפה,,paa-saa,שפה,language,medium_normalized_match,spacing_plus_frame
vocab_0083_choose_thai_mcq,3,multiple_choice,vocab_translit_to_thai,בחר את הכתב התאילנדי עבור: bpra-ted = מדינה / country.,Choose the Thai script for: bpra-ted = country / מדינה.,,"[""ความอดทน"", ""หอย"", ""ประเทศ"", ""น้ำแข็ง""]",ประเทศ,,bpra-ted,מדינה,country,medium_normalized_match,spacing_plus_frame
vocab_0083_write_thai,3,typing,vocab_write_thai,כתוב בתאית: bpra-ted = מדינה / country.,Type in Thai: bpra-ted = country / מדינה.,,,ประเทศ,"[""ประเทศ""]",bpra-ted,מדינה,country,medium_normalized_match,
vocab_0083_meaning_mcq,3,multiple_choice,vocab_meaning,מה הפירוש של ประเทศ / bpra-ted?,What does ประเทศ / bpra-ted mean?,ประเทศ,"[""פלוס"", ""חלון"", ""מתוק"", ""מדינה""]",מדינה,,bpra-ted,מדינה,country,medium_normalized_match,spacing_plus_frame
vocab_0084_choose_thai_mcq,3,multiple_choice,vocab_translit_to_thai,בחר את הכתב התאילנדי עבור: tuk-kon = כולם / everyone.,Choose the Thai script for: tuk-kon = everyone / כולם.,,"[""ทุกคน"", ""รู้"", ""ปู"", ""คือ""]",ทุกคน,,tuk-kon,כולם,everyone,medium_normalized_match,spacing_plus_frame
vocab_0084_write_thai,3,typing,vocab_write_thai,כתוב בתאית: tuk-kon = כולם / everyone.,Type in Thai: tuk-kon = everyone / כולם.,,,ทุกคน,"[""ทุกคน""]",tuk-kon,כולם,everyone,medium_normalized_match,
vocab_0084_meaning_mcq,3,multiple_choice,vocab_meaning,מה הפירוש של ทุกคน / tuk-kon?,What does ทุกคน / tuk-kon mean?,ทุกคน,"[""כולם"", ""הבא"", ""חלק מ.."", ""מתוק""]",כולם,,tuk-kon,כולם,everyone,medium_normalized_match,spacing_plus_frame
vocab_0085_choose_thai_mcq,4,multiple_choice,vocab_translit_to_thai,"בחר את הכתב התאילנדי עבור: mai ro mai koh = אל תחכה / do not wait, do not ask (review).","Choose the Thai script for: mai ro mai koh = do not wait, do not ask (review) / אל תחכה.",,"[""คุณล่ะ"", ""ไข่เจียว"", ""ตลาดนัด"", ""ไม่รอไม่ขอ""]",ไม่รอไม่ขอ,,mai ro mai koh,אל תחכה,"do not wait, do not ask (review)",high,spacing_plus_frame
vocab_0085_write_thai,4,typing,vocab_write_thai,"כתוב בתאית: mai ro mai koh = אל תחכה / do not wait, do not ask (review).","Type in Thai: mai ro mai koh = do not wait, do not ask (review) / אל תחכה.",,,ไม่รอไม่ขอ,"[""ไม่รอไม่ขอ""]",mai ro mai koh,אל תחכה,"do not wait, do not ask (review)",high,
vocab_0085_meaning_mcq,4,multiple_choice,vocab_meaning,מה הפירוש של ไม่รอไม่ขอ / mai ro mai koh?,What does ไม่รอไม่ขอ / mai ro mai koh mean?,ไม่รอไม่ขอ,"[""לדלג"", ""עייף"", ""אל תחכה"", ""לא רוצה""]",אל תחכה,,mai ro mai koh,אל תחכה,"do not wait, do not ask (review)",high,spacing_plus_frame
vocab_0086_choose_thai_mcq,4,multiple_choice,vocab_translit_to_thai,בחר את הכתב התאילנדי עבור: paw-dii/paw mai = מספיק / לא מספיק / enough / is it enough?.,Choose the Thai script for: paw-dii/paw mai = enough / is it enough? / מספיק / לא מספיק.,,"[""ยังไง"", ""เตี้ย"", ""ว่าไง"", ""พอดี/พอไหม""]",พอดี/พอไหม,,paw-dii/paw mai,מספיק / לא מספיק,enough / is it enough?,medium_normalized_match,spacing_plus_frame
vocab_0086_write_thai,4,typing,vocab_write_thai,כתוב בתאית: paw-dii/paw mai = מספיק / לא מספיק / enough / is it enough?.,Type in Thai: paw-dii/paw mai = enough / is it enough? / מספיק / לא מספיק.,,,พอดี/พอไหม,"[""พอดี/พอไหม""]",paw-dii/paw mai,מספיק / לא מספיק,enough / is it enough?,medium_normalized_match,
vocab_0086_meaning_mcq,4,multiple_choice,vocab_meaning,מה הפירוש של พอดี/พอไหม / paw-dii/paw mai?,What does พอดี/พอไหม / paw-dii/paw mai mean?,พอดี/พอไหม,"[""באמת"", ""שרימפס"", ""חטיף"", ""מספיק / לא מספיק""]",מספיק / לא מספיק,,paw-dii/paw mai,מספיק / לא מספיק,enough / is it enough?,medium_normalized_match,spacing_plus_frame
vocab_0087_choose_thai_mcq,5,multiple_choice,vocab_translit_to_thai,בחר את הכתב התאילנדי עבור: bpai nai? = לאן אתה הולך? / Where are you going?.,Choose the Thai script for: bpai nai? = Where are you going? / לאן אתה הולך?.,,"[""จาก"", ""กุ้ง"", ""เหงา"", ""ไปไหน""]",ไปไหน,,bpai nai?,לאן אתה הולך?,Where are you going?,high,spacing_plus_frame
vocab_0087_write_thai,5,typing,vocab_write_thai,כתוב בתאית: bpai nai? = לאן אתה הולך? / Where are you going?.,Type in Thai: bpai nai? = Where are you going? / לאן אתה הולך?.,,,ไปไหน,"[""ไปไหน""]",bpai nai?,לאן אתה הולך?,Where are you going?,high,
vocab_0087_meaning_mcq,5,multiple_choice,vocab_meaning,מה הפירוש של ไปไหน / bpai nai??,What does ไปไหน / bpai nai? mean?,ไปไหน,"[""זה / הוא (להגדרות)"", ""לענות"", ""אתה יודע?"", ""לאן אתה הולך?""]",לאן אתה הולך?,,bpai nai?,לאן אתה הולך?,Where are you going?,high,spacing_plus_frame
vocab_0088_choose_thai_mcq,3,multiple_choice,vocab_translit_to_thai,בחר את הכתב התאילנדי עבור: tobp-tuan = לחזור (על חומר) / review.,Choose the Thai script for: tobp-tuan = review / לחזור (על חומר).,,"[""เที่ยว"", ""ขาย"", ""ทบทวน"", ""น่ารัก""]",ทบทวน,,tobp-tuan,לחזור (על חומר),review,medium_normalized_match,spacing_plus_frame
vocab_0088_write_thai,3,typing,vocab_write_thai,כתוב בתאית: tobp-tuan = לחזור (על חומר) / review.,Type in Thai: tobp-tuan = review / לחזור (על חומר).,,,ทบทวน,"[""ทบทวน""]",tobp-tuan,לחזור (על חומר),review,medium_normalized_match,
vocab_0088_meaning_mcq,3,multiple_choice,vocab_meaning,מה הפירוש של ทบทวน / tobp-tuan?,What does ทบทวน / tobp-tuan mean?,ทบทวน,"[""למכור"", ""שבע (מאוכל)"", ""לחזור (על חומר)"", ""טעים""]",לחזור (על חומר),,tobp-tuan,לחזור (על חומר),review,medium_normalized_match,spacing_plus_frame
vocab_0089_choose_thai_mcq,2,multiple_choice,vocab_translit_to_thai,בחר את הכתב התאילנדי עבור: pii = אח/אחות מבוגר/ת / older sibling / senior.,Choose the Thai script for: pii = older sibling / senior / אח/אחות מבוגר/ת.,,"[""หาด"", ""พี่"", ""ฉันชื่อ…"", ""ไม่สนใจ""]",พี่,,pii,אח/אחות מבוגר/ת,older sibling / senior,high,spacing_plus_frame
vocab_0089_write_thai,2,typing,vocab_write_thai,כתוב בתאית: pii = אח/אחות מבוגר/ת / older sibling / senior.,Type in Thai: pii = older sibling / senior / אח/אחות מבוגר/ת.,,,พี่,"[""พี่""]",pii,אח/אחות מבוגר/ת,older sibling / senior,high,
vocab_0089_meaning_mcq,2,multiple_choice,vocab_meaning,מה הפירוש של พี่ / pii?,What does พี่ / pii mean?,พี่,"[""עדיין לא יודע"", ""אח/אחות מבוגר/ת"", ""יקר"", ""לנסות""]",אח/אחות מבוגר/ת,,pii,אח/אחות מבוגר/ת,older sibling / senior,high,spacing_plus_frame
vocab_0090_choose_thai_mcq,2,multiple_choice,vocab_translit_to_thai,בחר את הכתב התאילנדי עבור: leuum = לשכוח / forget.,Choose the Thai script for: leuum = forget / לשכוח.,,"[""ลืม"", ""เบื่อ"", ""ตีหมา"", ""ตื่น""]",ลืม,,leuum,לשכוח,forget,high,spacing_plus_frame
vocab_0090_write_thai,2,typing,vocab_write_thai,כתוב בתאית: leuum = לשכוח / forget.,Type in Thai: leuum = forget / לשכוח.,,,ลืม,"[""ลืม""]",leuum,לשכוח,forget,high,
vocab_0090_meaning_mcq,2,multiple_choice,vocab_meaning,מה הפירוש של ลืม / leuum?,What does ลืม / leuum mean?,ลืม,"[""סבלנות"", ""קטן"", ""לשכוח"", ""אלף""]",לשכוח,,leuum,לשכוח,forget,high,spacing_plus_frame
vocab_0091_choose_thai_mcq,2,multiple_choice,vocab_translit_to_thai,בחר את הכתב התאילנדי עבור: laeh = ו... / and.,Choose the Thai script for: laeh = and / ו....,,"[""ช่วย"", ""แปด"", ""และ"", ""ดอย""]",และ,,laeh,ו...,and,high,spacing_plus_frame
vocab_0091_write_thai,2,typing,vocab_write_thai,כתוב בתאית: laeh = ו... / and.,Type in Thai: laeh = and / ו....,,,และ,"[""และ""]",laeh,ו...,and,high,
vocab_0091_meaning_mcq,2,multiple_choice,vocab_meaning,מה הפירוש של และ / laeh?,What does และ / laeh mean?,และ,"[""מטבח"", ""אבל"", ""אבן"", ""ו...""]",ו...,,laeh,ו...,and,high,spacing_plus_frame
vocab_0092_choose_thai_mcq,5,multiple_choice,vocab_translit_to_thai,בחר את הכתב התאילנדי עבור: kun puud paasaa a-rai? = איזו שפה אתה מדבר? / What language do you speak?.,Choose the Thai script for: kun puud paasaa a-rai? = What language do you speak? / איזו שפה אתה מדבר?.,,"[""ไก่"", ""พวกเขา"", ""คุณพูดภาษาอะไร"", ""ขยะ""]",คุณพูดภาษาอะไร,,kun puud paasaa a-rai?,איזו שפה אתה מדבר?,What language do you speak?,medium_normalized_match,spacing_plus_frame
vocab_0092_write_thai,5,typing,vocab_write_thai,כתוב בתאית: kun puud paasaa a-rai? = איזו שפה אתה מדבר? / What language do you speak?.,Type in Thai: kun puud paasaa a-rai? = What language do you speak? / איזו שפה אתה מדבר?.,,,คุณพูดภาษาอะไร,"[""คุณพูดภาษาอะไร""]",kun puud paasaa a-rai?,איזו שפה אתה מדבר?,What language do you speak?,medium_normalized_match,
vocab_0092_meaning_mcq,5,multiple_choice,vocab_meaning,מה הפירוש של คุณพูดภาษาอะไร / kun puud paasaa a-rai??,What does คุณพูดภาษาอะไร / kun puud paasaa a-rai? mean?,คุณพูดภาษาอะไร,"[""איזו שפה אתה מדבר?"", ""לקוות"", ""מה?"", ""ילד""]",איזו שפה אתה מדבר?,,kun puud paasaa a-rai?,איזו שפה אתה מדבר?,What language do you speak?,medium_normalized_match,spacing_plus_frame
vocab_0093_choose_thai_mcq,2,multiple_choice,vocab_translit_to_thai,בחר את הכתב התאילנדי עבור: sed = לסיים / finish / done.,Choose the Thai script for: sed = finish / done / לסיים.,,"[""สาม"", ""ภูมิใจ"", ""เคย"", ""เสร็จ""]",เสร็จ,,sed,לסיים,finish / done,high,spacing_plus_frame
vocab_0093_write_thai,2,typing,vocab_write_thai,כתוב בתאית: sed = לסיים / finish / done.,Type in Thai: sed = finish / done / לסיים.,,,เสร็จ,"[""เสร็จ""]",sed,לסיים,finish / done,high,
vocab_0093_meaning_mcq,2,multiple_choice,vocab_meaning,מה הפירוש של เสร็จ / sed?,What does เสร็จ / sed mean?,เสร็จ,"[""תשע"", ""איך?"", ""לסיים"", ""עוף""]",לסיים,,sed,לסיים,finish / done,high,spacing_plus_frame
vocab_0094_choose_thai_mcq,2,multiple_choice,vocab_translit_to_thai,בחר את הכתב התאילנדי עבור: yen = קר / cold / evening.,Choose the Thai script for: yen = cold / evening / קר.,,"[""เย็น"", ""หลัง"", ""กี่โมง"", ""น่ารัก""]",เย็น,,yen,קר,cold / evening,high,spacing_plus_frame
vocab_0094_write_thai,2,typing,vocab_write_thai,כתוב בתאית: yen = קר / cold / evening.,Type in Thai: yen = cold / evening / קר.,,,เย็น,"[""เย็น""]",yen,קר,cold / evening,high,
vocab_0094_meaning_mcq,2,multiple_choice,vocab_meaning,מה הפירוש של เย็น / yen?,What does เย็น / yen mean?,เย็น,"[""לפחד"", ""להגיד / לספר"", ""קר"", ""שלוש""]",קר,,yen,קר,cold / evening,high,spacing_plus_frame
vocab_0095_choose_thai_mcq,5,multiple_choice,vocab_translit_to_thai,בחר את הכתב התאילנדי עבור: kun maa jaag (place) = מאיפה אתה? / Where are you from?.,Choose the Thai script for: kun maa jaag (place) = Where are you from? / מאיפה אתה?.,,"[""สำคัญ"", ""เท่ากับ"", ""คุณมาจาก…"", ""ท้อง""]",คุณมาจาก…,,kun maa jaag (place),מאיפה אתה?,Where are you from?,high,spacing_plus_frame
vocab_0095_write_thai,5,typing,vocab_write_thai,כתוב בתאית: kun maa jaag (place) = מאיפה אתה? / Where are you from?.,Type in Thai: kun maa jaag (place) = Where are you from? / מאיפה אתה?.,,,คุณมาจาก…,"[""คุณมาจาก…""]",kun maa jaag (place),מאיפה אתה?,Where are you from?,high,
vocab_0095_meaning_mcq,5,multiple_choice,vocab_meaning,מה הפירוש של คุณมาจาก… / kun maa jaag (place)?,What does คุณมาจาก… / kun maa jaag (place) mean?,คุณมาจาก…,"[""איפה?"", ""לתת / עבור"", ""מאיפה אתה?"", ""עם""]",מאיפה אתה?,,kun maa jaag (place),מאיפה אתה?,Where are you from?,high,spacing_plus_frame
vocab_0096_choose_thai_mcq,2,multiple_choice,vocab_translit_to_thai,בחר את הכתב התאילנדי עבור: jaag = מ... (מקור) / from.,Choose the Thai script for: jaag = from / מ... (מקור).,,"[""หลง"", ""ไม่สนใจ"", ""จาก"", ""แล้วแต่คุณ""]",จาก,,jaag,מ... (מקור),from,high,spacing_plus_frame
vocab_0096_write_thai,2,typing,vocab_write_thai,כתוב בתאית: jaag = מ... (מקור) / from.,Type in Thai: jaag = from / מ... (מקור).,,,จาก,"[""จาก""]",jaag,מ... (מקור),from,high,
vocab_0096_meaning_mcq,2,multiple_choice,vocab_meaning,מה הפירוש של จาก / jaag?,What does จาก / jaag mean?,จาก,"[""מ... (מקור)"", ""חדר"", ""חטיף"", ""כיף""]",מ... (מקור),,jaag,מ... (מקור),from,high,spacing_plus_frame
vocab_0097_choose_thai_mcq,4,multiple_choice,vocab_translit_to_thai,בחר את הכתב התאילנדי עבור: nai/tii nai = איפה / where.,Choose the Thai script for: nai/tii nai = where / איפה.,,"[""เท่า"", ""น่าสงสาร"", ""ไหน/ที่ไหน"", ""เบียร์""]",ไหน/ที่ไหน,,nai/tii nai,איפה,where,high,spacing_plus_frame
vocab_0097_write_thai,4,typing,vocab_write_thai,כתוב בתאית: nai/tii nai = איפה / where.,Type in Thai: nai/tii nai = where / איפה.,,,ไหน/ที่ไหน,"[""ไหน/ที่ไหน""]",nai/tii nai,איפה,where,high,
vocab_0097_meaning_mcq,4,multiple_choice,vocab_meaning,מה הפירוש של ไหน/ที่ไหน / nai/tii nai?,What does ไหน/ที่ไหน / nai/tii nai mean?,ไหน/ที่ไหน,"[""מתי?"", ""מתי"", ""לחשוב"", ""איפה""]",איפה,,nai/tii nai,איפה,where,high,spacing_plus_frame
vocab_0098_choose_thai_mcq,3,multiple_choice,vocab_translit_to_thai,בחר את הכתב התאילנדי עבור: hong krua = מטבח / kitchen.,Choose the Thai script for: hong krua = kitchen / מטבח.,,"[""ตอนเย็น"", ""เพิ่ม"", ""ปาก"", ""ห้องครัว""]",ห้องครัว,,hong krua,מטבח,kitchen,high,spacing_plus_frame
vocab_0098_write_thai,3,typing,vocab_write_thai,כתוב בתאית: hong krua = מטבח / kitchen.,Type in Thai: hong krua = kitchen / מטבח.,,,ห้องครัว,"[""ห้องครัว""]",hong krua,מטבח,kitchen,high,
vocab_0098_meaning_mcq,3,multiple_choice,vocab_meaning,מה הפירוש של ห้องครัว / hong krua?,What does ห้องครัว / hong krua mean?,ห้องครัว,"[""שמן / דלק"", ""מטבח"", ""בלי / לא לשים"", ""לחשוב ש...""]",מטבח,,hong krua,מטבח,kitchen,high,spacing_plus_frame
vocab_0099_choose_thai_mcq,2,multiple_choice,vocab_translit_to_thai,בחר את הכתב התאילנדי עבור: jaai = לב / heart / mind.,Choose the Thai script for: jaai = heart / mind / לב.,,"[""น้ำ"", ""ร้อน"", ""ใจ"", ""นั่ง""]",ใจ,,jaai,לב,heart / mind,high,spacing_plus_frame
vocab_0099_write_thai,2,typing,vocab_write_thai,כתוב בתאית: jaai = לב / heart / mind.,Type in Thai: jaai = heart / mind / לב.,,,ใจ,"[""ใจ""]",jaai,לב,heart / mind,high,
vocab_0099_meaning_mcq,2,multiple_choice,vocab_meaning,מה הפירוש של ใจ / jaai?,What does ใจ / jaai mean?,ใจ,"[""לב"", ""לראות / להסתכל"", ""לנוח"", ""לשאול""]",לב,,jaai,לב,heart / mind,high,spacing_plus_frame
vocab_0100_choose_thai_mcq,3,multiple_choice,vocab_translit_to_thai,בחר את הכתב התאילנדי עבור: jaai dii = לב טוב / kind.,Choose the Thai script for: jaai dii = kind / לב טוב.,,"[""มั่นใจ"", ""ใจดี"", ""ไม่"", ""ค่าย""]",ใจดี,,jaai dii,לב טוב,kind,high,spacing_plus_frame
vocab_0100_write_thai,3,typing,vocab_write_thai,כתוב בתאית: jaai dii = לב טוב / kind.,Type in Thai: jaai dii = kind / לב טוב.,,,ใจดี,"[""ใจดี""]",jaai dii,לב טוב,kind,high,
vocab_0100_meaning_mcq,3,multiple_choice,vocab_meaning,מה הפירוש של ใจดี / jaai dii?,What does ใจดี / jaai dii mean?,ใจดี,"[""אל תחכה"", ""מילת שאלה (כן/לא)"", ""לב טוב"", ""אתמול""]",לב טוב,,jaai dii,לב טוב,kind,high,spacing_plus_frame
vocab_0101_choose_thai_mcq,5,multiple_choice,vocab_translit_to_thai,בחר את הכתב התאילנדי עבור: tam-mai? = למה? / why?.,Choose the Thai script for: tam-mai? = why? / למה?.,,"[""เบียร์"", ""พูดไทยได้ไหม"", ""ตก"", ""ทำไม""]",ทำไม,,tam-mai?,למה?,why?,medium_normalized_match,spacing_plus_frame
vocab_0101_write_thai,5,typing,vocab_write_thai,כתוב בתאית: tam-mai? = למה? / why?.,Type in Thai: tam-mai? = why? / למה?.,,,ทำไม,"[""ทำไม""]",tam-mai?,למה?,why?,medium_normalized_match,
vocab_0101_meaning_mcq,5,multiple_choice,vocab_meaning,מה הפירוש של ทำไม / tam-mai??,What does ทำไม / tam-mai? mean?,ทำไม,"[""רעב"", ""לקנות"", ""למה?"", ""יפה""]",למה?,,tam-mai?,למה?,why?,medium_normalized_match,spacing_plus_frame
vocab_0102_choose_thai_mcq,2,multiple_choice,vocab_translit_to_thai,בחר את הכתב התאילנדי עבור: maag = מאוד / very / much.,Choose the Thai script for: maag = very / much / מאוד.,,"[""เข้าใจไหม"", ""มาครับ"", ""เสียดาย"", ""มาก""]",มาก,,maag,מאוד,very / much,high,spacing_plus_frame
vocab_0102_write_thai,2,typing,vocab_write_thai,כתוב בתאית: maag = מאוד / very / much.,Type in Thai: maag = very / much / מאוד.,,,มาก,"[""มาก""]",maag,מאוד,very / much,high,
vocab_0102_meaning_mcq,2,multiple_choice,vocab_meaning,מה הפירוש של มาก / maag?,What does มาก / maag mean?,มาก,"[""מאוד"", ""רזה"", ""חזרת"", ""לא צריך / אין צורך""]",מאוד,,maag,מאוד,very / much,high,spacing_plus_frame
vocab_0103_choose_thai_mcq,2,multiple_choice,vocab_translit_to_thai,בחר את הכתב התאילנדי עבור: sawn = ללמד / teach.,Choose the Thai script for: sawn = teach / ללמד.,,"[""ยืน"", ""ตอนนี้"", ""สอน"", ""เจ็ด""]",สอน,,sawn,ללמד,teach,high,spacing_plus_frame
vocab_0103_write_thai,2,typing,vocab_write_thai,כתוב בתאית: sawn = ללמד / teach.,Type in Thai: sawn = teach / ללמד.,,,สอน,"[""สอน""]",sawn,ללמד,teach,high,
vocab_0103_meaning_mcq,2,multiple_choice,vocab_meaning,מה הפירוש של สอน / sawn?,What does สอน / sawn mean?,สอน,"[""לא עשיתי"", ""שמונה"", ""ללמד"", ""בית""]",ללמד,,sawn,ללמד,teach,high,spacing_plus_frame
vocab_0104_choose_thai_mcq,2,multiple_choice,vocab_translit_to_thai,בחר את הכתב התאילנדי עבור: peang = יקר / expensive.,Choose the Thai script for: peang = expensive / יקר.,,"[""ร้องไห้"", ""อุ่น"", ""แพง"", ""เก้า""]",แพง,,peang,יקר,expensive,high,spacing_plus_frame
vocab_0104_write_thai,2,typing,vocab_write_thai,כתוב בתאית: peang = יקר / expensive.,Type in Thai: peang = expensive / יקר.,,,แพง,"[""แพง""]",peang,יקר,expensive,high,
vocab_0104_meaning_mcq,2,multiple_choice,vocab_meaning,מה הפירוש של แพง / peang?,What does แพง / peang mean?,แพง,"[""פה / מקור"", ""קצת"", ""יקר"", ""לחכות""]",יקר,,peang,יקר,expensive,high,spacing_plus_frame
vocab_0105_choose_thai_mcq,3,multiple_choice,vocab_translit_to_thai,בחר את הכתב התאילנדי עבור: tug-yaang = הכל / everything.,Choose the Thai script for: tug-yaang = everything / הכל.,,"[""น้ำตก"", ""ขยะ"", ""ทุกอย่าง"", ""ไม่รอไม่ขอ""]",ทุกอย่าง,,tug-yaang,הכל,everything,medium_normalized_match,spacing_plus_frame
vocab_0105_write_thai,3,typing,vocab_write_thai,כתוב בתאית: tug-yaang = הכל / everything.,Type in Thai: tug-yaang = everything / הכל.,,,ทุกอย่าง,"[""ทุกอย่าง""]",tug-yaang,הכל,everything,medium_normalized_match,
vocab_0105_meaning_mcq,3,multiple_choice,vocab_meaning,מה הפירוש של ทุกอย่าง / tug-yaang?,What does ทุกอย่าง / tug-yaang mean?,ทุกอย่าง,"[""דג"", ""שוב (Again)"", ""בוקר"", ""הכל""]",הכל,,tug-yaang,הכל,everything,medium_normalized_match,spacing_plus_frame
vocab_0106_choose_thai_mcq,2,multiple_choice,vocab_translit_to_thai,בחר את הכתב התאילנדי עבור: dtae = אבל / but.,Choose the Thai script for: dtae = but / אבל.,,"[""แต่"", ""เดิน"", ""ฉันชื่อ…"", ""วันนี้""]",แต่,,dtae,אבל,but,high,spacing_plus_frame
vocab_0106_write_thai,2,typing,vocab_write_thai,כתוב בתאית: dtae = אבל / but.,Type in Thai: dtae = but / אבל.,,,แต่,"[""แต่""]",dtae,אבל,but,high,
vocab_0106_meaning_mcq,2,multiple_choice,vocab_meaning,מה הפירוש של แต่ / dtae?,What does แต่ / dtae mean?,แต่,"[""אבל"", ""לעבוד"", ""פירות ים"", ""המלך""]",אבל,,dtae,אבל,but,high,spacing_plus_frame
vocab_0107_choose_thai_mcq,2,multiple_choice,vocab_translit_to_thai,בחר את הכתב התאילנדי עבור: tok = ליפול / fall.,Choose the Thai script for: tok = fall / ליפול.,,"[""คน"", ""ฉันชื่อ…"", ""ตก"", ""ผัด""]",ตก,,tok,ליפול,fall,high,spacing_plus_frame
vocab_0107_write_thai,2,typing,vocab_write_thai,כתוב בתאית: tok = ליפול / fall.,Type in Thai: tok = fall / ליפול.,,,ตก,"[""ตก""]",tok,ליפול,fall,high,
vocab_0107_meaning_mcq,2,multiple_choice,vocab_meaning,מה הפירוש של ตก / tok?,What does ตก / tok mean?,ตก,"[""ליפול"", ""לבוא"", ""מתוק"", ""ללכת""]",ליפול,,tok,ליפול,fall,high,spacing_plus_frame
vocab_0108_choose_thai_mcq,3,multiple_choice,vocab_translit_to_thai,בחר את הכתב התאילנדי עבור: nam-tok = מפל / waterfall.,Choose the Thai script for: nam-tok = waterfall / מפל.,,"[""น้ำตก"", ""ตอบ"", ""ชา"", ""ผึ้ง""]",น้ำตก,,nam-tok,מפל,waterfall,medium_normalized_match,spacing_plus_frame
vocab_0108_write_thai,3,typing,vocab_write_thai,כתוב בתאית: nam-tok = מפל / waterfall.,Type in Thai: nam-tok = waterfall / מפל.,,,น้ำตก,"[""น้ำตก""]",nam-tok,מפל,waterfall,medium_normalized_match,
vocab_0108_meaning_mcq,3,multiple_choice,vocab_meaning,מה הפירוש של น้ำตก / nam-tok?,What does น้ำตก / nam-tok mean?,น้ำตก,"[""מפל"", ""מסכן"", ""לחשוב ש..."", ""אבל""]",מפל,,nam-tok,מפל,waterfall,medium_normalized_match,spacing_plus_frame
vocab_0109_choose_thai_mcq,2,multiple_choice,vocab_translit_to_thai,בחר את הכתב התאילנדי עבור: kid = לחשוב / think.,Choose the Thai script for: kid = think / לחשוב.,,"[""คิด"", ""คุณคิดอะไร"", ""คน"", ""กินข้าว""]",คิด,,kid,לחשוב,think,high,spacing_plus_frame
vocab_0109_write_thai,2,typing,vocab_write_thai,כתוב בתאית: kid = לחשוב / think.,Type in Thai: kid = think / לחשוב.,,,คิด,"[""คิด""]",kid,לחשוב,think,high,
vocab_0109_meaning_mcq,2,multiple_choice,vocab_meaning,מה הפירוש של คิด / kid?,What does คิด / kid mean?,คิด,"[""לחשוב"", ""בטן"", ""חבר (במועדון / קבוצה)"", ""מילת עתיד""]",לחשוב,,kid,לחשוב,think,high,spacing_plus_frame
vocab_0110_choose_thai_mcq,5,multiple_choice,vocab_translit_to_thai,בחר את הכתב התאילנדי עבור: kun kid a-rai? = על מה אתה חושב? / What are you thinking?.,Choose the Thai script for: kun kid a-rai? = What are you thinking? / על מה אתה חושב?.,,"[""ยังไม่รู้"", ""นั่ง"", ""คุณคิดอะไร"", ""โรงเรียน""]",คุณคิดอะไร,,kun kid a-rai?,על מה אתה חושב?,What are you thinking?,medium_normalized_match,spacing_plus_frame
vocab_0110_write_thai,5,typing,vocab_write_thai,כתוב בתאית: kun kid a-rai? = על מה אתה חושב? / What are you thinking?.,Type in Thai: kun kid a-rai? = What are you thinking? / על מה אתה חושב?.,,,คุณคิดอะไร,"[""คุณคิดอะไร""]",kun kid a-rai?,על מה אתה חושב?,What are you thinking?,medium_normalized_match,
vocab_0110_meaning_mcq,5,multiple_choice,vocab_meaning,מה הפירוש של คุณคิดอะไร / kun kid a-rai??,What does คุณคิดอะไร / kun kid a-rai? mean?,คุณคิดอะไร,"[""על מה אתה חושב?"", ""שבע"", ""רוצה את זה"", ""כבר הלכתי / הלכתי""]",על מה אתה חושב?,,kun kid a-rai?,על מה אתה חושב?,What are you thinking?,medium_normalized_match,spacing_plus_frame
vocab_0111_choose_thai_mcq,2,multiple_choice,vocab_translit_to_thai,בחר את הכתב התאילנדי עבור: chuai = לעזור / help.,Choose the Thai script for: chuai = help / לעזור.,,"[""หน้า"", ""อะไร"", ""ช่วย"", ""ยังไง""]",ช่วย,,chuai,לעזור,help,high,spacing_plus_frame
vocab_0111_write_thai,2,typing,vocab_write_thai,כתוב בתאית: chuai = לעזור / help.,Type in Thai: chuai = help / לעזור.,,,ช่วย,"[""ช่วย""]",chuai,לעזור,help,high,
vocab_0111_meaning_mcq,2,multiple_choice,vocab_meaning,מה הפירוש של ช่วย / chuai?,What does ช่วย / chuai mean?,ช่วย,"[""ללכת"", ""צדפה"", ""העונה הקרה"", ""לעזור""]",לעזור,,chuai,לעזור,help,high,spacing_plus_frame
vocab_0112_choose_thai_mcq,2,multiple_choice,vocab_translit_to_thai,בחר את הכתב התאילנדי עבור: dtaw = להמשיך / להאריך / continue / extend.,Choose the Thai script for: dtaw = continue / extend / להמשיך / להאריך.,,"[""โรงเรียน"", ""ถาม"", ""ไม่เคย"", ""ต่อ""]",ต่อ,,dtaw,להמשיך / להאריך,continue / extend,high,spacing_plus_frame
vocab_0112_write_thai,2,typing,vocab_write_thai,כתוב בתאית: dtaw = להמשיך / להאריך / continue / extend.,Type in Thai: dtaw = continue / extend / להמשיך / להאריך.,,,ต่อ,"[""ต่อ""]",dtaw,להמשיך / להאריך,continue / extend,high,
vocab_0112_meaning_mcq,2,multiple_choice,vocab_meaning,מה הפירוש של ต่อ / dtaw?,What does ต่อ / dtaw mean?,ต่อ,"[""להמשיך / להאריך"", ""חלון"", ""רופא"", ""חבל / בזבוז""]",להמשיך / להאריך,,dtaw,להמשיך / להאריך,continue / extend,high,spacing_plus_frame
vocab_0113_choose_thai_mcq,2,multiple_choice,vocab_translit_to_thai,בחר את הכתב התאילנדי עבור: haa = לראות / לחפש / five.,Choose the Thai script for: haa = five / לראות / לחפש.,,"[""สำคัญ"", ""และ"", ""ห้า"", ""วิ่ง""]",ห้า,,haa,לראות / לחפש,five,high,spacing_plus_frame
vocab_0113_write_thai,2,typing,vocab_write_thai,כתוב בתאית: haa = לראות / לחפש / five.,Type in Thai: haa = five / לראות / לחפש.,,,ห้า,"[""ห้า""]",haa,לראות / לחפש,five,high,
vocab_0113_meaning_mcq,2,multiple_choice,vocab_meaning,מה הפירוש של ห้า / haa?,What does ห้า / haa mean?,ห้า,"[""לנסות"", ""לראות / לחפש"", ""פעם / כבר עשיתי"", ""אשכול בננות""]",לראות / לחפש,,haa,לראות / לחפש,five,high,spacing_plus_frame
vocab_0114_choose_thai_mcq,2,multiple_choice,vocab_translit_to_thai,בחר את הכתב התאילנדי עבור: maw³ = סיר / pot.,Choose the Thai script for: maw³ = pot / סיר.,,"[""ดอย"", ""ฟัง"", ""หม้อ"", ""ไม่เคย""]",หม้อ,,maw³,סיר,pot,high,spacing_plus_frame
vocab_0114_write_thai,2,typing,vocab_write_thai,כתוב בתאית: maw³ = סיר / pot.,Type in Thai: maw³ = pot / סיר.,,,หม้อ,"[""หม้อ""]",maw³,סיר,pot,high,
vocab_0114_meaning_mcq,2,multiple_choice,vocab_meaning,מה הפירוש של หม้อ / maw³?,What does หม้อ / maw³ mean?,หม้อ,"[""לראות / לחפש"", ""עכשיו"", ""העונה החמה"", ""סיר""]",סיר,,maw³,סיר,pot,high,spacing_plus_frame
vocab_0115_choose_thai_mcq,2,multiple_choice,vocab_translit_to_thai,בחר את הכתב התאילנדי עבור: maws = רופא / doctor.,Choose the Thai script for: maws = doctor / רופא.,,"[""หมอ"", ""หลัง"", ""ลอง"", ""เด็ก""]",หมอ,,maws,רופא,doctor,high,spacing_plus_frame
vocab_0115_write_thai,2,typing,vocab_write_thai,כתוב בתאית: maws = רופא / doctor.,Type in Thai: maws = doctor / רופא.,,,หมอ,"[""หมอ""]",maws,רופא,doctor,high,
vocab_0115_meaning_mcq,2,multiple_choice,vocab_meaning,מה הפירוש של หมอ / maws?,What does หมอ / maws mean?,หมอ,"[""להדליק / לפתוח"", ""להיות / לדעת לעשות"", ""בננה"", ""רופא""]",רופא,,maws,רופא,doctor,high,spacing_plus_frame
vocab_0116_choose_thai_mcq,2,multiple_choice,vocab_translit_to_thai,בחר את הכתב התאילנדי עבור: buag = פלוס / plus.,Choose the Thai script for: buag = plus / פלוס.,,"[""บวก"", ""นั่ง"", ""เอาอันนี้"", ""ผมชื่อ…""]",บวก,,buag,פלוס,plus,high,spacing_plus_frame
vocab_0116_write_thai,2,typing,vocab_write_thai,כתוב בתאית: buag = פלוס / plus.,Type in Thai: buag = plus / פלוס.,,,บวก,"[""บวก""]",buag,פלוס,plus,high,
vocab_0116_meaning_mcq,2,multiple_choice,vocab_meaning,מה הפירוש של บวก / buag?,What does บวก / buag mean?,บวก,"[""שם אמיתי"", ""שמונה"", ""פלוס"", ""מכונית""]",פלוס,,buag,פלוס,plus,high,spacing_plus_frame
vocab_0117_choose_thai_mcq,2,multiple_choice,vocab_translit_to_thai,בחר את הכתב התאילנדי עבור: löb = מינוס / minus.,Choose the Thai script for: löb = minus / מינוס.,,"[""ลบ"", ""มั่นใจ"", ""รู้จัก"", ""เสียใจ""]",ลบ,,löb,מינוס,minus,high,spacing_plus_frame
vocab_0117_write_thai,2,typing,vocab_write_thai,כתוב בתאית: löb = מינוס / minus.,Type in Thai: löb = minus / מינוס.,,,ลบ,"[""ลบ""]",löb,מינוס,minus,high,
vocab_0117_meaning_mcq,2,multiple_choice,vocab_meaning,מה הפירוש של ลบ / löb?,What does ลบ / löb mean?,ลบ,"[""מינוס"", ""מדינה"", ""לבכות"", ""שמן (גוף)""]",מינוס,,löb,מינוס,minus,high,spacing_plus_frame
vocab_0118_choose_thai_mcq,3,multiple_choice,vocab_translit_to_thai,בחר את הכתב התאילנדי עבור: ta-gab = שווה / equals.,Choose the Thai script for: ta-gab = equals / שווה.,,"[""ห้า"", ""เท่ากับ"", ""วิ่ง"", ""เข้า""]",เท่ากับ,,ta-gab,שווה,equals,medium_normalized_match,spacing_plus_frame
vocab_0118_write_thai,3,typing,vocab_write_thai,כתוב בתאית: ta-gab = שווה / equals.,Type in Thai: ta-gab = equals / שווה.,,,เท่ากับ,"[""เท่ากับ""]",ta-gab,שווה,equals,medium_normalized_match,
vocab_0118_meaning_mcq,3,multiple_choice,vocab_meaning,מה הפירוש של เท่ากับ / ta-gab?,What does เท่ากับ / ta-gab mean?,เท่ากับ,"[""שווה"", ""שמח"", ""דבורה,רק"", ""לעמוד""]",שווה,,ta-gab,שווה,equals,medium_normalized_match,spacing_plus_frame
vocab_0119_choose_thai_mcq,2,multiple_choice,vocab_translit_to_thai,בחר את הכתב התאילנדי עבור: dtao = סך הכל / equal / total.,Choose the Thai script for: dtao = equal / total / סך הכל.,,"[""เท่า"", ""สิบ"", ""กุ้ง"", ""กลับบ้าน""]",เท่า,,dtao,סך הכל,equal / total,high,spacing_plus_frame
vocab_0119_write_thai,2,typing,vocab_write_thai,כתוב בתאית: dtao = סך הכל / equal / total.,Type in Thai: dtao = equal / total / סך הכל.,,,เท่า,"[""เท่า""]",dtao,סך הכל,equal / total,high,
vocab_0119_meaning_mcq,2,multiple_choice,vocab_meaning,מה הפירוש של เท่า / dtao?,What does เท่า / dtao mean?,เท่า,"[""זבל"", ""סך הכל"", ""לאכול (אורז/ארוחה)"", ""לנוח""]",סך הכל,,dtao,סך הכל,equal / total,high,spacing_plus_frame
vocab_0120_choose_thai_mcq,3,multiple_choice,vocab_translit_to_thai,בחר את הכתב התאילנדי עבור: tao-rai = כמה (מחיר) / how much?.,Choose the Thai script for: tao-rai = how much? / כמה (מחיר).,,"[""ใจดี"", ""หก"", ""เท่าไร"", ""ขยะ""]",เท่าไร,,tao-rai,כמה (מחיר),how much?,medium_normalized_match,spacing_plus_frame
vocab_0120_write_thai,3,typing,vocab_write_thai,כתוב בתאית: tao-rai = כמה (מחיר) / how much?.,Type in Thai: tao-rai = how much? / כמה (מחיר).,,,เท่าไร,"[""เท่าไร""]",tao-rai,כמה (מחיר),how much?,medium_normalized_match,
vocab_0120_meaning_mcq,3,multiple_choice,vocab_meaning,מה הפירוש של เท่าไร / tao-rai?,What does เท่าไร / tao-rai mean?,เท่าไร,"[""יקר"", ""פה"", ""כמה (מחיר)"", ""סרטן""]",כמה (מחיר),,tao-rai,כמה (מחיר),how much?,medium_normalized_match,spacing_plus_frame
vocab_0121_choose_thai_mcq,4,multiple_choice,vocab_translit_to_thai,בחר את הכתב התאילנדי עבור: laew-dtua kun = תלוי בך / up to you.,Choose the Thai script for: laew-dtua kun = up to you / תלוי בך.,,"[""พัน"", ""แล้วแต่คุณ"", ""แพง"", ""มอเตอร์ไซค์""]",แล้วแต่คุณ,,laew-dtua kun,תלוי בך,up to you,medium_normalized_match,spacing_plus_frame
vocab_0121_write_thai,4,typing,vocab_write_thai,כתוב בתאית: laew-dtua kun = תלוי בך / up to you.,Type in Thai: laew-dtua kun = up to you / תלוי בך.,,,แล้วแต่คุณ,"[""แล้วแต่คุณ""]",laew-dtua kun,תלוי בך,up to you,medium_normalized_match,
vocab_0121_meaning_mcq,4,multiple_choice,vocab_meaning,מה הפירוש של แล้วแต่คุณ / laew-dtua kun?,What does แล้วแต่คุณ / laew-dtua kun mean?,แล้วแต่คุณ,"[""לחשוב"", ""ביצת עין"", ""מיליון"", ""תלוי בך""]",תלוי בך,,laew-dtua kun,תלוי בך,up to you,medium_normalized_match,spacing_plus_frame
vocab_0122_choose_thai_mcq,5,multiple_choice,vocab_translit_to_thai,בחר את הכתב התאילנדי עבור: gii mong? = איזו שעה? / what time?.,Choose the Thai script for: gii mong? = what time? / איזו שעה?.,,"[""มะพร้าว"", ""กี่โมง"", ""ไม่ได้…"", ""เดิน""]",กี่โมง,,gii mong?,איזו שעה?,what time?,high,spacing_plus_frame
vocab_0122_write_thai,5,typing,vocab_write_thai,כתוב בתאית: gii mong? = איזו שעה? / what time?.,Type in Thai: gii mong? = what time? / איזו שעה?.,,,กี่โมง,"[""กี่โมง""]",gii mong?,איזו שעה?,what time?,high,
vocab_0122_meaning_mcq,5,multiple_choice,vocab_meaning,מה הפירוש של กี่โมง / gii mong??,What does กี่โมง / gii mong? mean?,กี่โมง,"[""כועס"", ""מה השם שלך?"", ""איזו שעה?"", ""אתה יכול לדבר תאילנדית?""]",איזו שעה?,,gii mong?,איזו שעה?,what time?,high,spacing_plus_frame
vocab_0123_choose_thai_mcq,3,multiple_choice,vocab_translit_to_thai,בחר את הכתב התאילנדי עבור: dtua-ni = עכשיו / now.,Choose the Thai script for: dtua-ni = now / עכשיו.,,"[""ตอนเย็น"", ""รถเมล์"", ""หวี"", ""ตอนนี้""]",ตอนนี้,,dtua-ni,עכשיו,now,medium_normalized_match,spacing_plus_frame
vocab_0123_write_thai,3,typing,vocab_write_thai,כתוב בתאית: dtua-ni = עכשיו / now.,Type in Thai: dtua-ni = now / עכשיו.,,,ตอนนี้,"[""ตอนนี้""]",dtua-ni,עכשיו,now,medium_normalized_match,
vocab_0123_meaning_mcq,3,multiple_choice,vocab_meaning,מה הפירוש של ตอนนี้ / dtua-ni?,What does ตอนนี้ / dtua-ni mean?,ตอนนี้,"[""עכשיו"", ""אחד את השני / ביחד"", ""מ... (מקור)"", ""they הם""]",עכשיו,,dtua-ni,עכשיו,now,medium_normalized_match,spacing_plus_frame
vocab_0124_choose_thai_mcq,3,multiple_choice,vocab_translit_to_thai,בחר את הכתב התאילנדי עבור: wan-nii = היום / today.,Choose the Thai script for: wan-nii = today / היום.,,"[""ใคร"", ""วันนี้"", ""เจ็ด"", ""อิ่ม""]",วันนี้,,wan-nii,היום,today,medium_normalized_match,spacing_plus_frame
vocab_0124_write_thai,3,typing,vocab_write_thai,כתוב בתאית: wan-nii = היום / today.,Type in Thai: wan-nii = today / היום.,,,วันนี้,"[""วันนี้""]",wan-nii,היום,today,medium_normalized_match,
vocab_0124_meaning_mcq,3,multiple_choice,vocab_meaning,מה הפירוש של วันนี้ / wan-nii?,What does วันนี้ / wan-nii mean?,วันนี้,"[""קוקוס"", ""היום"", ""יום הולדת"", ""כולם""]",היום,,wan-nii,היום,today,medium_normalized_match,spacing_plus_frame
vocab_0125_choose_thai_mcq,3,multiple_choice,vocab_translit_to_thai,בחר את הכתב התאילנדי עבור: pru-ngii = מחר / tomorrow.,Choose the Thai script for: pru-ngii = tomorrow / מחר.,,"[""ครู"", ""เล็ก"", ""อาหารทะเล"", ""พรุ่งนี้""]",พรุ่งนี้,,pru-ngii,מחר,tomorrow,medium_normalized_match,spacing_plus_frame
vocab_0125_write_thai,3,typing,vocab_write_thai,כתוב בתאית: pru-ngii = מחר / tomorrow.,Type in Thai: pru-ngii = tomorrow / מחר.,,,พรุ่งนี้,"[""พรุ่งนี้""]",pru-ngii,מחר,tomorrow,medium_normalized_match,
vocab_0125_meaning_mcq,3,multiple_choice,vocab_meaning,מה הפירוש של พรุ่งนี้ / pru-ngii?,What does พรุ่งนี้ / pru-ngii mean?,พรุ่งนี้,"[""מים"", ""לא צריך / אין צורך"", ""זבל"", ""מחר""]",מחר,,pru-ngii,מחר,tomorrow,medium_normalized_match,spacing_plus_frame
vocab_0126_choose_thai_mcq,3,multiple_choice,vocab_translit_to_thai,בחר את הכתב התאילנדי עבור: meua-wan = אתמול / yesterday.,Choose the Thai script for: meua-wan = yesterday / אתמול.,,"[""เมื่อวาน"", ""รวม"", ""กอง"", ""สอง""]",เมื่อวาน,,meua-wan,אתמול,yesterday,medium_normalized_match,spacing_plus_frame
vocab_0126_write_thai,3,typing,vocab_write_thai,כתוב בתאית: meua-wan = אתמול / yesterday.,Type in Thai: meua-wan = yesterday / אתמול.,,,เมื่อวาน,"[""เมื่อวาน""]",meua-wan,אתמול,yesterday,medium_normalized_match,
vocab_0126_meaning_mcq,3,multiple_choice,vocab_meaning,מה הפירוש של เมื่อวาน / meua-wan?,What does เมื่อวาน / meua-wan mean?,เมื่อวาน,"[""פעם / כבר עשיתי"", ""לשאול"", ""ללמוד"", ""אתמול""]",אתמול,,meua-wan,אתמול,yesterday,medium_normalized_match,spacing_plus_frame
vocab_0127_choose_thai_mcq,3,multiple_choice,vocab_translit_to_thai,בחר את הכתב התאילנדי עבור: dtan-chao = בוקר / morning.,Choose the Thai script for: dtan-chao = morning / בוקר.,,"[""ไม่เข้าใจ"", ""ให้"", ""ตอนเช้า"", ""กา""]",ตอนเช้า,,dtan-chao,בוקר,morning,medium_normalized_match,spacing_plus_frame
vocab_0127_write_thai,3,typing,vocab_write_thai,כתוב בתאית: dtan-chao = בוקר / morning.,Type in Thai: dtan-chao = morning / בוקר.,,,ตอนเช้า,"[""ตอนเช้า""]",dtan-chao,בוקר,morning,medium_normalized_match,
vocab_0127_meaning_mcq,3,multiple_choice,vocab_meaning,מה הפירוש של ตอนเช้า / dtan-chao?,What does ตอนเช้า / dtan-chao mean?,ตอนเช้า,"[""לעזור"", ""חלב"", ""בוקר"", ""קטן""]",בוקר,,dtan-chao,בוקר,morning,medium_normalized_match,spacing_plus_frame
vocab_0128_choose_thai_mcq,3,multiple_choice,vocab_translit_to_thai,בחר את הכתב התאילנדי עבור: dtan-tiang = צהריים / noon.,Choose the Thai script for: dtan-tiang = noon / צהריים.,,"[""ตอนเที่ยง"", ""น้ำมัน"", ""เป็น"", ""ความอดทน""]",ตอนเที่ยง,,dtan-tiang,צהריים,noon,medium_normalized_match,spacing_plus_frame
vocab_0128_write_thai,3,typing,vocab_write_thai,כתוב בתאית: dtan-tiang = צהריים / noon.,Type in Thai: dtan-tiang = noon / צהריים.,,,ตอนเที่ยง,"[""ตอนเที่ยง""]",dtan-tiang,צהריים,noon,medium_normalized_match,
vocab_0128_meaning_mcq,3,multiple_choice,vocab_meaning,מה הפירוש של ตอนเที่ยง / dtan-tiang?,What does ตอนเที่ยง / dtan-tiang mean?,ตอนเที่ยง,"[""לא / אל"", ""קוקוס"", ""צהריים"", ""שרימפס""]",צהריים,,dtan-tiang,צהריים,noon,medium_normalized_match,spacing_plus_frame
vocab_0129_choose_thai_mcq,3,multiple_choice,vocab_translit_to_thai,בחר את הכתב התאילנדי עבור: dtan-yen = ערב / evening.,Choose the Thai script for: dtan-yen = evening / ערב.,,"[""ไม่เอา"", ""ใคร"", ""ตอนเย็น"", ""ด้วยกัน""]",ตอนเย็น,,dtan-yen,ערב,evening,medium_normalized_match,spacing_plus_frame
vocab_0129_write_thai,3,typing,vocab_write_thai,כתוב בתאית: dtan-yen = ערב / evening.,Type in Thai: dtan-yen = evening / ערב.,,,ตอนเย็น,"[""ตอนเย็น""]",dtan-yen,ערב,evening,medium_normalized_match,
vocab_0129_meaning_mcq,3,multiple_choice,vocab_meaning,מה הפירוש של ตอนเย็น / dtan-yen?,What does ตอนเย็น / dtan-yen mean?,ตอนเย็น,"[""שווה"", ""לכתוב"", ""זיעה"", ""ערב""]",ערב,,dtan-yen,ערב,evening,medium_normalized_match,spacing_plus_frame
vocab_0130_choose_thai_mcq,4,multiple_choice,vocab_translit_to_thai,בחר את הכתב התאילנדי עבור: dtan-klang-keun = לילה / night.,Choose the Thai script for: dtan-klang-keun = night / לילה.,,"[""ตอนกลางคืน"", ""ต่อ"", ""ผัก"", ""ดีใจ""]",ตอนกลางคืน,,dtan-klang-keun,לילה,night,medium_normalized_match,spacing_plus_frame
vocab_0130_write_thai,4,typing,vocab_write_thai,כתוב בתאית: dtan-klang-keun = לילה / night.,Type in Thai: dtan-klang-keun = night / לילה.,,,ตอนกลางคืน,"[""ตอนกลางคืน""]",dtan-klang-keun,לילה,night,medium_normalized_match,
vocab_0130_meaning_mcq,4,multiple_choice,vocab_meaning,מה הפירוש של ตอนกลางคืน / dtan-klang-keun?,What does ตอนกลางคืน / dtan-klang-keun mean?,ตอนกลางคืน,"[""מבולבל"", ""לילה"", ""חבר (במועדון / קבוצה)"", ""מאוד""]",לילה,,dtan-klang-keun,לילה,night,medium_normalized_match,spacing_plus_frame
vocab_0131_choose_thai_mcq,3,multiple_choice,vocab_translit_to_thai,בחר את הכתב התאילנדי עבור: gin-kaaw = לאכול (אורז/ארוחה) / eat / have a meal.,Choose the Thai script for: gin-kaaw = eat / have a meal / לאכול (אורז/ארוחה).,,"[""เบียร์"", ""บอกว่า"", ""ปั๊มน้ำมัน"", ""กินข้าว""]",กินข้าว,,gin-kaaw,לאכול (אורז/ארוחה),eat / have a meal,medium_normalized_match,spacing_plus_frame
vocab_0131_write_thai,3,typing,vocab_write_thai,כתוב בתאית: gin-kaaw = לאכול (אורז/ארוחה) / eat / have a meal.,Type in Thai: gin-kaaw = eat / have a meal / לאכול (אורז/ארוחה).,,,กินข้าว,"[""กินข้าว""]",gin-kaaw,לאכול (אורז/ארוחה),eat / have a meal,medium_normalized_match,
vocab_0131_meaning_mcq,3,multiple_choice,vocab_meaning,מה הפירוש של กินข้าว / gin-kaaw?,What does กินข้าว / gin-kaaw mean?,กินข้าว,"[""מבולבל"", ""כיף"", ""לאכול (אורז/ארוחה)"", ""תלוי בך""]",לאכול (אורז/ארוחה),,gin-kaaw,לאכול (אורז/ארוחה),eat / have a meal,medium_normalized_match,spacing_plus_frame
vocab_0132_choose_thai_mcq,2,multiple_choice,vocab_translit_to_thai,בחר את הכתב התאילנדי עבור: nueng = אחד / one.,Choose the Thai script for: nueng = one / אחד.,,"[""เรือบิน"", ""อุ่น"", ""หนึ่ง"", ""สาม""]",หนึ่ง,,nueng,אחד,one,high,spacing_plus_frame
vocab_0132_write_thai,2,typing,vocab_write_thai,כתוב בתאית: nueng = אחד / one.,Type in Thai: nueng = one / אחד.,,,หนึ่ง,"[""หนึ่ง""]",nueng,אחד,one,high,
vocab_0132_meaning_mcq,2,multiple_choice,vocab_meaning,מה הפירוש של หนึ่ง / nueng?,What does หนึ่ง / nueng mean?,หนึ่ง,"[""מיליון"", ""אחד"", ""זה / הוא (להגדרות)"", ""ערב""]",אחד,,nueng,אחד,one,high,spacing_plus_frame
vocab_0133_choose_thai_mcq,2,multiple_choice,vocab_translit_to_thai,בחר את הכתב התאילנדי עבור: song = שתיים / two.,Choose the Thai script for: song = two / שתיים.,,"[""สอง"", ""รถ"", ""เมื่อไร"", ""เห็นด้วย""]",สอง,,song,שתיים,two,high,spacing_plus_frame
vocab_0133_write_thai,2,typing,vocab_write_thai,כתוב בתאית: song = שתיים / two.,Type in Thai: song = two / שתיים.,,,สอง,"[""สอง""]",song,שתיים,two,high,
vocab_0133_meaning_mcq,2,multiple_choice,vocab_meaning,מה הפירוש של สอง / song?,What does สอง / song mean?,สอง,"[""ביצה"", ""זיעה"", ""שתיים"", ""שפה""]",שתיים,,song,שתיים,two,high,spacing_plus_frame
vocab_0134_choose_thai_mcq,2,multiple_choice,vocab_translit_to_thai,בחר את הכתב התאילנדי עבור: saam = שלוש / three.,Choose the Thai script for: saam = three / שלוש.,,"[""หวัง"", ""สาม"", ""บางคน"", ""พูด""]",สาม,,saam,שלוש,three,high,spacing_plus_frame
vocab_0134_write_thai,2,typing,vocab_write_thai,כתוב בתאית: saam = שלוש / three.,Type in Thai: saam = three / שלוש.,,,สาม,"[""สาม""]",saam,שלוש,three,high,
vocab_0134_meaning_mcq,2,multiple_choice,vocab_meaning,מה הפירוש של สาม / saam?,What does สาม / saam mean?,สาม,"[""שלוש"", ""לעזור"", ""כסף"", ""לא צריך / אין צורך""]",שלוש,,saam,שלוש,three,high,spacing_plus_frame
vocab_0135_choose_thai_mcq,2,multiple_choice,vocab_translit_to_thai,בחר את הכתב התאילנדי עבור: sii = ארבע / four.,Choose the Thai script for: sii = four / ארבע.,,"[""แม่"", ""ตอนนี้"", ""สี่"", ""พริก""]",สี่,,sii,ארבע,four,high,spacing_plus_frame
vocab_0135_write_thai,2,typing,vocab_write_thai,כתוב בתאית: sii = ארבע / four.,Type in Thai: sii = four / ארבע.,,,สี่,"[""สี่""]",sii,ארבע,four,high,
vocab_0135_meaning_mcq,2,multiple_choice,vocab_meaning,מה הפירוש של สี่ / sii?,What does สี่ / sii mean?,สี่,"[""ארבע"", ""שפה"", ""אננס"", ""על מה אתה חושב?""]",ארבע,,sii,ארבע,four,high,spacing_plus_frame
vocab_0136_choose_thai_mcq,2,multiple_choice,vocab_translit_to_thai,בחר את הכתב התאילנדי עבור: haa = חמש / five.,Choose the Thai script for: haa = five / חמש.,,"[""ห้า"", ""นามสกุล"", ""เพราะว่า"", ""น้ำมัน""]",ห้า,,haa,חמש,five,high,spacing_plus_frame
vocab_0136_write_thai,2,typing,vocab_write_thai,כתוב בתאית: haa = חמש / five.,Type in Thai: haa = five / חמש.,,,ห้า,"[""ห้า""]",haa,חמש,five,high,
vocab_0136_meaning_mcq,2,multiple_choice,vocab_meaning,מה הפירוש של ห้า / haa?,What does ห้า / haa mean?,ห้า,"[""חמש"", ""לראות / לחפש"", ""לקוות"", ""תחתנת משטרה""]",חמש,,haa,חמש,five,high,spacing_plus_frame
vocab_0137_choose_thai_mcq,2,multiple_choice,vocab_translit_to_thai,בחר את הכתב התאילנדי עבור: hok = שש / six.,Choose the Thai script for: hok = six / שש.,,"[""หก"", ""สมอง"", ""เรียกว่าอะไร"", ""เพราะว่า""]",หก,,hok,שש,six,high,spacing_plus_frame
vocab_0137_write_thai,2,typing,vocab_write_thai,כתוב בתאית: hok = שש / six.,Type in Thai: hok = six / שש.,,,หก,"[""หก""]",hok,שש,six,high,
vocab_0137_meaning_mcq,2,multiple_choice,vocab_meaning,מה הפירוש של หก / hok?,What does หก / hok mean?,หก,"[""לדבר"", ""עכשיו"", ""מובן"", ""שש""]",שש,,hok,שש,six,high,spacing_plus_frame
vocab_0138_choose_thai_mcq,2,multiple_choice,vocab_translit_to_thai,בחר את הכתב התאילנדי עבור: jet = שבע / seven.,Choose the Thai script for: jet = seven / שבע.,,"[""พริก"", ""ตกใจ"", ""เกลียด"", ""เจ็ด""]",เจ็ด,,jet,שבע,seven,high,spacing_plus_frame
vocab_0138_write_thai,2,typing,vocab_write_thai,כתוב בתאית: jet = שבע / seven.,Type in Thai: jet = seven / שבע.,,,เจ็ด,"[""เจ็ด""]",jet,שבע,seven,high,
vocab_0138_meaning_mcq,2,multiple_choice,vocab_meaning,מה הפירוש של เจ็ด / jet?,What does เจ็ด / jet mean?,เจ็ด,"[""שוק"", ""ישנוני"", ""שבע"", ""לחזור (על חומר)""]",שבע,,jet,שבע,seven,high,spacing_plus_frame
vocab_0139_choose_thai_mcq,2,multiple_choice,vocab_translit_to_thai,בחר את הכתב התאילנדי עבור: bpaed = שמונה / eight.,Choose the Thai script for: bpaed = eight / שמונה.,,"[""ตกใจ"", ""ผึ้ง"", ""เห็น"", ""แปด""]",แปด,,bpaed,שמונה,eight,high,spacing_plus_frame
vocab_0139_write_thai,2,typing,vocab_write_thai,כתוב בתאית: bpaed = שמונה / eight.,Type in Thai: bpaed = eight / שמונה.,,,แปด,"[""แปด""]",bpaed,שמונה,eight,high,
vocab_0139_meaning_mcq,2,multiple_choice,vocab_meaning,מה הפירוש של แปด / bpaed?,What does แปด / bpaed mean?,แปด,"[""בשר / בקר"", ""מפחד"", ""מטוס"", ""שמונה""]",שמונה,,bpaed,שמונה,eight,high,spacing_plus_frame
vocab_0140_choose_thai_mcq,2,multiple_choice,vocab_translit_to_thai,בחר את הכתב התאילנדי עבור: gao = תשע / nine.,Choose the Thai script for: gao = nine / תשע.,,"[""น้ำมัน"", ""สวัสดี"", ""เก้า"", ""จาก""]",เก้า,,gao,תשע,nine,high,spacing_plus_frame
vocab_0140_write_thai,2,typing,vocab_write_thai,כתוב בתאית: gao = תשע / nine.,Type in Thai: gao = nine / תשע.,,,เก้า,"[""เก้า""]",gao,תשע,nine,high,
vocab_0140_meaning_mcq,2,multiple_choice,vocab_meaning,מה הפירוש של เก้า / gao?,What does เก้า / gao mean?,เก้า,"[""להדליק / לפתוח"", ""בכל מקום"", ""בהצלחה"", ""תשע""]",תשע,,gao,תשע,nine,high,spacing_plus_frame
vocab_0141_choose_thai_mcq,2,multiple_choice,vocab_translit_to_thai,בחר את הכתב התאילנדי עבור: sip = עשר / ten.,Choose the Thai script for: sip = ten / עשר.,,"[""เหล้า"", ""ท้อง"", ""สิบ"", ""ห้า""]",สิบ,,sip,עשר,ten,high,spacing_plus_frame
vocab_0141_write_thai,2,typing,vocab_write_thai,כתוב בתאית: sip = עשר / ten.,Type in Thai: sip = ten / עשר.,,,สิบ,"[""สิบ""]",sip,עשר,ten,high,
vocab_0141_meaning_mcq,2,multiple_choice,vocab_meaning,מה הפירוש של สิบ / sip?,What does สิบ / sip mean?,สิบ,"[""מתי?"", ""מה קורה? / מה נשמע?"", ""כל יום"", ""עשר""]",עשר,,sip,עשר,ten,high,spacing_plus_frame
vocab_0142_choose_thai_mcq,3,multiple_choice,vocab_translit_to_thai,בחר את הכתב התאילנדי עבור: sip-et = אחת עשרה / eleven.,Choose the Thai script for: sip-et = eleven / אחת עשרה.,,"[""บางที"", ""หน้าร้อน"", ""มอเตอร์ไซค์"", ""สิบเอ็ด""]",สิบเอ็ด,,sip-et,אחת עשרה,eleven,medium_normalized_match,spacing_plus_frame
vocab_0142_write_thai,3,typing,vocab_write_thai,כתוב בתאית: sip-et = אחת עשרה / eleven.,Type in Thai: sip-et = eleven / אחת עשרה.,,,สิบเอ็ด,"[""สิบเอ็ด""]",sip-et,אחת עשרה,eleven,medium_normalized_match,
vocab_0142_meaning_mcq,3,multiple_choice,vocab_meaning,מה הפירוש של สิบเอ็ด / sip-et?,What does สิบเอ็ด / sip-et mean?,สิบเอ็ด,"[""קרוב (טון נמוך)"", ""כיף"", ""רחוק (טון גבוה)"", ""אחת עשרה""]",אחת עשרה,,sip-et,אחת עשרה,eleven,medium_normalized_match,spacing_plus_frame
vocab_0143_choose_thai_mcq,3,multiple_choice,vocab_translit_to_thai,בחר את הכתב התאילנדי עבור: yii-sip = עשרים / twenty.,Choose the Thai script for: yii-sip = twenty / עשרים.,,"[""ยี่สิบ"", ""ร้อย"", ""เคย"", ""รอ""]",ยี่สิบ,,yii-sip,עשרים,twenty,medium_normalized_match,spacing_plus_frame
vocab_0143_write_thai,3,typing,vocab_write_thai,כתוב בתאית: yii-sip = עשרים / twenty.,Type in Thai: yii-sip = twenty / עשרים.,,,ยี่สิบ,"[""ยี่สิบ""]",yii-sip,עשרים,twenty,medium_normalized_match,
vocab_0143_meaning_mcq,3,multiple_choice,vocab_meaning,מה הפירוש של ยี่สิบ / yii-sip?,What does ยี่สิบ / yii-sip mean?,ยี่สิบ,"[""ואתה/ואת?"", ""בהצלחה"", ""עשרים"", ""מאוד""]",עשרים,,yii-sip,עשרים,twenty,medium_normalized_match,spacing_plus_frame
vocab_0144_choose_thai_mcq,2,multiple_choice,vocab_translit_to_thai,בחר את הכתב התאילנדי עבור: roi = מאה / hundred.,Choose the Thai script for: roi = hundred / מאה.,,"[""เด็ก"", ""พระเจ้าอยู่หัว"", ""ร้อย"", ""รู้ไหม""]",ร้อย,,roi,מאה,hundred,high,spacing_plus_frame
vocab_0144_write_thai,2,typing,vocab_write_thai,כתוב בתאית: roi = מאה / hundred.,Type in Thai: roi = hundred / מאה.,,,ร้อย,"[""ร้อย""]",roi,מאה,hundred,high,
vocab_0144_meaning_mcq,2,multiple_choice,vocab_meaning,מה הפירוש של ร้อย / roi?,What does ร้อย / roi mean?,ร้อย,"[""מאה"", ""שם אמיתי"", ""קרח"", ""משעמם""]",מאה,,roi,מאה,hundred,high,spacing_plus_frame
vocab_0145_choose_thai_mcq,2,multiple_choice,vocab_translit_to_thai,בחר את הכתב התאילנדי עבור: pan = אלף / thousand.,Choose the Thai script for: pan = thousand / אלף.,,"[""ชา"", ""เขียน"", ""พัน"", ""มาครับ""]",พัน,,pan,אלף,thousand,high,spacing_plus_frame
vocab_0145_write_thai,2,typing,vocab_write_thai,כתוב בתאית: pan = אלף / thousand.,Type in Thai: pan = thousand / אלף.,,,พัน,"[""พัน""]",pan,אלף,thousand,high,
vocab_0145_meaning_mcq,2,multiple_choice,vocab_meaning,מה הפירוש של พัน / pan?,What does พัน / pan mean?,พัน,"[""ביחד"", ""לזכור"", ""ללכת לאיבוד"", ""אלף""]",אלף,,pan,אלף,thousand,high,spacing_plus_frame
vocab_0146_choose_thai_mcq,2,multiple_choice,vocab_translit_to_thai,בחר את הכתב התאילנדי עבור: meun = עשרת אלפים / ten thousand.,Choose the Thai script for: meun = ten thousand / עשרת אלפים.,,"[""บาง"", ""ผึ้ง"", ""หมื่น"", ""อย่างไร""]",หมื่น,,meun,עשרת אלפים,ten thousand,high,spacing_plus_frame
vocab_0146_write_thai,2,typing,vocab_write_thai,כתוב בתאית: meun = עשרת אלפים / ten thousand.,Type in Thai: meun = ten thousand / עשרת אלפים.,,,หมื่น,"[""หมื่น""]",meun,עשרת אלפים,ten thousand,high,
vocab_0146_meaning_mcq,2,multiple_choice,vocab_meaning,מה הפירוש של หมื่น / meun?,What does หมื่น / meun mean?,หมื่น,"[""עשרת אלפים"", ""בודד"", ""לספר / להגיד ש..."", ""חבר (במועדון / קבוצה)""]",עשרת אלפים,,meun,עשרת אלפים,ten thousand,high,spacing_plus_frame
vocab_0147_choose_thai_mcq,2,multiple_choice,vocab_translit_to_thai,בחר את הכתב התאילנדי עבור: san = מאה אלף / hundred thousand.,Choose the Thai script for: san = hundred thousand / מאה אלף.,,"[""เรียน"", ""แสน"", ""ไม่เอา"", ""หิน""]",แสน,,san,מאה אלף,hundred thousand,high,spacing_plus_frame
vocab_0147_write_thai,2,typing,vocab_write_thai,כתוב בתאית: san = מאה אלף / hundred thousand.,Type in Thai: san = hundred thousand / מאה אלף.,,,แสน,"[""แสน""]",san,מאה אלף,hundred thousand,high,
vocab_0147_meaning_mcq,2,multiple_choice,vocab_meaning,מה הפירוש של แสน / san?,What does แสน / san mean?,แสน,"[""מאה אלף"", ""הבא"", ""רעב"", ""חמש""]",מאה אלף,,san,מאה אלף,hundred thousand,high,spacing_plus_frame
vocab_0148_choose_thai_mcq,2,multiple_choice,vocab_translit_to_thai,בחר את הכתב התאילנדי עבור: lan = מיליון / million.,Choose the Thai script for: lan = million / מיליון.,,"[""เปรี้ยว"", ""ท้อง"", ""ครู"", ""ล้าน""]",ล้าน,,lan,מיליון,million,high,spacing_plus_frame
vocab_0148_write_thai,2,typing,vocab_write_thai,כתוב בתאית: lan = מיליון / million.,Type in Thai: lan = million / מיליון.,,,ล้าน,"[""ล้าน""]",lan,מיליון,million,high,
vocab_0148_meaning_mcq,2,multiple_choice,vocab_meaning,מה הפירוש של ล้าน / lan?,What does ล้าน / lan mean?,ล้าน,"[""לבכות"", ""חדר"", ""מיליון"", ""להריח""]",מיליון,,lan,מיליון,million,high,spacing_plus_frame
vocab_0149_choose_thai_mcq,2,multiple_choice,vocab_translit_to_thai,בחר את הכתב התאילנדי עבור: naa = פנים / עונה / דף / face / season / page.,Choose the Thai script for: naa = face / season / page / פנים / עונה / דף.,,"[""เตี้ย"", ""น้ำแข็ง"", ""หน้า"", ""ร้านอาหาร""]",หน้า,,naa,פנים / עונה / דף,face / season / page,high,spacing_plus_frame
vocab_0149_write_thai,2,typing,vocab_write_thai,כתוב בתאית: naa = פנים / עונה / דף / face / season / page.,Type in Thai: naa = face / season / page / פנים / עונה / דף.,,,หน้า,"[""หน้า""]",naa,פנים / עונה / דף,face / season / page,high,
vocab_0149_meaning_mcq,2,multiple_choice,vocab_meaning,מה הפירוש של หน้า / naa?,What does หน้า / naa mean?,หน้า,"[""הר"", ""מה קורה? / מה נשמע?"", ""פנים / עונה / דף"", ""הר""]",פנים / עונה / דף,,naa,פנים / עונה / דף,face / season / page,high,spacing_plus_frame
vocab_0150_choose_thai_mcq,3,multiple_choice,vocab_translit_to_thai,בחר את הכתב התאילנדי עבור: naa-rawn = העונה החמה / hot season.,Choose the Thai script for: naa-rawn = hot season / העונה החמה.,,"[""โรง"", ""อร่อย"", ""ชื่อเล่น"", ""หน้าร้อน""]",หน้าร้อน,,naa-rawn,העונה החמה,hot season,medium_normalized_match,spacing_plus_frame
vocab_0150_write_thai,3,typing,vocab_write_thai,כתוב בתאית: naa-rawn = העונה החמה / hot season.,Type in Thai: naa-rawn = hot season / העונה החמה.,,,หน้าร้อน,"[""หน้าร้อน""]",naa-rawn,העונה החמה,hot season,medium_normalized_match,
vocab_0150_meaning_mcq,3,multiple_choice,vocab_meaning,מה הפירוש של หน้าร้อน / naa-rawn?,What does หน้าร้อน / naa-rawn mean?,หน้าร้อน,"[""פה / מקור"", ""מטוס"", ""העונה החמה"", ""איך""]",העונה החמה,,naa-rawn,העונה החמה,hot season,medium_normalized_match,spacing_plus_frame
vocab_0151_choose_thai_mcq,3,multiple_choice,vocab_translit_to_thai,בחר את הכתב התאילנדי עבור: naa-fon = עונת הגשמים / rainy season.,Choose the Thai script for: naa-fon = rainy season / עונת הגשמים.,,"[""ยินดี"", ""กินอะไร"", ""หน้าฝน"", ""หมอ""]",หน้าฝน,,naa-fon,עונת הגשמים,rainy season,medium_normalized_match,spacing_plus_frame
vocab_0151_write_thai,3,typing,vocab_write_thai,כתוב בתאית: naa-fon = עונת הגשמים / rainy season.,Type in Thai: naa-fon = rainy season / עונת הגשמים.,,,หน้าฝน,"[""หน้าฝน""]",naa-fon,עונת הגשמים,rainy season,medium_normalized_match,
vocab_0151_meaning_mcq,3,multiple_choice,vocab_meaning,מה הפירוש של หน้าฝน / naa-fon?,What does หน้าฝน / naa-fon mean?,หน้าฝน,"[""הורים"", ""אלף"", ""צהריים"", ""עונת הגשמים""]",עונת הגשמים,,naa-fon,עונת הגשמים,rainy season,medium_normalized_match,spacing_plus_frame
vocab_0152_choose_thai_mcq,3,multiple_choice,vocab_translit_to_thai,בחר את הכתב התאילנדי עבור: naa-nao = העונה הקרה / cold season.,Choose the Thai script for: naa-nao = cold season / העונה הקרה.,,"[""หน้าหนาว"", ""ดื่ม"", ""ไม่ได้…"", ""เมื่อไร""]",หน้าหนาว,,naa-nao,העונה הקרה,cold season,medium_normalized_match,spacing_plus_frame
vocab_0152_write_thai,3,typing,vocab_write_thai,כתוב בתאית: naa-nao = העונה הקרה / cold season.,Type in Thai: naa-nao = cold season / העונה הקרה.,,,หน้าหนาว,"[""หน้าหนาว""]",naa-nao,העונה הקרה,cold season,medium_normalized_match,
vocab_0152_meaning_mcq,3,multiple_choice,vocab_meaning,מה הפירוש של หน้าหนาว / naa-nao?,What does หน้าหนาว / naa-nao mean?,หน้าหนาว,"[""חייב"", ""המוח לא עובד"", ""מי (או מי זה)"", ""העונה הקרה""]",העונה הקרה,,naa-nao,העונה הקרה,cold season,medium_normalized_match,spacing_plus_frame
vocab_0153_choose_thai_mcq,2,multiple_choice,vocab_translit_to_thai,בחר את הכתב התאילנדי עבור: glai = קרוב (טון נמוך) / near.,Choose the Thai script for: glai = near / קרוב (טון נמוך).,,"[""อยู่"", ""น้ำ"", ""ใกล้"", ""บ้าน""]",ใกล้,,glai,קרוב (טון נמוך),near,high_context_disambiguated,spacing_plus_frame
vocab_0153_write_thai,2,typing,vocab_write_thai,כתוב בתאית: glai = קרוב (טון נמוך) / near.,Type in Thai: glai = near / קרוב (טון נמוך).,,,ใกล้,"[""ใกล้""]",glai,קרוב (טון נמוך),near,high_context_disambiguated,
vocab_0153_meaning_mcq,2,multiple_choice,vocab_meaning,מה הפירוש של ใกล้ / glai?,What does ใกล้ / glai mean?,ใกล้,"[""שוב (Again)"", ""חביתה"", ""קרוב (טון נמוך)"", ""צמא""]",קרוב (טון נמוך),,glai,קרוב (טון נמוך),near,high_context_disambiguated,spacing_plus_frame
vocab_0154_choose_thai_mcq,2,multiple_choice,vocab_translit_to_thai,בחר את הכתב התאילנדי עבור: glai = רחוק (טון גבוה) / far.,Choose the Thai script for: glai = far / רחוק (טון גבוה).,,"[""ร้านอาหาร"", ""เผ็ด"", ""ยังไง"", ""ไกล""]",ไกล,,glai,רחוק (טון גבוה),far,high_context_disambiguated,spacing_plus_frame
vocab_0154_write_thai,2,typing,vocab_write_thai,כתוב בתאית: glai = רחוק (טון גבוה) / far.,Type in Thai: glai = far / רחוק (טון גבוה).,,,ไกล,"[""ไกล""]",glai,רחוק (טון גבוה),far,high_context_disambiguated,
vocab_0154_meaning_mcq,2,multiple_choice,vocab_meaning,מה הפירוש של ไกล / glai?,What does ไกล / glai mean?,ไกล,"[""בלי / לא לשים"", ""רחוק (טון גבוה)"", ""תודה"", ""איך קוראים ל...?""]",רחוק (טון גבוה),,glai,רחוק (טון גבוה),far,high_context_disambiguated,spacing_plus_frame
vocab_0155_choose_thai_mcq,2,multiple_choice,vocab_translit_to_thai,בחר את הכתב התאילנדי עבור: dtong = חייב / must.,Choose the Thai script for: dtong = must / חייב.,,"[""เข้าใจไหม"", ""ไข่"", ""ต้อง"", ""ผอม""]",ต้อง,,dtong,חייב,must,high,spacing_plus_frame
vocab_0155_write_thai,2,typing,vocab_write_thai,כתוב בתאית: dtong = חייב / must.,Type in Thai: dtong = must / חייב.,,,ต้อง,"[""ต้อง""]",dtong,חייב,must,high,
vocab_0155_meaning_mcq,2,multiple_choice,vocab_meaning,מה הפירוש של ต้อง / dtong?,What does ต้อง / dtong mean?,ต้อง,"[""מאה אלף"", ""קרוב (טון נמוך)"", ""חייב"", ""לא / אל""]",חייב,,dtong,חייב,must,high,spacing_plus_frame
vocab_0156_choose_thai_mcq,2,multiple_choice,vocab_translit_to_thai,בחר את הכתב התאילנדי עבור: glua = לפחד / afraid.,Choose the Thai script for: glua = afraid / לפחד.,,"[""หิว"", ""พักผ่อน"", ""ที่นี่"", ""กลัว""]",กลัว,,glua,לפחד,afraid,high,spacing_plus_frame
vocab_0156_write_thai,2,typing,vocab_write_thai,כתוב בתאית: glua = לפחד / afraid.,Type in Thai: glua = afraid / לפחד.,,,กลัว,"[""กลัว""]",glua,לפחד,afraid,high,
vocab_0156_meaning_mcq,2,multiple_choice,vocab_meaning,מה הפירוש של กลัว / glua?,What does กลัว / glua mean?,กลัว,"[""ביצת עין"", ""עוף"", ""לפחד"", ""יציאה,החוצה""]",לפחד,,glua,לפחד,afraid,high,spacing_plus_frame
vocab_0157_choose_thai_mcq,3,multiple_choice,vocab_translit_to_thai,בחר את הכתב התאילנדי עבור: bpra-maan = בערך / about / approximately.,Choose the Thai script for: bpra-maan = about / approximately / בערך.,,"[""เข้า"", ""ประมาณ"", ""สำคัญ"", ""ขม""]",ประมาณ,,bpra-maan,בערך,about / approximately,medium_normalized_match,spacing_plus_frame
vocab_0157_write_thai,3,typing,vocab_write_thai,כתוב בתאית: bpra-maan = בערך / about / approximately.,Type in Thai: bpra-maan = about / approximately / בערך.,,,ประมาณ,"[""ประมาณ""]",bpra-maan,בערך,about / approximately,medium_normalized_match,
vocab_0157_meaning_mcq,3,multiple_choice,vocab_meaning,מה הפירוש של ประมาณ / bpra-maan?,What does ประมาณ / bpra-maan mean?,ประมาณ,"[""המלך (תואר רשמי)"", ""בערך"", ""כולם"", ""מתוק""]",בערך,,bpra-maan,בערך,about / approximately,medium_normalized_match,spacing_plus_frame
vocab_0158_choose_thai_mcq,2,multiple_choice,vocab_translit_to_thai,בחר את הכתב התאילנדי עבור: glap = לחזור / return.,Choose the Thai script for: glap = return / לחזור.,,"[""ออก"", ""ร้อย"", ""ชื่อเล่น"", ""กลับ""]",กลับ,,glap,לחזור,return,high,spacing_plus_frame
vocab_0158_write_thai,2,typing,vocab_write_thai,כתוב בתאית: glap = לחזור / return.,Type in Thai: glap = return / לחזור.,,,กลับ,"[""กลับ""]",glap,לחזור,return,high,
vocab_0158_meaning_mcq,2,multiple_choice,vocab_meaning,מה הפירוש של กลับ / glap?,What does กลับ / glap mean?,กลับ,"[""משעמם"", ""מסכים"", ""ישנוני"", ""לחזור""]",לחזור,,glap,לחזור,return,high,spacing_plus_frame
vocab_0159_choose_thai_mcq,3,multiple_choice,vocab_translit_to_thai,בחר את הכתב התאילנדי עבור: glap baan = לחזור הביתה / return home.,Choose the Thai script for: glap baan = return home / לחזור הביתה.,,"[""ไม่"", ""หิว"", ""เสร็จ"", ""กลับบ้าน""]",กลับบ้าน,,glap baan,לחזור הביתה,return home,high,spacing_plus_frame
vocab_0159_write_thai,3,typing,vocab_write_thai,כתוב בתאית: glap baan = לחזור הביתה / return home.,Type in Thai: glap baan = return home / לחזור הביתה.,,,กลับบ้าน,"[""กลับบ้าน""]",glap baan,לחזור הביתה,return home,high,
vocab_0159_meaning_mcq,3,multiple_choice,vocab_meaning,מה הפירוש של กลับบ้าน / glap baan?,What does กลับบ้าน / glap baan mean?,กลับบ้าน,"[""לחלוק כבוד"", ""שלוש"", ""המלך (תואר רשמי)"", ""לחזור הביתה""]",לחזור הביתה,,glap baan,לחזור הביתה,return home,high,spacing_plus_frame
vocab_0160_choose_thai_mcq,2,multiple_choice,vocab_translit_to_thai,בחר את הכתב התאילנדי עבור: heua = זיעה / sweat.,Choose the Thai script for: heua = sweat / זיעה.,,"[""ภูมิใจ"", ""สวย"", ""เหงื่อ"", ""สนุก""]",เหงื่อ,,heua,זיעה,sweat,high,spacing_plus_frame
vocab_0160_write_thai,2,typing,vocab_write_thai,כתוב בתאית: heua = זיעה / sweat.,Type in Thai: heua = sweat / זיעה.,,,เหงื่อ,"[""เหงื่อ""]",heua,זיעה,sweat,high,
vocab_0160_meaning_mcq,2,multiple_choice,vocab_meaning,מה הפירוש של เหงื่อ / heua?,What does เหงื่อ / heua mean?,เหงื่อ,"[""זיעה"", ""מבין?"", ""לבכות"", ""מר""]",זיעה,,heua,זיעה,sweat,high,spacing_plus_frame
vocab_0161_choose_thai_mcq,3,multiple_choice,vocab_translit_to_thai,בחר את הכתב התאילנדי עבור: heua-awk = להזיע / sweat / perspire.,Choose the Thai script for: heua-awk = sweat / perspire / להזיע.,,"[""มาก"", ""เหงื่อออก"", ""รักผม/ฉันไหม"", ""จาก""]",เหงื่อออก,,heua-awk,להזיע,sweat / perspire,medium_normalized_match,spacing_plus_frame
vocab_0161_write_thai,3,typing,vocab_write_thai,כתוב בתאית: heua-awk = להזיע / sweat / perspire.,Type in Thai: heua-awk = sweat / perspire / להזיע.,,,เหงื่อออก,"[""เหงื่อออก""]",heua-awk,להזיע,sweat / perspire,medium_normalized_match,
vocab_0161_meaning_mcq,3,multiple_choice,vocab_meaning,מה הפירוש של เหงื่อออก / heua-awk?,What does เหงื่อออก / heua-awk mean?,เหงื่อออก,"[""להוסיף"", ""להזיע"", ""אננס"", ""להגיד / לספר""]",להזיע,,heua-awk,להזיע,sweat / perspire,medium_normalized_match,spacing_plus_frame
vocab_0162_choose_thai_mcq,2,multiple_choice,vocab_translit_to_thai,בחר את הכתב התאילנדי עבור: nuay = עייף / tired.,Choose the Thai script for: nuay = tired / עייף.,,"[""คน"", ""ขนมปัง"", ""เนื้อ"", ""เหนื่อย""]",เหนื่อย,,nuay,עייף,tired,high,spacing_plus_frame
vocab_0162_write_thai,2,typing,vocab_write_thai,כתוב בתאית: nuay = עייף / tired.,Type in Thai: nuay = tired / עייף.,,,เหนื่อย,"[""เหนื่อย""]",nuay,עייף,tired,high,
vocab_0162_meaning_mcq,2,multiple_choice,vocab_meaning,מה הפירוש של เหนื่อย / nuay?,What does เหนื่อย / nuay mean?,เหนื่อย,"[""עייף"", ""חריף"", ""בד / בגד"", ""ללכת""]",עייף,,nuay,עייף,tired,high,spacing_plus_frame
vocab_0163_choose_thai_mcq,2,multiple_choice,vocab_translit_to_thai,בחר את הכתב התאילנדי עבור: hiu = רעב / hungry.,Choose the Thai script for: hiu = hungry / רעב.,,"[""ท้อง"", ""เปิด"", ""น้ำตก"", ""หิว""]",หิว,,hiu,רעב,hungry,high,spacing_plus_frame
vocab_0163_write_thai,2,typing,vocab_write_thai,כתוב בתאית: hiu = רעב / hungry.,Type in Thai: hiu = hungry / רעב.,,,หิว,"[""หิว""]",hiu,רעב,hungry,high,
vocab_0163_meaning_mcq,2,multiple_choice,vocab_meaning,מה הפירוש של หิว / hiu?,What does หิว / hiu mean?,หิว,"[""מטוס"", ""רעב"", ""מאה אלף"", ""שש""]",רעב,,hiu,רעב,hungry,high,spacing_plus_frame
vocab_0164_choose_thai_mcq,3,multiple_choice,vocab_translit_to_thai,בחר את הכתב התאילנדי עבור: hiu-nam = צמא / thirsty.,Choose the Thai script for: hiu-nam = thirsty / צמא.,,"[""เจอกัน"", ""หิวน้ำ"", ""สาม"", ""กอง""]",หิวน้ำ,,hiu-nam,צמא,thirsty,medium_normalized_match,spacing_plus_frame
vocab_0164_write_thai,3,typing,vocab_write_thai,כתוב בתאית: hiu-nam = צמא / thirsty.,Type in Thai: hiu-nam = thirsty / צמא.,,,หิวน้ำ,"[""หิวน้ำ""]",hiu-nam,צמא,thirsty,medium_normalized_match,
vocab_0164_meaning_mcq,3,multiple_choice,vocab_meaning,מה הפירוש של หิวน้ำ / hiu-nam?,What does หิวน้ำ / hiu-nam mean?,หิวน้ำ,"[""צמא"", ""לבוא"", ""בית"", ""טעים""]",צמא,,hiu-nam,צמא,thirsty,medium_normalized_match,spacing_plus_frame
vocab_0165_choose_thai_mcq,2,multiple_choice,vocab_translit_to_thai,בחר את הכתב התאילנדי עבור: im = שבע (מאוכל) / full from food.,Choose the Thai script for: im = full from food / שבע (מאוכל).,,"[""ไม่เห็นด้วย"", ""สวย"", ""เหงา"", ""อิ่ม""]",อิ่ม,,im,שבע (מאוכל),full from food,high,spacing_plus_frame
vocab_0165_write_thai,2,typing,vocab_write_thai,כתוב בתאית: im = שבע (מאוכל) / full from food.,Type in Thai: im = full from food / שבע (מאוכל).,,,อิ่ม,"[""อิ่ม""]",im,שבע (מאוכל),full from food,high,
vocab_0165_meaning_mcq,2,multiple_choice,vocab_meaning,מה הפירוש של อิ่ม / im?,What does อิ่ม / im mean?,อิ่ม,"[""שבע (מאוכל)"", ""ארבע"", ""חלון"", ""חמוץ""]",שבע (מאוכל),,im,שבע (מאוכל),full from food,high,spacing_plus_frame
vocab_0166_choose_thai_mcq,2,multiple_choice,vocab_translit_to_thai,בחר את הכתב התאילנדי עבור: pet = חריף / spicy.,Choose the Thai script for: pet = spicy / חריף.,,"[""ผลไม้"", ""รู้สึกว่า"", ""เผ็ด"", ""รอ""]",เผ็ด,,pet,חריף,spicy,high,spacing_plus_frame
vocab_0166_write_thai,2,typing,vocab_write_thai,כתוב בתאית: pet = חריף / spicy.,Type in Thai: pet = spicy / חריף.,,,เผ็ด,"[""เผ็ด""]",pet,חריף,spicy,high,
vocab_0166_meaning_mcq,2,multiple_choice,vocab_meaning,מה הפירוש של เผ็ด / pet?,What does เผ็ด / pet mean?,เผ็ด,"[""מינוס"", ""חריף"", ""בגלל ש..."", ""היום""]",חריף,,pet,חריף,spicy,high,spacing_plus_frame
vocab_0167_choose_thai_mcq,2,multiple_choice,vocab_translit_to_thai,בחר את הכתב התאילנדי עבור: kem = מלוח / salty.,Choose the Thai script for: kem = salty / מלוח.,,"[""เบื่อ"", ""ใช่ไหม"", ""เค็ม"", ""ง่วงนอน""]",เค็ม,,kem,מלוח,salty,high,spacing_plus_frame
vocab_0167_write_thai,2,typing,vocab_write_thai,כתוב בתאית: kem = מלוח / salty.,Type in Thai: kem = salty / מלוח.,,,เค็ม,"[""เค็ม""]",kem,מלוח,salty,high,
vocab_0167_meaning_mcq,2,multiple_choice,vocab_meaning,מה הפירוש של เค็ม / kem?,What does เค็ม / kem mean?,เค็ม,"[""ללכת"", ""שונא"", ""מלוח"", ""לתת / עבור""]",מלוח,,kem,מלוח,salty,high,spacing_plus_frame
vocab_0168_choose_thai_mcq,2,multiple_choice,vocab_translit_to_thai,בחר את הכתב התאילנדי עבור: bpreaw = חמוץ / sour.,Choose the Thai script for: bpreaw = sour / חמוץ.,,"[""เผ็ด"", ""หวี"", ""เปรี้ยว"", ""ทุกอย่าง""]",เปรี้ยว,,bpreaw,חמוץ,sour,high,spacing_plus_frame
vocab_0168_write_thai,2,typing,vocab_write_thai,כתוב בתאית: bpreaw = חמוץ / sour.,Type in Thai: bpreaw = sour / חמוץ.,,,เปรี้ยว,"[""เปรี้ยว""]",bpreaw,חמוץ,sour,high,
vocab_0168_meaning_mcq,2,multiple_choice,vocab_meaning,מה הפירוש של เปรี้ยว / bpreaw?,What does เปรี้ยว / bpreaw mean?,เปรี้ยว,"[""לא מעוניין / לא אכפת"", ""חמוץ"", ""סליחה"", ""בטוח בעצמי""]",חמוץ,,bpreaw,חמוץ,sour,high,spacing_plus_frame
vocab_0169_choose_thai_mcq,2,multiple_choice,vocab_translit_to_thai,בחר את הכתב התאילנדי עבור: kom = מר / bitter.,Choose the Thai script for: kom = bitter / מר.,,"[""เนื้อ"", ""ไข่เจียว"", ""รู้"", ""ขม""]",ขม,,kom,מר,bitter,high,spacing_plus_frame
vocab_0169_write_thai,2,typing,vocab_write_thai,כתוב בתאית: kom = מר / bitter.,Type in Thai: kom = bitter / מר.,,,ขม,"[""ขม""]",kom,מר,bitter,high,
vocab_0169_meaning_mcq,2,multiple_choice,vocab_meaning,מה הפירוש של ขม / kom?,What does ขม / kom mean?,ขม,"[""צ'ילי"", ""מר"", ""אתמול"", ""יפה""]",מר,,kom,מר,bitter,high,spacing_plus_frame
vocab_0170_choose_thai_mcq,2,multiple_choice,vocab_translit_to_thai,בחר את הכתב התאילנדי עבור: man = שומני / oily / fatty.,Choose the Thai script for: man = oily / fatty / שומני.,,"[""มัน"", ""ทุกคน"", ""บวก"", ""หิน""]",มัน,,man,שומני,oily / fatty,high,spacing_plus_frame
vocab_0170_write_thai,2,typing,vocab_write_thai,כתוב בתאית: man = שומני / oily / fatty.,Type in Thai: man = oily / fatty / שומני.,,,มัน,"[""มัน""]",man,שומני,oily / fatty,high,
vocab_0170_meaning_mcq,2,multiple_choice,vocab_meaning,מה הפירוש של มัน / man?,What does มัน / man mean?,มัน,"[""נמוך"", ""לאהוב / לחבב"", ""לדבר"", ""שומני""]",שומני,,man,שומני,oily / fatty,high,spacing_plus_frame
vocab_0171_choose_thai_mcq,2,multiple_choice,vocab_translit_to_thai,בחר את הכתב התאילנדי עבור: juad = תפל / bland.,Choose the Thai script for: juad = bland / תפל.,,"[""ขม"", ""ผอม"", ""จืด"", ""เจอกัน""]",จืด,,juad,תפל,bland,high,spacing_plus_frame
vocab_0171_write_thai,2,typing,vocab_write_thai,כתוב בתאית: juad = תפל / bland.,Type in Thai: juad = bland / תפל.,,,จืด,"[""จืด""]",juad,תפל,bland,high,
vocab_0171_meaning_mcq,2,multiple_choice,vocab_meaning,מה הפירוש של จืด / juad?,What does จืด / juad mean?,จืด,"[""מתי?"", ""תפל"", ""מי (או מי זה)"", ""צ'ילי""]",תפל,,juad,תפל,bland,high,spacing_plus_frame
vocab_0172_choose_thai_mcq,3,multiple_choice,vocab_translit_to_thai,בחר את הכתב התאילנדי עבור: ka-ya = זבל / trash.,Choose the Thai script for: ka-ya = trash / זבל.,,"[""เบื่อ"", ""จาก"", ""ขยะ"", ""ผอม""]",ขยะ,,ka-ya,זבל,trash,medium_normalized_match,spacing_plus_frame
vocab_0172_write_thai,3,typing,vocab_write_thai,כתוב בתאית: ka-ya = זבל / trash.,Type in Thai: ka-ya = trash / זבל.,,,ขยะ,"[""ขยะ""]",ka-ya,זבל,trash,medium_normalized_match,
vocab_0172_meaning_mcq,3,multiple_choice,vocab_meaning,מה הפירוש של ขยะ / ka-ya?,What does ขยะ / ka-ya mean?,ขยะ,"[""זבל"", ""חלב"", ""תשע"", ""רוצה / לקחת""]",זבל,,ka-ya,זבל,trash,medium_normalized_match,spacing_plus_frame
vocab_0173_choose_thai_mcq,4,multiple_choice,vocab_translit_to_thai,בחר את הכתב התאילנדי עבור: mai-pen-rai = לא משנה / אין בעבר / never mind / no problem.,Choose the Thai script for: mai-pen-rai = never mind / no problem / לא משנה / אין בעבר.,,"[""ไม่เป็นไร"", ""กับข้าว"", ""สิบเอ็ด"", ""ต้อง""]",ไม่เป็นไร,,mai-pen-rai,לא משנה / אין בעבר,never mind / no problem,medium_normalized_match,spacing_plus_frame
vocab_0173_write_thai,4,typing,vocab_write_thai,כתוב בתאית: mai-pen-rai = לא משנה / אין בעבר / never mind / no problem.,Type in Thai: mai-pen-rai = never mind / no problem / לא משנה / אין בעבר.,,,ไม่เป็นไร,"[""ไม่เป็นไร""]",mai-pen-rai,לא משנה / אין בעבר,never mind / no problem,medium_normalized_match,
vocab_0173_meaning_mcq,4,multiple_choice,vocab_meaning,מה הפירוש של ไม่เป็นไร / mai-pen-rai?,What does ไม่เป็นไร / mai-pen-rai mean?,ไม่เป็นไร,"[""חריף"", ""לנסות"", ""לכתוב"", ""לא משנה / אין בעבר""]",לא משנה / אין בעבר,,mai-pen-rai,לא משנה / אין בעבר,never mind / no problem,medium_normalized_match,spacing_plus_frame
vocab_0174_choose_thai_mcq,3,multiple_choice,vocab_translit_to_thai,בחר את הכתב התאילנדי עבור: cho-dee = בהצלחה / good luck.,Choose the Thai script for: cho-dee = good luck / בהצלחה.,,"[""ภาษา"", ""โชคดี"", ""ไม่"", ""ให้""]",โชคดี,,cho-dee,בהצלחה,good luck,medium_normalized_match,spacing_plus_frame
vocab_0174_write_thai,3,typing,vocab_write_thai,כתוב בתאית: cho-dee = בהצלחה / good luck.,Type in Thai: cho-dee = good luck / בהצלחה.,,,โชคดี,"[""โชคดี""]",cho-dee,בהצלחה,good luck,medium_normalized_match,
vocab_0174_meaning_mcq,3,multiple_choice,vocab_meaning,מה הפירוש של โชคดี / cho-dee?,What does โชคดี / cho-dee mean?,โชคดี,"[""העונה החמה"", ""ארבע"", ""בהצלחה"", ""אותו הדבר / גם אני""]",בהצלחה,,cho-dee,בהצלחה,good luck,medium_normalized_match,spacing_plus_frame
vocab_0175_choose_thai_mcq,3,multiple_choice,vocab_translit_to_thai,בחר את הכתב התאילנדי עבור: la-gon = להתראות / goodbye.,Choose the Thai script for: la-gon = goodbye / להתראות.,,"[""ลาก่อน"", ""พรุ่งนี้"", ""เมื่อวาน"", ""หก""]",ลาก่อน,,la-gon,להתראות,goodbye,medium_normalized_match,spacing_plus_frame
vocab_0175_write_thai,3,typing,vocab_write_thai,כתוב בתאית: la-gon = להתראות / goodbye.,Type in Thai: la-gon = goodbye / להתראות.,,,ลาก่อน,"[""ลาก่อน""]",la-gon,להתראות,goodbye,medium_normalized_match,
vocab_0175_meaning_mcq,3,multiple_choice,vocab_meaning,מה הפירוש של ลาก่อน / la-gon?,What does ลาก่อน / la-gon mean?,ลาก่อน,"[""לאן אתה הולך?"", ""להתראות"", ""אלכוהול / וויסקי"", ""מילת שאלה (כן/לא)""]",להתראות,,la-gon,להתראות,goodbye,medium_normalized_match,spacing_plus_frame
vocab_0176_choose_thai_mcq,4,multiple_choice,vocab_translit_to_thai,בחר את הכתב התאילנדי עבור: pai-gon-na = אני הולך עכשיו (להתראות) / I am going now / bye.,Choose the Thai script for: pai-gon-na = I am going now / bye / אני הולך עכשיו (להתראות).,,"[""ทุกวัน"", ""น่ารัก"", ""ไปก่อนนะ"", ""รอ""]",ไปก่อนนะ,,pai-gon-na,אני הולך עכשיו (להתראות),I am going now / bye,medium_normalized_match,spacing_plus_frame
vocab_0176_write_thai,4,typing,vocab_write_thai,כתוב בתאית: pai-gon-na = אני הולך עכשיו (להתראות) / I am going now / bye.,Type in Thai: pai-gon-na = I am going now / bye / אני הולך עכשיו (להתראות).,,,ไปก่อนนะ,"[""ไปก่อนนะ""]",pai-gon-na,אני הולך עכשיו (להתראות),I am going now / bye,medium_normalized_match,
vocab_0176_meaning_mcq,4,multiple_choice,vocab_meaning,מה הפירוש של ไปก่อนนะ / pai-gon-na?,What does ไปก่อนนะ / pai-gon-na mean?,ไปก่อนนะ,"[""אני הולך עכשיו (להתראות)"", ""עצבני"", ""העונה החמה"", ""לב""]",אני הולך עכשיו (להתראות),,pai-gon-na,אני הולך עכשיו (להתראות),I am going now / bye,medium_normalized_match,spacing_plus_frame
vocab_0177_choose_thai_mcq,3,multiple_choice,vocab_translit_to_thai,בחר את הכתב התאילנדי עבור: bpai-leaw = כבר הלכתי / הלכתי / already went.,Choose the Thai script for: bpai-leaw = already went / כבר הלכתי / הלכתי.,,"[""ไปแล้ว"", ""พัน"", ""กาแฟ"", ""หมอ""]",ไปแล้ว,,bpai-leaw,כבר הלכתי / הלכתי,already went,medium_normalized_match,spacing_plus_frame
vocab_0177_write_thai,3,typing,vocab_write_thai,כתוב בתאית: bpai-leaw = כבר הלכתי / הלכתי / already went.,Type in Thai: bpai-leaw = already went / כבר הלכתי / הלכתי.,,,ไปแล้ว,"[""ไปแล้ว""]",bpai-leaw,כבר הלכתי / הלכתי,already went,medium_normalized_match,
vocab_0177_meaning_mcq,3,multiple_choice,vocab_meaning,מה הפירוש של ไปแล้ว / bpai-leaw?,What does ไปแล้ว / bpai-leaw mean?,ไปแล้ว,"[""כבר הלכתי / הלכתי"", ""לבכות"", ""לסיים"", ""תלוי בך""]",כבר הלכתי / הלכתי,,bpai-leaw,כבר הלכתי / הלכתי,already went,medium_normalized_match,spacing_plus_frame
vocab_0178_choose_thai_mcq,3,multiple_choice,vocab_translit_to_thai,בחר את הכתב התאילנדי עבור: jer-gan = נתראה / see you.,Choose the Thai script for: jer-gan = see you / נתראה.,,"[""หมด"", ""เจอกัน"", ""จะ"", ""ฟัง""]",เจอกัน,,jer-gan,נתראה,see you,medium_normalized_match,spacing_plus_frame
vocab_0178_write_thai,3,typing,vocab_write_thai,כתוב בתאית: jer-gan = נתראה / see you.,Type in Thai: jer-gan = see you / נתראה.,,,เจอกัน,"[""เจอกัน""]",jer-gan,נתראה,see you,medium_normalized_match,
vocab_0178_meaning_mcq,3,multiple_choice,vocab_meaning,מה הפירוש של เจอกัน / jer-gan?,What does เจอกัน / jer-gan mean?,เจอกัน,"[""יכול"", ""נתראה"", ""להרגיש ש..."", ""ללכת לאיבוד""]",נתראה,,jer-gan,נתראה,see you,medium_normalized_match,spacing_plus_frame
vocab_0179_choose_thai_mcq,3,multiple_choice,vocab_translit_to_thai,בחר את הכתב התאילנדי עבור: tuk-wan = כל יום / every day.,Choose the Thai script for: tuk-wan = every day / כל יום.,,"[""น้ำ"", ""ตก"", ""ตีหมา"", ""ทุกวัน""]",ทุกวัน,,tuk-wan,כל יום,every day,medium_normalized_match,spacing_plus_frame
vocab_0179_write_thai,3,typing,vocab_write_thai,כתוב בתאית: tuk-wan = כל יום / every day.,Type in Thai: tuk-wan = every day / כל יום.,,,ทุกวัน,"[""ทุกวัน""]",tuk-wan,כל יום,every day,medium_normalized_match,
vocab_0179_meaning_mcq,3,multiple_choice,vocab_meaning,מה הפירוש של ทุกวัน / tuk-wan?,What does ทุกวัน / tuk-wan mean?,ทุกวัน,"[""לשאול"", ""אף פעם לא"", ""כל יום"", ""להתראות""]",כל יום,,tuk-wan,כל יום,every day,medium_normalized_match,spacing_plus_frame
vocab_0181_choose_thai_mcq,3,multiple_choice,vocab_translit_to_thai,בחר את הכתב התאילנדי עבור: bang-ti = לפעמים / sometimes.,Choose the Thai script for: bang-ti = sometimes / לפעמים.,,"[""กาแฟ"", ""ปาก"", ""ผม/ฉันรักคุณ"", ""บางที""]",บางที,,bang-ti,לפעמים,sometimes,medium_normalized_match,spacing_plus_frame
vocab_0181_write_thai,3,typing,vocab_write_thai,כתוב בתאית: bang-ti = לפעמים / sometimes.,Type in Thai: bang-ti = sometimes / לפעמים.,,,บางที,"[""บางที""]",bang-ti,לפעמים,sometimes,medium_normalized_match,
vocab_0181_meaning_mcq,3,multiple_choice,vocab_meaning,מה הפירוש של บางที / bang-ti?,What does บางที / bang-ti mean?,บางที,"[""לב"", ""לפעמים"", ""לאכול (אורז/ארוחה)"", ""רואה""]",לפעמים,,bang-ti,לפעמים,sometimes,medium_normalized_match,spacing_plus_frame
vocab_0182_choose_thai_mcq,3,multiple_choice,vocab_translit_to_thai,בחר את הכתב התאילנדי עבור: bang-kon = חלק מהאנשים / some people.,Choose the Thai script for: bang-kon = some people / חלק מהאנשים.,,"[""บางคน"", ""ภูเขา"", ""ร้านอาหาร"", ""ขนมปัง""]",บางคน,,bang-kon,חלק מהאנשים,some people,medium_normalized_match,spacing_plus_frame
vocab_0182_write_thai,3,typing,vocab_write_thai,כתוב בתאית: bang-kon = חלק מהאנשים / some people.,Type in Thai: bang-kon = some people / חלק מהאנשים.,,,บางคน,"[""บางคน""]",bang-kon,חלק מהאנשים,some people,medium_normalized_match,
vocab_0182_meaning_mcq,3,multiple_choice,vocab_meaning,מה הפירוש של บางคน / bang-kon?,What does บางคน / bang-kon mean?,บางคน,"[""כסף"", ""להגיד / לספר"", ""חלק מהאנשים"", ""אותו הדבר / גם אני""]",חלק מהאנשים,,bang-kon,חלק מהאנשים,some people,medium_normalized_match,spacing_plus_frame
vocab_0183_choose_thai_mcq,3,multiple_choice,vocab_translit_to_thai,בחר את הכתב התאילנדי עבור: mai-koey = אף פעם לא / never.,Choose the Thai script for: mai-koey = never / אף פעם לא.,,"[""เจ้าของ"", ""ไม่เคย"", ""กุ้ง"", ""เปรี้ยว""]",ไม่เคย,,mai-koey,אף פעם לא,never,medium_normalized_match,spacing_plus_frame
vocab_0183_write_thai,3,typing,vocab_write_thai,כתוב בתאית: mai-koey = אף פעם לא / never.,Type in Thai: mai-koey = never / אף פעם לא.,,,ไม่เคย,"[""ไม่เคย""]",mai-koey,אף פעם לא,never,medium_normalized_match,
vocab_0183_meaning_mcq,3,multiple_choice,vocab_meaning,מה הפירוש של ไม่เคย / mai-koey?,What does ไม่เคย / mai-koey mean?,ไม่เคย,"[""נמוך"", ""אף פעם לא"", ""לתת / עבור"", ""להקשיב""]",אף פעם לא,,mai-koey,אף פעם לא,never,medium_normalized_match,spacing_plus_frame
vocab_0184_choose_thai_mcq,2,multiple_choice,vocab_translit_to_thai,בחר את הכתב התאילנדי עבור: koey = פעם / כבר עשיתי / ever.,Choose the Thai script for: koey = ever / פעם / כבר עשיתי.,,"[""เคย"", ""ครู"", ""กินอะไร"", ""ตอนเที่ยง""]",เคย,,koey,פעם / כבר עשיתי,ever,high_context_disambiguated,spacing_plus_frame
vocab_0184_write_thai,2,typing,vocab_write_thai,כתוב בתאית: koey = פעם / כבר עשיתי / ever.,Type in Thai: koey = ever / פעם / כבר עשיתי.,,,เคย,"[""เคย""]",koey,פעם / כבר עשיתי,ever,high_context_disambiguated,
vocab_0184_meaning_mcq,2,multiple_choice,vocab_meaning,מה הפירוש של เคย / koey?,What does เคย / koey mean?,เคย,"[""מקום מפגש"", ""אח/אחות מבוגר/ת"", ""פעם / כבר עשיתי"", ""רעב""]",פעם / כבר עשיתי,,koey,פעם / כבר עשיתי,ever,high_context_disambiguated,spacing_plus_frame
vocab_0185_choose_thai_mcq,2,multiple_choice,vocab_translit_to_thai,בחר את הכתב התאילנדי עבור: bua = משעמם / bored.,Choose the Thai script for: bua = bored / משעמם.,,"[""เบื่อ"", ""ชอบ"", ""ว่ายน้ำ"", ""สอน""]",เบื่อ,,bua,משעמם,bored,high,spacing_plus_frame
vocab_0185_write_thai,2,typing,vocab_write_thai,כתוב בתאית: bua = משעמם / bored.,Type in Thai: bua = bored / משעמם.,,,เบื่อ,"[""เบื่อ""]",bua,משעמם,bored,high,
vocab_0185_meaning_mcq,2,multiple_choice,vocab_meaning,מה הפירוש של เบื่อ / bua?,What does เบื่อ / bua mean?,เบื่อ,"[""חתיך"", ""משעמם"", ""אתמול"", ""לבכות""]",משעמם,,bua,משעמם,bored,high,spacing_plus_frame
vocab_0186_choose_thai_mcq,3,multiple_choice,vocab_translit_to_thai,בחר את הכתב התאילנדי עבור: nguang-non = ישנוני / sleepy.,Choose the Thai script for: nguang-non = sleepy / ישנוני.,,"[""ง่วงนอน"", ""ยี่สิบ"", ""ชา"", ""คุณมาจาก…""]",ง่วงนอน,,nguang-non,ישנוני,sleepy,medium_normalized_match,spacing_plus_frame
vocab_0186_write_thai,3,typing,vocab_write_thai,כתוב בתאית: nguang-non = ישנוני / sleepy.,Type in Thai: nguang-non = sleepy / ישנוני.,,,ง่วงนอน,"[""ง่วงนอน""]",nguang-non,ישנוני,sleepy,medium_normalized_match,
vocab_0186_meaning_mcq,3,multiple_choice,vocab_meaning,מה הפירוש של ง่วงนอน / nguang-non?,What does ง่วงนอน / nguang-non mean?,ง่วงนอน,"[""לזכור"", ""מאה אלף"", ""ישנוני"", ""המלך (תואר רשמי)""]",ישנוני,,nguang-non,ישנוני,sleepy,medium_normalized_match,spacing_plus_frame
vocab_0187_choose_thai_mcq,2,multiple_choice,vocab_translit_to_thai,בחר את הכתב התאילנדי עבור: sanook = כיף / fun.,Choose the Thai script for: sanook = fun / כיף.,,"[""สนุก"", ""ตกใจ"", ""น้ำแข็ง"", ""ได้""]",สนุก,,sanook,כיף,fun,high,spacing_plus_frame
vocab_0187_write_thai,2,typing,vocab_write_thai,כתוב בתאית: sanook = כיף / fun.,Type in Thai: sanook = fun / כיף.,,,สนุก,"[""สนุก""]",sanook,כיף,fun,high,
vocab_0187_meaning_mcq,2,multiple_choice,vocab_meaning,מה הפירוש של สนุก / sanook?,What does สนุก / sanook mean?,สนุก,"[""סטודנט / תלמיד"", ""שמח"", ""להרגיש ש..."", ""כיף""]",כיף,,sanook,כיף,fun,high,spacing_plus_frame
vocab_0188_choose_thai_mcq,2,multiple_choice,vocab_translit_to_thai,בחר את הכתב התאילנדי עבור: bpen = להיות / לדעת לעשות / be / know how to.,Choose the Thai script for: bpen = be / know how to / להיות / לדעת לעשות.,,"[""ไข่เจียว"", ""เด็ก"", ""ไม่ได้…"", ""เป็น""]",เป็น,,bpen,להיות / לדעת לעשות,be / know how to,high,spacing_plus_frame
vocab_0188_write_thai,2,typing,vocab_write_thai,כתוב בתאית: bpen = להיות / לדעת לעשות / be / know how to.,Type in Thai: bpen = be / know how to / להיות / לדעת לעשות.,,,เป็น,"[""เป็น""]",bpen,להיות / לדעת לעשות,be / know how to,high,
vocab_0188_meaning_mcq,2,multiple_choice,vocab_meaning,מה הפירוש של เป็น / bpen?,What does เป็น / bpen mean?,เป็น,"[""להיות / לדעת לעשות"", ""תפוז"", ""בית"", ""תודה""]",להיות / לדעת לעשות,,bpen,להיות / לדעת לעשות,be / know how to,high,spacing_plus_frame
vocab_0189_choose_thai_mcq,2,multiple_choice,vocab_translit_to_thai,בחר את הכתב התאילנדי עבור: kue = זה / הוא (להגדרות) / is / means.,Choose the Thai script for: kue = is / means / זה / הוא (להגדרות).,,"[""คือ"", ""ลาก่อน"", ""เดิน"", ""หน้าต่าง""]",คือ,,kue,זה / הוא (להגדרות),is / means,high,spacing_plus_frame
vocab_0189_write_thai,2,typing,vocab_write_thai,כתוב בתאית: kue = זה / הוא (להגדרות) / is / means.,Type in Thai: kue = is / means / זה / הוא (להגדרות).,,,คือ,"[""คือ""]",kue,זה / הוא (להגדרות),is / means,high,
vocab_0189_meaning_mcq,2,multiple_choice,vocab_meaning,מה הפירוש של คือ / kue?,What does คือ / kue mean?,คือ,"[""זה / הוא (להגדרות)"", ""להגיד / לספר"", ""שומני"", ""סוכר""]",זה / הוא (להגדרות),,kue,זה / הוא (להגדרות),is / means,high,spacing_plus_frame
vocab_0190_choose_thai_mcq,4,multiple_choice,vocab_translit_to_thai,בחר את הכתב התאילנדי עבור: sa-waat-dee = שלום / hello.,Choose the Thai script for: sa-waat-dee = hello / שלום.,,"[""เคย"", ""สวัสดี"", ""แล้วไง"", ""น้ำ""]",สวัสดี,,sa-waat-dee,שלום,hello,medium_normalized_match,spacing_plus_frame
vocab_0190_write_thai,4,typing,vocab_write_thai,כתוב בתאית: sa-waat-dee = שלום / hello.,Type in Thai: sa-waat-dee = hello / שלום.,,,สวัสดี,"[""สวัสดี""]",sa-waat-dee,שלום,hello,medium_normalized_match,
vocab_0190_meaning_mcq,4,multiple_choice,vocab_meaning,מה הפירוש של สวัสดี / sa-waat-dee?,What does สวัสดี / sa-waat-dee mean?,สวัสดี,"[""שלום"", ""נחש"", ""רכבת"", ""שומני""]",שלום,,sa-waat-dee,שלום,hello,medium_normalized_match,spacing_plus_frame
vocab_0191_choose_thai_mcq,3,multiple_choice,vocab_translit_to_thai,בחר את הכתב התאילנדי עבור: kob-kun = תודה / thank you.,Choose the Thai script for: kob-kun = thank you / תודה.,,"[""ไม่เอา"", ""เท่า"", ""พูด"", ""ขอบคุณ""]",ขอบคุณ,,kob-kun,תודה,thank you,medium_normalized_match,spacing_plus_frame
vocab_0191_write_thai,3,typing,vocab_write_thai,כתוב בתאית: kob-kun = תודה / thank you.,Type in Thai: kob-kun = thank you / תודה.,,,ขอบคุณ,"[""ขอบคุณ""]",kob-kun,תודה,thank you,medium_normalized_match,
vocab_0191_meaning_mcq,3,multiple_choice,vocab_meaning,מה הפירוש של ขอบคุณ / kob-kun?,What does ขอบคุณ / kob-kun mean?,ขอบคุณ,"[""אני גר ב..."", ""בטן"", ""תודה"", ""אחד את השני / ביחד""]",תודה,,kob-kun,תודה,thank you,medium_normalized_match,spacing_plus_frame
vocab_0193_choose_thai_mcq,5,multiple_choice,vocab_translit_to_thai,בחר את הכתב התאילנדי עבור: tii-nai? = איפה? / where?.,Choose the Thai script for: tii-nai? = where? / איפה?.,,"[""หิน"", ""ที่ไหน"", ""ตกใจ"", ""ใคร""]",ที่ไหน,,tii-nai?,איפה?,where?,medium_normalized_match,spacing_plus_frame
vocab_0193_write_thai,5,typing,vocab_write_thai,כתוב בתאית: tii-nai? = איפה? / where?.,Type in Thai: tii-nai? = where? / איפה?.,,,ที่ไหน,"[""ที่ไหน""]",tii-nai?,איפה?,where?,medium_normalized_match,
vocab_0193_meaning_mcq,5,multiple_choice,vocab_meaning,מה הפירוש של ที่ไหน / tii-nai??,What does ที่ไหน / tii-nai? mean?,ที่ไหน,"[""אופנוע"", ""איפה?"", ""לחייך"", ""עט""]",איפה?,,tii-nai?,איפה?,where?,medium_normalized_match,spacing_plus_frame
vocab_0194_choose_thai_mcq,5,multiple_choice,vocab_translit_to_thai,בחר את הכתב התאילנדי עבור: meua-rai? = מתי? / when?.,Choose the Thai script for: meua-rai? = when? / מתי?.,,"[""เมื่อไร"", ""บางคน"", ""ผัด"", ""เหงื่อ""]",เมื่อไร,,meua-rai?,מתי?,when?,medium_normalized_match,spacing_plus_frame
vocab_0194_write_thai,5,typing,vocab_write_thai,כתוב בתאית: meua-rai? = מתי? / when?.,Type in Thai: meua-rai? = when? / מתי?.,,,เมื่อไร,"[""เมื่อไร""]",meua-rai?,מתי?,when?,medium_normalized_match,
vocab_0194_meaning_mcq,5,multiple_choice,vocab_meaning,מה הפירוש של เมื่อไร / meua-rai??,What does เมื่อไร / meua-rai? mean?,เมื่อไร,"[""עשר"", ""מתי?"", ""לעזור"", ""הר""]",מתי?,,meua-rai?,מתי?,when?,medium_normalized_match,spacing_plus_frame
vocab_0195_choose_thai_mcq,5,multiple_choice,vocab_translit_to_thai,בחר את הכתב התאילנדי עבור: yang-ngai? = איך? / how?.,Choose the Thai script for: yang-ngai? = how? / איך?.,,"[""สวย"", ""ขาย"", ""ยังไง"", ""รู้""]",ยังไง,,yang-ngai?,איך?,how?,medium_normalized_match,spacing_plus_frame
vocab_0195_write_thai,5,typing,vocab_write_thai,כתוב בתאית: yang-ngai? = איך? / how?.,Type in Thai: yang-ngai? = how? / איך?.,,,ยังไง,"[""ยังไง""]",yang-ngai?,איך?,how?,medium_normalized_match,
vocab_0195_meaning_mcq,5,multiple_choice,vocab_meaning,מה הפירוש של ยังไง / yang-ngai??,What does ยังไง / yang-ngai? mean?,ยังไง,"[""איך?"", ""הבעלים"", ""מאה"", ""עונת הגשמים""]",איך?,,yang-ngai?,איך?,how?,medium_normalized_match,spacing_plus_frame
vocab_0196_choose_thai_mcq,3,multiple_choice,vocab_translit_to_thai,בחר את הכתב התאילנדי עבור: prow-wa = בגלל ש... / because.,Choose the Thai script for: prow-wa = because / בגלל ש....,,"[""ชื่อจริง"", ""เพราะว่า"", ""ใหญ่"", ""หน้าฝน""]",เพราะว่า,,prow-wa,בגלל ש...,because,medium_normalized_match,spacing_plus_frame
vocab_0196_write_thai,3,typing,vocab_write_thai,כתוב בתאית: prow-wa = בגלל ש... / because.,Type in Thai: prow-wa = because / בגלל ש....,,,เพราะว่า,"[""เพราะว่า""]",prow-wa,בגלל ש...,because,medium_normalized_match,
vocab_0196_meaning_mcq,3,multiple_choice,vocab_meaning,מה הפירוש של เพราะว่า / prow-wa?,What does เพราะว่า / prow-wa mean?,เพราะว่า,"[""ליפול"", ""כינוי"", ""איפה?"", ""בגלל ש...""]",בגלל ש...,,prow-wa,בגלל ש...,because,medium_normalized_match,spacing_plus_frame
vocab_0197_choose_thai_mcq,4,multiple_choice,vocab_translit_to_thai,בחר את הכתב התאילנדי עבור: ka-nom-bpang = לחם / bread.,Choose the Thai script for: ka-nom-bpang = bread / לחם.,,"[""เข้าใจไหม"", ""ขนมปัง"", ""หลง"", ""งง""]",ขนมปัง,,ka-nom-bpang,לחם,bread,medium_normalized_match,spacing_plus_frame
vocab_0197_write_thai,4,typing,vocab_write_thai,כתוב בתאית: ka-nom-bpang = לחם / bread.,Type in Thai: ka-nom-bpang = bread / לחם.,,,ขนมปัง,"[""ขนมปัง""]",ka-nom-bpang,לחם,bread,medium_normalized_match,
vocab_0197_meaning_mcq,4,multiple_choice,vocab_meaning,מה הפירוש של ขนมปัง / ka-nom-bpang?,What does ขนมปัง / ka-nom-bpang mean?,ขนมปัง,"[""בהצלחה"", ""מינוס"", ""לב טוב"", ""לחם""]",לחם,,ka-nom-bpang,לחם,bread,medium_normalized_match,spacing_plus_frame
vocab_0198_choose_thai_mcq,3,multiple_choice,vocab_translit_to_thai,בחר את הכתב התאילנדי עבור: neu-a = בשר / בקר / meat / beef.,Choose the Thai script for: neu-a = meat / beef / בשר / בקר.,,"[""ปากกา"", ""ไปไหน"", ""เนื้อ"", ""เบื่อ""]",เนื้อ,,neu-a,בשר / בקר,meat / beef,medium_normalized_match,spacing_plus_frame
vocab_0198_write_thai,3,typing,vocab_write_thai,כתוב בתאית: neu-a = בשר / בקר / meat / beef.,Type in Thai: neu-a = meat / beef / בשר / בקר.,,,เนื้อ,"[""เนื้อ""]",neu-a,בשר / בקר,meat / beef,medium_normalized_match,
vocab_0198_meaning_mcq,3,multiple_choice,vocab_meaning,מה הפירוש של เนื้อ / neu-a?,What does เนื้อ / neu-a mean?,เนื้อ,"[""פנים / עונה / דף"", ""לנסות"", ""בשר / בקר"", ""אחת עשרה""]",בשר / בקר,,neu-a,בשר / בקר,meat / beef,medium_normalized_match,spacing_plus_frame
vocab_0199_choose_thai_mcq,2,multiple_choice,vocab_translit_to_thai,בחר את הכתב התאילנדי עבור: gai = עוף / chicken.,Choose the Thai script for: gai = chicken / עוף.,,"[""ไก่"", ""ไม่รอไม่ขอ"", ""คือ"", ""คุณชื่ออะไร""]",ไก่,,gai,עוף,chicken,high,spacing_plus_frame
vocab_0199_write_thai,2,typing,vocab_write_thai,כתוב בתאית: gai = עוף / chicken.,Type in Thai: gai = chicken / עוף.,,,ไก่,"[""ไก่""]",gai,עוף,chicken,high,
vocab_0199_meaning_mcq,2,multiple_choice,vocab_meaning,מה הפירוש של ไก่ / gai?,What does ไก่ / gai mean?,ไก่,"[""יפה"", ""לא / אל"", ""אין מצב / אין סיכוי"", ""עוף""]",עוף,,gai,עוף,chicken,high,spacing_plus_frame
vocab_0200_choose_thai_mcq,2,multiple_choice,vocab_translit_to_thai,בחר את הכתב התאילנדי עבור: moo = חזיר / pork / pig.,Choose the Thai script for: moo = pork / pig / חזיר.,,"[""เขียน"", ""เท่า"", ""หมู"", ""ยิ้ม""]",หมู,,moo,חזיר,pork / pig,high,spacing_plus_frame
vocab_0200_write_thai,2,typing,vocab_write_thai,כתוב בתאית: moo = חזיר / pork / pig.,Type in Thai: moo = pork / pig / חזיר.,,,หมู,"[""หมู""]",moo,חזיר,pork / pig,high,
vocab_0200_meaning_mcq,2,multiple_choice,vocab_meaning,מה הפירוש של หมู / moo?,What does หมู / moo mean?,หมู,"[""להרגיש ש..."", ""חזיר"", ""לדבר"", ""משעמם""]",חזיר,,moo,חזיר,pork / pig,high,spacing_plus_frame
vocab_0201_choose_thai_mcq,2,multiple_choice,vocab_translit_to_thai,בחר את הכתב התאילנדי עבור: bpaa = דג / fish.,Choose the Thai script for: bpaa = fish / דג.,,"[""เปิด"", ""ถาม"", ""ปลา"", ""ไม่เข้าใจ""]",ปลา,,bpaa,דג,fish,high,spacing_plus_frame
vocab_0201_write_thai,2,typing,vocab_write_thai,כתוב בתאית: bpaa = דג / fish.,Type in Thai: bpaa = fish / דג.,,,ปลา,"[""ปลา""]",bpaa,דג,fish,high,
vocab_0201_meaning_mcq,2,multiple_choice,vocab_meaning,מה הפירוש של ปลา / bpaa?,What does ปลา / bpaa mean?,ปลา,"[""מקום מפגש"", ""בירה"", ""אשכול בננות"", ""דג""]",דג,,bpaa,דג,fish,high,spacing_plus_frame
vocab_0202_choose_thai_mcq,2,multiple_choice,vocab_translit_to_thai,בחר את הכתב התאילנדי עבור: goong = שרימפס / shrimp.,Choose the Thai script for: goong = shrimp / שרימפס.,,"[""ดม"", ""กับข้าว"", ""กุ้ง"", ""มะม่วง""]",กุ้ง,,goong,שרימפס,shrimp,high,spacing_plus_frame
vocab_0202_write_thai,2,typing,vocab_write_thai,כתוב בתאית: goong = שרימפס / shrimp.,Type in Thai: goong = shrimp / שרימפס.,,,กุ้ง,"[""กุ้ง""]",goong,שרימפס,shrimp,high,
vocab_0202_meaning_mcq,2,multiple_choice,vocab_meaning,מה הפירוש של กุ้ง / goong?,What does กุ้ง / goong mean?,กุ้ง,"[""מתי"", ""סטיקי רייס מנגו"", ""סיים / נגמר"", ""שרימפס""]",שרימפס,,goong,שרימפס,shrimp,high,spacing_plus_frame
vocab_0203_choose_thai_mcq,2,multiple_choice,vocab_translit_to_thai,בחר את הכתב התאילנדי עבור: puu = סרטן / crab.,Choose the Thai script for: puu = crab / סרטן.,,"[""หน้าฝน"", ""ปู"", ""เบื่อ"", ""ใกล้""]",ปู,,puu,סרטן,crab,high,spacing_plus_frame
vocab_0203_write_thai,2,typing,vocab_write_thai,כתוב בתאית: puu = סרטן / crab.,Type in Thai: puu = crab / סרטן.,,,ปู,"[""ปู""]",puu,סרטן,crab,high,
vocab_0203_meaning_mcq,2,multiple_choice,vocab_meaning,מה הפירוש של ปู / puu?,What does ปู / puu mean?,ปู,"[""ללכת"", ""אני כאן"", ""חמוץ"", ""סרטן""]",סרטן,,puu,סרטן,crab,high,spacing_plus_frame
vocab_0204_choose_thai_mcq,2,multiple_choice,vocab_translit_to_thai,בחר את הכתב התאילנדי עבור: kai = ביצה / egg.,Choose the Thai script for: kai = egg / ביצה.,,"[""ไข่"", ""ห้องครัว"", ""ประมาณ"", ""ภูมิใจ""]",ไข่,,kai,ביצה,egg,high,spacing_plus_frame
vocab_0204_write_thai,2,typing,vocab_write_thai,כתוב בתאית: kai = ביצה / egg.,Type in Thai: kai = egg / ביצה.,,,ไข่,"[""ไข่""]",kai,ביצה,egg,high,
vocab_0204_meaning_mcq,2,multiple_choice,vocab_meaning,מה הפירוש של ไข่ / kai?,What does ไข่ / kai mean?,ไข่,"[""אישה / נקבה"", ""ביצה"", ""מסעדה"", ""עוף""]",ביצה,,kai,ביצה,egg,high,spacing_plus_frame
vocab_0205_choose_thai_mcq,3,multiple_choice,vocab_translit_to_thai,בחר את הכתב התאילנדי עבור: kai-dao = ביצת עין / fried egg.,Choose the Thai script for: kai-dao = fried egg / ביצת עין.,,"[""ไข่ดาว"", ""หมด"", ""ขม"", ""ตอนเที่ยง""]",ไข่ดาว,,kai-dao,ביצת עין,fried egg,medium_normalized_match,spacing_plus_frame
vocab_0205_write_thai,3,typing,vocab_write_thai,כתוב בתאית: kai-dao = ביצת עין / fried egg.,Type in Thai: kai-dao = fried egg / ביצת עין.,,,ไข่ดาว,"[""ไข่ดาว""]",kai-dao,ביצת עין,fried egg,medium_normalized_match,
vocab_0205_meaning_mcq,3,multiple_choice,vocab_meaning,מה הפירוש של ไข่ดาว / kai-dao?,What does ไข่ดาว / kai-dao mean?,ไข่ดาว,"[""מים"", ""השם שלי הוא..."", ""ביצת עין"", ""מה?""]",ביצת עין,,kai-dao,ביצת עין,fried egg,medium_normalized_match,spacing_plus_frame
vocab_0206_choose_thai_mcq,3,multiple_choice,vocab_translit_to_thai,בחר את הכתב התאילנדי עבור: kai-jeaw = חביתה / omelette.,Choose the Thai script for: kai-jeaw = omelette / חביתה.,,"[""ประมาณ"", ""ภูมิใจ"", ""หิว"", ""ไข่เจียว""]",ไข่เจียว,,kai-jeaw,חביתה,omelette,medium_normalized_match,spacing_plus_frame
vocab_0206_write_thai,3,typing,vocab_write_thai,כתוב בתאית: kai-jeaw = חביתה / omelette.,Type in Thai: kai-jeaw = omelette / חביתה.,,,ไข่เจียว,"[""ไข่เจียว""]",kai-jeaw,חביתה,omelette,medium_normalized_match,
vocab_0206_meaning_mcq,3,multiple_choice,vocab_meaning,מה הפירוש של ไข่เจียว / kai-jeaw?,What does ไข่เจียว / kai-jeaw mean?,ไข่เจียว,"[""חביתה"", ""כועס"", ""להיות / לדעת לעשות"", ""ביצת עין""]",חביתה,,kai-jeaw,חביתה,omelette,medium_normalized_match,spacing_plus_frame
vocab_0207_choose_thai_mcq,2,multiple_choice,vocab_translit_to_thai,בחר את הכתב התאילנדי עבור: pak = ירקות / vegetables.,Choose the Thai script for: pak = vegetables / ירקות.,,"[""น้ำ"", ""ผัก"", ""บางที"", ""ผอม""]",ผัก,,pak,ירקות,vegetables,high,spacing_plus_frame
vocab_0207_write_thai,2,typing,vocab_write_thai,כתוב בתאית: pak = ירקות / vegetables.,Type in Thai: pak = vegetables / ירקות.,,,ผัก,"[""ผัก""]",pak,ירקות,vegetables,high,
vocab_0207_meaning_mcq,2,multiple_choice,vocab_meaning,מה הפירוש של ผัก / pak?,What does ผัก / pak mean?,ผัก,"[""קפה"", ""בית ספר"", ""לחם"", ""ירקות""]",ירקות,,pak,ירקות,vegetables,high,spacing_plus_frame
vocab_0208_choose_thai_mcq,4,multiple_choice,vocab_translit_to_thai,בחר את הכתב התאילנדי עבור: pon-la-mai = פירות / fruit.,Choose the Thai script for: pon-la-mai = fruit / פירות.,,"[""ใจดี"", ""ไม่เห็นด้วย"", ""ไม่เอา"", ""ผลไม้""]",ผลไม้,,pon-la-mai,פירות,fruit,medium_normalized_match,spacing_plus_frame
vocab_0208_write_thai,4,typing,vocab_write_thai,כתוב בתאית: pon-la-mai = פירות / fruit.,Type in Thai: pon-la-mai = fruit / פירות.,,,ผลไม้,"[""ผลไม้""]",pon-la-mai,פירות,fruit,medium_normalized_match,
vocab_0208_meaning_mcq,4,multiple_choice,vocab_meaning,מה הפירוש של ผลไม้ / pon-la-mai?,What does ผลไม้ / pon-la-mai mean?,ผลไม้,"[""תחתנת משטרה"", ""אתה אוהב אותי"", ""פירות"", ""לקוות""]",פירות,,pon-la-mai,פירות,fruit,medium_normalized_match,spacing_plus_frame
vocab_0209_choose_thai_mcq,2,multiple_choice,vocab_translit_to_thai,בחר את הכתב התאילנדי עבור: som = תפוז / orange.,Choose the Thai script for: som = orange / תפוז.,,"[""หิว"", ""ส้ม"", ""ที่ไหน"", ""มี""]",ส้ม,,som,תפוז,orange,high,spacing_plus_frame
vocab_0209_write_thai,2,typing,vocab_write_thai,כתוב בתאית: som = תפוז / orange.,Type in Thai: som = orange / תפוז.,,,ส้ม,"[""ส้ม""]",som,תפוז,orange,high,
vocab_0209_meaning_mcq,2,multiple_choice,vocab_meaning,מה הפירוש של ส้ม / som?,What does ส้ม / som mean?,ส้ม,"[""כל יום"", ""פנים,לפנים,הלאה,עונות"", ""לקנות"", ""תפוז""]",תפוז,,som,תפוז,orange,high,spacing_plus_frame
vocab_0210_choose_thai_mcq,3,multiple_choice,vocab_translit_to_thai,בחר את הכתב התאילנדי עבור: ma-muang = מנגו / mango.,Choose the Thai script for: ma-muang = mango / מנגו.,,"[""มะม่วง"", ""อิจฉา"", ""ขาย"", ""หน้าหนาว""]",มะม่วง,,ma-muang,מנגו,mango,medium_normalized_match,spacing_plus_frame
vocab_0210_write_thai,3,typing,vocab_write_thai,כתוב בתאית: ma-muang = מנגו / mango.,Type in Thai: ma-muang = mango / מנגו.,,,มะม่วง,"[""มะม่วง""]",ma-muang,מנגו,mango,medium_normalized_match,
vocab_0210_meaning_mcq,3,multiple_choice,vocab_meaning,מה הפירוש של มะม่วง / ma-muang?,What does มะม่วง / ma-muang mean?,มะม่วง,"[""נכון?"", ""מנגו"", ""איפה"", ""בירה""]",מנגו,,ma-muang,מנגו,mango,medium_normalized_match,spacing_plus_frame
vocab_0211_choose_thai_mcq,3,multiple_choice,vocab_translit_to_thai,בחר את הכתב התאילנדי עבור: ma-prao = קוקוס / coconut.,Choose the Thai script for: ma-prao = coconut / קוקוס.,,"[""น้ำ"", ""มะพร้าว"", ""นม"", ""โรงพัก""]",มะพร้าว,,ma-prao,קוקוס,coconut,medium_normalized_match,spacing_plus_frame
vocab_0211_write_thai,3,typing,vocab_write_thai,כתוב בתאית: ma-prao = קוקוס / coconut.,Type in Thai: ma-prao = coconut / קוקוס.,,,มะพร้าว,"[""มะพร้าว""]",ma-prao,קוקוס,coconut,medium_normalized_match,
vocab_0211_meaning_mcq,3,multiple_choice,vocab_meaning,מה הפירוש של มะพร้าว / ma-prao?,What does มะพร้าว / ma-prao mean?,มะพร้าว,"[""תפוז"", ""קוקוס"", ""בית ספר"", ""לחזור הביתה""]",קוקוס,,ma-prao,קוקוס,coconut,medium_normalized_match,spacing_plus_frame
vocab_0212_choose_thai_mcq,2,multiple_choice,vocab_translit_to_thai,בחר את הכתב התאילנדי עבור: gluay = בננה / banana.,Choose the Thai script for: gluay = banana / בננה.,,"[""เสร็จ"", ""แพง"", ""กล้วย"", ""ดม""]",กล้วย,,gluay,בננה,banana,high,spacing_plus_frame
vocab_0212_write_thai,2,typing,vocab_write_thai,כתוב בתאית: gluay = בננה / banana.,Type in Thai: gluay = banana / בננה.,,,กล้วย,"[""กล้วย""]",gluay,בננה,banana,high,
vocab_0212_meaning_mcq,2,multiple_choice,vocab_meaning,מה הפירוש של กล้วย / gluay?,What does กล้วย / gluay mean?,กล้วย,"[""הכל"", ""חלב"", ""בננה"", ""מסעדה""]",בננה,,gluay,בננה,banana,high,spacing_plus_frame
vocab_0213_choose_thai_mcq,4,multiple_choice,vocab_translit_to_thai,בחר את הכתב התאילנדי עבור: sup-pa-rot = אננס / pineapple.,Choose the Thai script for: sup-pa-rot = pineapple / אננס.,,"[""ซื้อ"", ""คน"", ""สับปะรด"", ""ถาม""]",สับปะรด,,sup-pa-rot,אננס,pineapple,medium_normalized_match,spacing_plus_frame
vocab_0213_write_thai,4,typing,vocab_write_thai,כתוב בתאית: sup-pa-rot = אננס / pineapple.,Type in Thai: sup-pa-rot = pineapple / אננס.,,,สับปะรด,"[""สับปะรด""]",sup-pa-rot,אננס,pineapple,medium_normalized_match,
vocab_0213_meaning_mcq,4,multiple_choice,vocab_meaning,מה הפירוש של สับปะรด / sup-pa-rot?,What does สับปะรด / sup-pa-rot mean?,สับปะรด,"[""ו..."", ""לבכות"", ""לנסות"", ""אננס""]",אננס,,sup-pa-rot,אננס,pineapple,medium_normalized_match,spacing_plus_frame
vocab_0215_choose_thai_mcq,3,multiple_choice,vocab_translit_to_thai,בחר את הכתב התאילנדי עבור: nam-kaeng = קרח / ice.,Choose the Thai script for: nam-kaeng = ice / קרח.,,"[""ข้าม"", ""น้ำแข็ง"", ""ไม่"", ""ปากกา""]",น้ำแข็ง,,nam-kaeng,קרח,ice,medium_normalized_match,spacing_plus_frame
vocab_0215_write_thai,3,typing,vocab_write_thai,כתוב בתאית: nam-kaeng = קרח / ice.,Type in Thai: nam-kaeng = ice / קרח.,,,น้ำแข็ง,"[""น้ำแข็ง""]",nam-kaeng,קרח,ice,medium_normalized_match,
vocab_0215_meaning_mcq,3,multiple_choice,vocab_meaning,מה הפירוש של น้ำแข็ง / nam-kaeng?,What does น้ำแข็ง / nam-kaeng mean?,น้ำแข็ง,"[""לשכוח"", ""קרח"", ""אלף"", ""ישנוני""]",קרח,,nam-kaeng,קרח,ice,medium_normalized_match,spacing_plus_frame
vocab_0216_choose_thai_mcq,3,multiple_choice,vocab_translit_to_thai,בחר את הכתב התאילנדי עבור: nam-som = מיץ תפוזים / orange juice.,Choose the Thai script for: nam-som = orange juice / מיץ תפוזים.,,"[""ผู้ชาย"", ""ไม่เคย"", ""น้ำส้ม"", ""สวย""]",น้ำส้ม,,nam-som,מיץ תפוזים,orange juice,medium_normalized_match,spacing_plus_frame
vocab_0216_write_thai,3,typing,vocab_write_thai,כתוב בתאית: nam-som = מיץ תפוזים / orange juice.,Type in Thai: nam-som = orange juice / מיץ תפוזים.,,,น้ำส้ม,"[""น้ำส้ม""]",nam-som,מיץ תפוזים,orange juice,medium_normalized_match,
vocab_0216_meaning_mcq,3,multiple_choice,vocab_meaning,מה הפירוש של น้ำส้ม / nam-som?,What does น้ำส้ม / nam-som mean?,น้ำส้ม,"[""דרום / מתחת"", ""מורה"", ""פלוס"", ""מיץ תפוזים""]",מיץ תפוזים,,nam-som,מיץ תפוזים,orange juice,medium_normalized_match,spacing_plus_frame
vocab_0217_choose_thai_mcq,3,multiple_choice,vocab_translit_to_thai,בחר את הכתב התאילנדי עבור: ga-fe = קפה / coffee.,Choose the Thai script for: ga-fe = coffee / קפה.,,"[""กาแฟ"", ""หอย"", ""สวย"", ""ใต้""]",กาแฟ,,ga-fe,קפה,coffee,medium_normalized_match,spacing_plus_frame
vocab_0217_write_thai,3,typing,vocab_write_thai,כתוב בתאית: ga-fe = קפה / coffee.,Type in Thai: ga-fe = coffee / קפה.,,,กาแฟ,"[""กาแฟ""]",ga-fe,קפה,coffee,medium_normalized_match,
vocab_0217_meaning_mcq,3,multiple_choice,vocab_meaning,מה הפירוש של กาแฟ / ga-fe?,What does กาแฟ / ga-fe mean?,กาแฟ,"[""המלך (תואר רשמי)"", ""מחנה"", ""קפה"", ""אל תחכה""]",קפה,,ga-fe,קפה,coffee,medium_normalized_match,spacing_plus_frame
vocab_0218_choose_thai_mcq,2,multiple_choice,vocab_translit_to_thai,בחר את הכתב התאילנדי עבור: nom = חלב / milk.,Choose the Thai script for: nom = milk / חלב.,,"[""นม"", ""เล็ก"", ""กลับบ้าน"", ""เอา""]",นม,,nom,חלב,milk,high,spacing_plus_frame
vocab_0218_write_thai,2,typing,vocab_write_thai,כתוב בתאית: nom = חלב / milk.,Type in Thai: nom = milk / חלב.,,,นม,"[""นม""]",nom,חלב,milk,high,
vocab_0218_meaning_mcq,2,multiple_choice,vocab_meaning,מה הפירוש של นม / nom?,What does นม / nom mean?,นม,"[""צהריים"", ""ביצת עין"", ""חלב"", ""יכול להיות""]",חלב,,nom,חלב,milk,high,spacing_plus_frame
vocab_0219_choose_thai_mcq,2,multiple_choice,vocab_translit_to_thai,בחר את הכתב התאילנדי עבור: beer = בירה / beer.,Choose the Thai script for: beer = beer / בירה.,,"[""เบียร์"", ""คุณชื่ออะไร"", ""มะม่วง"", ""เห็นด้วย""]",เบียร์,,beer,בירה,beer,original_thai_from_file,spacing_plus_frame
vocab_0219_write_thai,2,typing,vocab_write_thai,כתוב בתאית: beer = בירה / beer.,Type in Thai: beer = beer / בירה.,,,เบียร์,"[""เบียร์""]",beer,בירה,beer,original_thai_from_file,
vocab_0219_meaning_mcq,2,multiple_choice,vocab_meaning,מה הפירוש של เบียร์ / beer?,What does เบียร์ / beer mean?,เบียร์,"[""חזיר"", ""בירה"", ""ו..."", ""להיות / לדעת לעשות""]",בירה,,beer,בירה,beer,original_thai_from_file,spacing_plus_frame
vocab_0220_choose_thai_mcq,2,multiple_choice,vocab_translit_to_thai,בחר את הכתב התאילנדי עבור: lao = אלכוהול / וויסקי / alcohol / whiskey.,Choose the Thai script for: lao = alcohol / whiskey / אלכוהול / וויסקי.,,"[""เหล้า"", ""สวัสดี"", ""ต่อไป"", ""ผลไม้""]",เหล้า,,lao,אלכוהול / וויסקי,alcohol / whiskey,original_thai_from_file,spacing_plus_frame
vocab_0220_write_thai,2,typing,vocab_write_thai,כתוב בתאית: lao = אלכוהול / וויסקי / alcohol / whiskey.,Type in Thai: lao = alcohol / whiskey / אלכוהול / וויסקי.,,,เหล้า,"[""เหล้า""]",lao,אלכוהול / וויסקי,alcohol / whiskey,original_thai_from_file,
vocab_0220_meaning_mcq,2,multiple_choice,vocab_meaning,מה הפירוש של เหล้า / lao?,What does เหล้า / lao mean?,เหล้า,"[""אל תדאג / אין מה לדאוג"", ""בננה"", ""אלכוהול / וויסקי"", ""להתראות""]",אלכוהול / וויסקי,,lao,אלכוהול / וויסקי,alcohol / whiskey,original_thai_from_file,spacing_plus_frame
vocab_0221_choose_thai_mcq,2,multiple_choice,vocab_translit_to_thai,בחר את הכתב התאילנדי עבור: gap = עם / with.,Choose the Thai script for: gap = with / עם.,,"[""ตอนเย็น"", ""เบื่อ"", ""เคย"", ""กับ""]",กับ,,gap,עם,with,high,spacing_plus_frame
vocab_0221_write_thai,2,typing,vocab_write_thai,כתוב בתאית: gap = עם / with.,Type in Thai: gap = with / עם.,,,กับ,"[""กับ""]",gap,עם,with,high,
vocab_0221_meaning_mcq,2,multiple_choice,vocab_meaning,מה הפירוש של กับ / gap?,What does กับ / gap mean?,กับ,"[""מחר"", ""לפעמים"", ""פנים / עונה / דף"", ""עם""]",עם,,gap,עם,with,high,spacing_plus_frame
vocab_0222_choose_thai_mcq,2,multiple_choice,vocab_translit_to_thai,בחר את הכתב התאילנדי עבור: ao = רוצה / לקחת / want / take.,Choose the Thai script for: ao = want / take / רוצה / לקחת.,,"[""เอา"", ""เจอกัน"", ""คิดว่า"", ""ผมชื่อ…""]",เอา,,ao,רוצה / לקחת,want / take,high,spacing_plus_frame
vocab_0222_write_thai,2,typing,vocab_write_thai,כתוב בתאית: ao = רוצה / לקחת / want / take.,Type in Thai: ao = want / take / רוצה / לקחת.,,,เอา,"[""เอา""]",ao,רוצה / לקחת,want / take,high,
vocab_0222_meaning_mcq,2,multiple_choice,vocab_meaning,מה הפירוש של เอา / ao?,What does เอา / ao mean?,เอา,"[""אתה אוהב אותי"", ""רוצה / לקחת"", ""אחת עשרה"", ""יקר""]",רוצה / לקחת,,ao,רוצה / לקחת,want / take,high,spacing_plus_frame
vocab_0223_choose_thai_mcq,3,multiple_choice,vocab_translit_to_thai,בחר את הכתב התאילנדי עבור: mai ao = לא רוצה / do not want.,Choose the Thai script for: mai ao = do not want / לא רוצה.,,"[""ไม่เอา"", ""ตกใจ"", ""เมื่อวาน"", ""ไม่รอไม่ขอ""]",ไม่เอา,,mai ao,לא רוצה,do not want,high,spacing_plus_frame
vocab_0223_write_thai,3,typing,vocab_write_thai,כתוב בתאית: mai ao = לא רוצה / do not want.,Type in Thai: mai ao = do not want / לא רוצה.,,,ไม่เอา,"[""ไม่เอา""]",mai ao,לא רוצה,do not want,high,
vocab_0223_meaning_mcq,3,multiple_choice,vocab_meaning,מה הפירוש של ไม่เอา / mai ao?,What does ไม่เอา / mai ao mean?,ไม่เอา,"[""אננס"", ""יום הולדת"", ""לא רוצה"", ""בשר / בקר""]",לא רוצה,,mai ao,לא רוצה,do not want,high,spacing_plus_frame
vocab_0224_choose_thai_mcq,4,multiple_choice,vocab_translit_to_thai,בחר את הכתב התאילנדי עבור: ao-an-nii = רוצה את זה / want this one.,Choose the Thai script for: ao-an-nii = want this one / רוצה את זה.,,"[""น้ำตก"", ""เที่ยว"", ""เท่าไร"", ""เอาอันนี้""]",เอาอันนี้,,ao-an-nii,רוצה את זה,want this one,medium_normalized_match,spacing_plus_frame
vocab_0224_write_thai,4,typing,vocab_write_thai,כתוב בתאית: ao-an-nii = רוצה את זה / want this one.,Type in Thai: ao-an-nii = want this one / רוצה את זה.,,,เอาอันนี้,"[""เอาอันนี้""]",ao-an-nii,רוצה את זה,want this one,medium_normalized_match,
vocab_0224_meaning_mcq,4,multiple_choice,vocab_meaning,מה הפירוש של เอาอันนี้ / ao-an-nii?,What does เอาอันนี้ / ao-an-nii mean?,เอาอันนี้,"[""בד / בגד"", ""שש"", ""רוצה את זה"", ""יפה""]",רוצה את זה,,ao-an-nii,רוצה את זה,want this one,medium_normalized_match,spacing_plus_frame
vocab_0225_choose_thai_mcq,2,multiple_choice,vocab_translit_to_thai,בחר את הכתב התאילנדי עבור: reua = סירה / boat.,Choose the Thai script for: reua = boat / סירה.,,"[""เรือ"", ""ขาย"", ""กล้วย"", ""หมด""]",เรือ,,reua,סירה,boat,high,spacing_plus_frame
vocab_0225_write_thai,2,typing,vocab_write_thai,כתוב בתאית: reua = סירה / boat.,Type in Thai: reua = boat / סירה.,,,เรือ,"[""เรือ""]",reua,סירה,boat,high,
vocab_0225_meaning_mcq,2,multiple_choice,vocab_meaning,מה הפירוש של เรือ / reua?,What does เรือ / reua mean?,เรือ,"[""they הם"", ""לתת / עבור"", ""סירה"", ""אני אוהב/ת אותך""]",סירה,,reua,סירה,boat,high,spacing_plus_frame
vocab_0226_choose_thai_mcq,3,multiple_choice,vocab_translit_to_thai,בחר את הכתב התאילנדי עבור: reua-bin = מטוס / airplane.,Choose the Thai script for: reua-bin = airplane / מטוס.,,"[""ห้อง"", ""มา"", ""เรือบิน"", ""ไม่มีทาง""]",เรือบิน,,reua-bin,מטוס,airplane,medium_normalized_match,spacing_plus_frame
vocab_0226_write_thai,3,typing,vocab_write_thai,כתוב בתאית: reua-bin = מטוס / airplane.,Type in Thai: reua-bin = airplane / מטוס.,,,เรือบิน,"[""เรือบิน""]",reua-bin,מטוס,airplane,medium_normalized_match,
vocab_0226_meaning_mcq,3,multiple_choice,vocab_meaning,מה הפירוש של เรือบิน / reua-bin?,What does เรือบิน / reua-bin mean?,เรือบิน,"[""לא עשיתי"", ""מטוס"", ""ביצת עין"", ""מילת עתיד""]",מטוס,,reua-bin,מטוס,airplane,medium_normalized_match,spacing_plus_frame
vocab_0227_choose_thai_mcq,2,multiple_choice,vocab_translit_to_thai,בחר את הכתב התאילנדי עבור: rot = מכונית / car / vehicle.,Choose the Thai script for: rot = car / vehicle / מכונית.,,"[""รถ"", ""แล้วไง"", ""เขียน"", ""ใจดี""]",รถ,,rot,מכונית,car / vehicle,high,spacing_plus_frame
vocab_0227_write_thai,2,typing,vocab_write_thai,כתוב בתאית: rot = מכונית / car / vehicle.,Type in Thai: rot = car / vehicle / מכונית.,,,รถ,"[""รถ""]",rot,מכונית,car / vehicle,high,
vocab_0227_meaning_mcq,2,multiple_choice,vocab_meaning,מה הפירוש של รถ / rot?,What does รถ / rot mean?,รถ,"[""מכונית"", ""לפחד"", ""מאוד"", ""לזכור""]",מכונית,,rot,מכונית,car / vehicle,high,spacing_plus_frame
vocab_0228_choose_thai_mcq,3,multiple_choice,vocab_translit_to_thai,בחר את הכתב התאילנדי עבור: rot-mae = אוטובוס / bus.,Choose the Thai script for: rot-mae = bus / אוטובוס.,,"[""กินอะไร"", ""รถเมล์"", ""หน้าฝน"", ""เท่า""]",รถเมล์,,rot-mae,אוטובוס,bus,medium_normalized_match,spacing_plus_frame
vocab_0228_write_thai,3,typing,vocab_write_thai,כתוב בתאית: rot-mae = אוטובוס / bus.,Type in Thai: rot-mae = bus / אוטובוס.,,,รถเมล์,"[""รถเมล์""]",rot-mae,אוטובוס,bus,medium_normalized_match,
vocab_0228_meaning_mcq,3,multiple_choice,vocab_meaning,מה הפירוש של รถเมล์ / rot-mae?,What does รถเมล์ / rot-mae mean?,รถเมล์,"[""כיף"", ""מיליון"", ""בננה"", ""אוטובוס""]",אוטובוס,,rot-mae,אוטובוס,bus,medium_normalized_match,spacing_plus_frame
vocab_0229_choose_thai_mcq,3,multiple_choice,vocab_translit_to_thai,בחר את הכתב התאילנדי עבור: rot-fai = רכבת / train.,Choose the Thai script for: rot-fai = train / רכבת.,,"[""พัน"", ""เย็น"", ""รถไฟ"", ""ไป""]",รถไฟ,,rot-fai,רכבת,train,medium_normalized_match,spacing_plus_frame
vocab_0229_write_thai,3,typing,vocab_write_thai,כתוב בתאית: rot-fai = רכבת / train.,Type in Thai: rot-fai = train / רכבת.,,,รถไฟ,"[""รถไฟ""]",rot-fai,רכבת,train,medium_normalized_match,
vocab_0229_meaning_mcq,3,multiple_choice,vocab_meaning,מה הפירוש של รถไฟ / rot-fai?,What does รถไฟ / rot-fai mean?,รถไฟ,"[""מה קורה? / מה נשמע?"", ""השם שלי הוא..."", ""חלב"", ""רכבת""]",רכבת,,rot-fai,רכבת,train,medium_normalized_match,spacing_plus_frame
vocab_0230_choose_thai_mcq,4,multiple_choice,vocab_translit_to_thai,בחר את הכתב התאילנדי עבור: mo-dtu-sai = אופנוע / motorbike.,Choose the Thai script for: mo-dtu-sai = motorbike / אופנוע.,,"[""โรงเรียน"", ""เบื่อ"", ""มอเตอร์ไซค์"", ""ใคร""]",มอเตอร์ไซค์,,mo-dtu-sai,אופנוע,motorbike,medium_normalized_match,spacing_plus_frame
vocab_0230_write_thai,4,typing,vocab_write_thai,כתוב בתאית: mo-dtu-sai = אופנוע / motorbike.,Type in Thai: mo-dtu-sai = motorbike / אופנוע.,,,มอเตอร์ไซค์,"[""มอเตอร์ไซค์""]",mo-dtu-sai,אופנוע,motorbike,medium_normalized_match,
vocab_0230_meaning_mcq,4,multiple_choice,vocab_meaning,מה הפירוש של มอเตอร์ไซค์ / mo-dtu-sai?,What does มอเตอร์ไซค์ / mo-dtu-sai mean?,มอเตอร์ไซค์,"[""פלוס"", ""אופנוע"", ""הכל נגמר / אזל"", ""אחת עשרה""]",אופנוע,,mo-dtu-sai,אופנוע,motorbike,medium_normalized_match,spacing_plus_frame
vocab_0232_choose_thai_mcq,2,multiple_choice,vocab_translit_to_thai,בחר את הכתב התאילנדי עבור: doen = ללכת ברגל / walk.,Choose the Thai script for: doen = walk / ללכת ברגל.,,"[""รถ"", ""หมด"", ""เดิน"", ""พอดี/พอไหม""]",เดิน,,doen,ללכת ברגל,walk,high,spacing_plus_frame
vocab_0232_write_thai,2,typing,vocab_write_thai,כתוב בתאית: doen = ללכת ברגל / walk.,Type in Thai: doen = walk / ללכת ברגל.,,,เดิน,"[""เดิน""]",doen,ללכת ברגל,walk,high,
vocab_0232_meaning_mcq,2,multiple_choice,vocab_meaning,מה הפירוש של เดิน / doen?,What does เดิน / doen mean?,เดิน,"[""אני גר ב..."", ""חזיר"", ""ללכת ברגל"", ""זה / הוא (הגדרה)""]",ללכת ברגל,,doen,ללכת ברגל,walk,high,spacing_plus_frame
vocab_0233_choose_thai_mcq,2,multiple_choice,vocab_translit_to_thai,בחר את הכתב התאילנדי עבור: wing = לרוץ / run.,Choose the Thai script for: wing = run / לרוץ.,,"[""หน้าต่าง"", ""เท่าไร"", ""พ่อแม่"", ""วิ่ง""]",วิ่ง,,wing,לרוץ,run,high,spacing_plus_frame
vocab_0233_write_thai,2,typing,vocab_write_thai,כתוב בתאית: wing = לרוץ / run.,Type in Thai: wing = run / לרוץ.,,,วิ่ง,"[""วิ่ง""]",wing,לרוץ,run,high,
vocab_0233_meaning_mcq,2,multiple_choice,vocab_meaning,מה הפירוש של วิ่ง / wing?,What does วิ่ง / wing mean?,วิ่ง,"[""בגלל ש..."", ""לרוץ"", ""רכבת"", ""יציאה,החוצה""]",לרוץ,,wing,לרוץ,run,high,spacing_plus_frame
vocab_0234_choose_thai_mcq,2,multiple_choice,vocab_translit_to_thai,בחר את הכתב התאילנדי עבור: suay = יפה / beautiful.,Choose the Thai script for: suay = beautiful / יפה.,,"[""หน้าฝน"", ""หวาน"", ""สวย"", ""ไม่มีทาง""]",สวย,,suay,יפה,beautiful,high_context_disambiguated,spacing_plus_frame
vocab_0234_write_thai,2,typing,vocab_write_thai,כתוב בתאית: suay = יפה / beautiful.,Type in Thai: suay = beautiful / יפה.,,,สวย,"[""สวย""]",suay,יפה,beautiful,high_context_disambiguated,
vocab_0234_meaning_mcq,2,multiple_choice,vocab_meaning,מה הפירוש של สวย / suay?,What does สวย / suay mean?,สวย,"[""חמוץ"", ""ערימה"", ""יפה"", ""להמשיך / להאריך""]",יפה,,suay,יפה,beautiful,high_context_disambiguated,spacing_plus_frame
vocab_0235_choose_thai_mcq,3,multiple_choice,vocab_translit_to_thai,בחר את הכתב התאילנדי עבור: naa-rak = חמוד / cute.,Choose the Thai script for: naa-rak = cute / חמוד.,,"[""ผัก"", ""เหล้า"", ""น่ารัก"", ""ไม่ได้…""]",น่ารัก,,naa-rak,חמוד,cute,medium_normalized_match,spacing_plus_frame
vocab_0235_write_thai,3,typing,vocab_write_thai,כתוב בתאית: naa-rak = חמוד / cute.,Type in Thai: naa-rak = cute / חמוד.,,,น่ารัก,"[""น่ารัก""]",naa-rak,חמוד,cute,medium_normalized_match,
vocab_0235_meaning_mcq,3,multiple_choice,vocab_meaning,מה הפירוש של น่ารัก / naa-rak?,What does น่ารัก / naa-rak mean?,น่ารัก,"[""אף פעם לא"", ""רוצה את זה"", ""חמוד"", ""יפה""]",חמוד,,naa-rak,חמוד,cute,medium_normalized_match,spacing_plus_frame
vocab_0236_choose_thai_mcq,2,multiple_choice,vocab_translit_to_thai,בחר את הכתב התאילנדי עבור: lor = חתיך / handsome.,Choose the Thai script for: lor = handsome / חתיך.,,"[""บางที"", ""ซื้อ"", ""หล่อ"", ""ใต้""]",หล่อ,,lor,חתיך,handsome,high,spacing_plus_frame
vocab_0236_write_thai,2,typing,vocab_write_thai,כתוב בתאית: lor = חתיך / handsome.,Type in Thai: lor = handsome / חתיך.,,,หล่อ,"[""หล่อ""]",lor,חתיך,handsome,high,
vocab_0236_meaning_mcq,2,multiple_choice,vocab_meaning,מה הפירוש של หล่อ / lor?,What does หล่อ / lor mean?,หล่อ,"[""לב טוב"", ""חתיך"", ""באמת"", ""מחנה""]",חתיך,,lor,חתיך,handsome,high,spacing_plus_frame
vocab_0237_choose_thai_mcq,2,multiple_choice,vocab_translit_to_thai,בחר את הכתב התאילנדי עבור: dtia = נמוך / short.,Choose the Thai script for: dtia = short / נמוך.,,"[""วันนี้"", ""เตี้ย"", ""น้ำมัน"", ""รวม""]",เตี้ย,,dtia,נמוך,short,high,spacing_plus_frame
vocab_0237_write_thai,2,typing,vocab_write_thai,כתוב בתאית: dtia = נמוך / short.,Type in Thai: dtia = short / נמוך.,,,เตี้ย,"[""เตี้ย""]",dtia,נמוך,short,high,
vocab_0237_meaning_mcq,2,multiple_choice,vocab_meaning,מה הפירוש של เตี้ย / dtia?,What does เตี้ย / dtia mean?,เตี้ย,"[""להיות / לדעת לעשות"", ""חלק מהאנשים"", ""לשכוח"", ""נמוך""]",נמוך,,dtia,נמוך,short,high,spacing_plus_frame
vocab_0238_choose_thai_mcq,2,multiple_choice,vocab_translit_to_thai,בחר את הכתב התאילנדי עבור: soong = גבוה / tall.,Choose the Thai script for: soong = tall / גבוה.,,"[""เด็ก"", ""สูง"", ""ได้"", ""หิว""]",สูง,,soong,גבוה,tall,high,spacing_plus_frame
vocab_0238_write_thai,2,typing,vocab_write_thai,כתוב בתאית: soong = גבוה / tall.,Type in Thai: soong = tall / גבוה.,,,สูง,"[""สูง""]",soong,גבוה,tall,high,
vocab_0238_meaning_mcq,2,multiple_choice,vocab_meaning,מה הפירוש של สูง / soong?,What does สูง / soong mean?,สูง,"[""מחר"", ""גבוה"", ""בגלל ש..."", ""שונא""]",גבוה,,soong,גבוה,tall,high,spacing_plus_frame
vocab_0239_choose_thai_mcq,3,multiple_choice,vocab_translit_to_thai,בחר את הכתב התאילנדי עבור: u-an = שמן (גוף) / fat / overweight.,Choose the Thai script for: u-an = fat / overweight / שמן (גוף).,,"[""กัน"", ""อ้วน"", ""นาที"", ""เคย""]",อ้วน,,u-an,שמן (גוף),fat / overweight,medium_normalized_match,spacing_plus_frame
vocab_0239_write_thai,3,typing,vocab_write_thai,כתוב בתאית: u-an = שמן (גוף) / fat / overweight.,Type in Thai: u-an = fat / overweight / שמן (גוף).,,,อ้วน,"[""อ้วน""]",u-an,שמן (גוף),fat / overweight,medium_normalized_match,
vocab_0239_meaning_mcq,3,multiple_choice,vocab_meaning,מה הפירוש של อ้วน / u-an?,What does อ้วน / u-an mean?,อ้วน,"[""רואה"", ""המלך (תואר רשמי)"", ""שמן (גוף)"", ""בוקר""]",שמן (גוף),,u-an,שמן (גוף),fat / overweight,medium_normalized_match,spacing_plus_frame
vocab_0240_choose_thai_mcq,2,multiple_choice,vocab_translit_to_thai,בחר את הכתב התאילנדי עבור: pom = רזה / thin.,Choose the Thai script for: pom = thin / רזה.,,"[""ชื่อเล่น"", ""ผอม"", ""ลืม"", ""เอาอันนี้""]",ผอม,,pom,רזה,thin,original_thai_from_file,spacing_plus_frame
vocab_0240_write_thai,2,typing,vocab_write_thai,כתוב בתאית: pom = רזה / thin.,Type in Thai: pom = thin / רזה.,,,ผอม,"[""ผอม""]",pom,רזה,thin,original_thai_from_file,
vocab_0240_meaning_mcq,2,multiple_choice,vocab_meaning,מה הפירוש של ผอม / pom?,What does ผอม / pom mean?,ผอม,"[""רזה"", ""לחשוב"", ""אננס"", ""אפשר לקבל...""]",רזה,,pom,רזה,thin,original_thai_from_file,spacing_plus_frame
vocab_0241_choose_thai_mcq,2,multiple_choice,vocab_translit_to_thai,בחר את הכתב התאילנדי עבור: yai = גדול / big.,Choose the Thai script for: yai = big / גדול.,,"[""ใหญ่"", ""ค่าย"", ""คิด"", ""ไม่เห็นด้วย""]",ใหญ่,,yai,גדול,big,high,spacing_plus_frame
vocab_0241_write_thai,2,typing,vocab_write_thai,כתוב בתאית: yai = גדול / big.,Type in Thai: yai = big / גדול.,,,ใหญ่,"[""ใหญ่""]",yai,גדול,big,high,
vocab_0241_meaning_mcq,2,multiple_choice,vocab_meaning,מה הפירוש של ใหญ่ / yai?,What does ใหญ่ / yai mean?,ใหญ่,"[""סטיקי רייס מנגו"", ""עייף"", ""יקר"", ""גדול""]",גדול,,yai,גדול,big,high,spacing_plus_frame
vocab_0242_choose_thai_mcq,2,multiple_choice,vocab_translit_to_thai,בחר את הכתב התאילנדי עבור: lek = קטן / small.,Choose the Thai script for: lek = small / קטן.,,"[""เล็ก"", ""มัน"", ""น่ารัก"", ""ตกใจ""]",เล็ก,,lek,קטן,small,high,spacing_plus_frame
vocab_0242_write_thai,2,typing,vocab_write_thai,כתוב בתאית: lek = קטן / small.,Type in Thai: lek = small / קטן.,,,เล็ก,"[""เล็ก""]",lek,קטן,small,high,
vocab_0242_meaning_mcq,2,multiple_choice,vocab_meaning,מה הפירוש של เล็ก / lek?,What does เล็ก / lek mean?,เล็ก,"[""קטן"", ""תה"", ""כסף"", ""המוח לא עובד""]",קטן,,lek,קטן,small,high,spacing_plus_frame
vocab_0243_choose_thai_mcq,2,multiple_choice,vocab_translit_to_thai,בחר את הכתב התאילנדי עבור: ngao = בודד / lonely.,Choose the Thai script for: ngao = lonely / בודד.,,"[""เหงา"", ""ไม่เป็นไร"", ""อร่อย"", ""เห็น""]",เหงา,,ngao,בודד,lonely,high,spacing_plus_frame
vocab_0243_write_thai,2,typing,vocab_write_thai,כתוב בתאית: ngao = בודד / lonely.,Type in Thai: ngao = lonely / בודד.,,,เหงา,"[""เหงา""]",ngao,בודד,lonely,high,
vocab_0243_meaning_mcq,2,multiple_choice,vocab_meaning,מה הפירוש של เหงา / ngao?,What does เหงา / ngao mean?,เหงา,"[""בודד"", ""באמת"", ""רכבת"", ""למה?""]",בודד,,ngao,בודד,lonely,high,spacing_plus_frame
vocab_0244_choose_thai_mcq,3,multiple_choice,vocab_translit_to_thai,בחר את הכתב התאילנדי עבור: sia-jai = עצוב / sad / sorry.,Choose the Thai script for: sia-jai = sad / sorry / עצוב.,,"[""ยืน"", ""ผม/ฉันรักคุณ"", ""เสียใจ"", ""หน้าร้อน""]",เสียใจ,,sia-jai,עצוב,sad / sorry,medium_normalized_match,spacing_plus_frame
vocab_0244_write_thai,3,typing,vocab_write_thai,כתוב בתאית: sia-jai = עצוב / sad / sorry.,Type in Thai: sia-jai = sad / sorry / עצוב.,,,เสียใจ,"[""เสียใจ""]",sia-jai,עצוב,sad / sorry,medium_normalized_match,
vocab_0244_meaning_mcq,3,multiple_choice,vocab_meaning,מה הפירוש של เสียใจ / sia-jai?,What does เสียใจ / sia-jai mean?,เสียใจ,"[""לבוא"", ""עצוב"", ""יכול"", ""לעשות / להכין""]",עצוב,,sia-jai,עצוב,sad / sorry,medium_normalized_match,spacing_plus_frame
vocab_0245_choose_thai_mcq,3,multiple_choice,vocab_translit_to_thai,בחר את הכתב התאילנדי עבור: dii-jai = שמח / happy.,Choose the Thai script for: dii-jai = happy / שמח.,,"[""ใจ"", ""ดีใจ"", ""ต้อง"", ""เมื่อไร""]",ดีใจ,,dii-jai,שמח,happy,medium_normalized_match,spacing_plus_frame
vocab_0245_write_thai,3,typing,vocab_write_thai,כתוב בתאית: dii-jai = שמח / happy.,Type in Thai: dii-jai = happy / שמח.,,,ดีใจ,"[""ดีใจ""]",dii-jai,שמח,happy,medium_normalized_match,
vocab_0245_meaning_mcq,3,multiple_choice,vocab_meaning,מה הפירוש של ดีใจ / dii-jai?,What does ดีใจ / dii-jai mean?,ดีใจ,"[""דג"", ""שמח"", ""חזיר"", ""תפל""]",שמח,,dii-jai,שמח,happy,medium_normalized_match,spacing_plus_frame
vocab_0246_choose_thai_mcq,2,multiple_choice,vocab_translit_to_thai,בחר את הכתב התאילנדי עבור: grote = כועס / angry.,Choose the Thai script for: grote = angry / כועס.,,"[""เค็ม"", ""โกรธ"", ""เมื่อไร"", ""แล้วแต่คุณ""]",โกรธ,,grote,כועס,angry,original_thai_from_file,spacing_plus_frame
vocab_0246_write_thai,2,typing,vocab_write_thai,כתוב בתאית: grote = כועס / angry.,Type in Thai: grote = angry / כועס.,,,โกรธ,"[""โกรธ""]",grote,כועס,angry,original_thai_from_file,
vocab_0246_meaning_mcq,2,multiple_choice,vocab_meaning,מה הפירוש של โกรธ / grote?,What does โกรธ / grote mean?,โกรธ,"[""מילת שאלה (כן/לא)"", ""אתמול"", ""כועס"", ""שתיים""]",כועס,,grote,כועס,angry,original_thai_from_file,spacing_plus_frame
vocab_0247_choose_thai_mcq,2,multiple_choice,vocab_translit_to_thai,בחר את הכתב התאילנדי עבור: glua = מפחד / afraid.,Choose the Thai script for: glua = afraid / מפחד.,,"[""ดม"", ""ดื่ม"", ""หม้อ"", ""กลัว""]",กลัว,,glua,מפחד,afraid,high,spacing_plus_frame
vocab_0247_write_thai,2,typing,vocab_write_thai,כתוב בתאית: glua = מפחד / afraid.,Type in Thai: glua = afraid / מפחד.,,,กลัว,"[""กลัว""]",glua,מפחד,afraid,high,
vocab_0247_meaning_mcq,2,multiple_choice,vocab_meaning,מה הפירוש של กลัว / glua?,What does กลัว / glua mean?,กลัว,"[""לנוח"", ""אישה / נקבה"", ""מפחד"", ""בערך""]",מפחד,,glua,מפחד,afraid,high,spacing_plus_frame
vocab_0248_choose_thai_mcq,3,multiple_choice,vocab_translit_to_thai,בחר את הכתב התאילנדי עבור: dtok-jai = מופתע / בהלם / shocked / startled.,Choose the Thai script for: dtok-jai = shocked / startled / מופתע / בהלם.,,"[""ได้"", ""สวย"", ""ไปไหน"", ""ตกใจ""]",ตกใจ,,dtok-jai,מופתע / בהלם,shocked / startled,medium_normalized_match,spacing_plus_frame
vocab_0248_write_thai,3,typing,vocab_write_thai,כתוב בתאית: dtok-jai = מופתע / בהלם / shocked / startled.,Type in Thai: dtok-jai = shocked / startled / מופתע / בהלם.,,,ตกใจ,"[""ตกใจ""]",dtok-jai,מופתע / בהלם,shocked / startled,medium_normalized_match,
vocab_0248_meaning_mcq,3,multiple_choice,vocab_meaning,מה הפירוש של ตกใจ / dtok-jai?,What does ตกใจ / dtok-jai mean?,ตกใจ,"[""לרוץ"", ""מופתע / בהלם"", ""למה?"", ""הבנתי כבר""]",מופתע / בהלם,,dtok-jai,מופתע / בהלם,shocked / startled,medium_normalized_match,spacing_plus_frame
vocab_0249_choose_thai_mcq,2,multiple_choice,vocab_translit_to_thai,בחר את הכתב התאילנדי עבור: ngong = מבולבל / confused.,Choose the Thai script for: ngong = confused / מבולבל.,,"[""ตื่น"", ""อยู่"", ""ขนม"", ""งง""]",งง,,ngong,מבולבל,confused,high,spacing_plus_frame
vocab_0249_write_thai,2,typing,vocab_write_thai,כתוב בתאית: ngong = מבולבל / confused.,Type in Thai: ngong = confused / מבולבל.,,,งง,"[""งง""]",ngong,מבולבל,confused,high,
vocab_0249_meaning_mcq,2,multiple_choice,vocab_meaning,מה הפירוש של งง / ngong?,What does งง / ngong mean?,งง,"[""חם"", ""כסף"", ""אני לא מבין / לא קולט"", ""מבולבל""]",מבולבל,,ngong,מבולבל,confused,high,spacing_plus_frame
vocab_0250_choose_thai_mcq,3,multiple_choice,vocab_translit_to_thai,בחר את הכתב התאילנדי עבור: man-jai = בטוח בעצמי / confident.,Choose the Thai script for: man-jai = confident / בטוח בעצמי.,,"[""มั่นใจ"", ""เดิน"", ""รู้สึกว่า"", ""ไหว้""]",มั่นใจ,,man-jai,בטוח בעצמי,confident,medium_normalized_match,spacing_plus_frame
vocab_0250_write_thai,3,typing,vocab_write_thai,כתוב בתאית: man-jai = בטוח בעצמי / confident.,Type in Thai: man-jai = confident / בטוח בעצמי.,,,มั่นใจ,"[""มั่นใจ""]",man-jai,בטוח בעצמי,confident,medium_normalized_match,
vocab_0250_meaning_mcq,3,multiple_choice,vocab_meaning,מה הפירוש של มั่นใจ / man-jai?,What does มั่นใจ / man-jai mean?,มั่นใจ,"[""עוף"", ""חייב"", ""אשכול בננות"", ""בטוח בעצמי""]",בטוח בעצמי,,man-jai,בטוח בעצמי,confident,medium_normalized_match,spacing_plus_frame
vocab_0251_choose_thai_mcq,4,multiple_choice,vocab_translit_to_thai,בחר את הכתב התאילנדי עבור: naa-kao-jai = מובן / understandable.,Choose the Thai script for: naa-kao-jai = understandable / מובן.,,"[""น่าเข้าใจ"", ""แพง"", ""ตกใจ"", ""ห้อง""]",น่าเข้าใจ,,naa-kao-jai,מובן,understandable,medium_normalized_match,spacing_plus_frame
vocab_0251_write_thai,4,typing,vocab_write_thai,כתוב בתאית: naa-kao-jai = מובן / understandable.,Type in Thai: naa-kao-jai = understandable / מובן.,,,น่าเข้าใจ,"[""น่าเข้าใจ""]",naa-kao-jai,מובן,understandable,medium_normalized_match,
vocab_0251_meaning_mcq,4,multiple_choice,vocab_meaning,מה הפירוש של น่าเข้าใจ / naa-kao-jai?,What does น่าเข้าใจ / naa-kao-jai mean?,น่าเข้าใจ,"[""מטוס"", ""להגיד / לספר"", ""מובן"", ""בודד""]",מובן,,naa-kao-jai,מובן,understandable,medium_normalized_match,spacing_plus_frame
vocab_0252_choose_thai_mcq,4,multiple_choice,vocab_translit_to_thai,בחר את הכתב התאילנדי עבור: mai-kao-jai = לא מבין / do not understand.,Choose the Thai script for: mai-kao-jai = do not understand / לא מבין.,,"[""ใช่ไหม"", ""บางที"", ""ไม่เข้าใจ"", ""ไม่เป็นไร""]",ไม่เข้าใจ,,mai-kao-jai,לא מבין,do not understand,medium_normalized_match,spacing_plus_frame
vocab_0252_write_thai,4,typing,vocab_write_thai,כתוב בתאית: mai-kao-jai = לא מבין / do not understand.,Type in Thai: mai-kao-jai = do not understand / לא מבין.,,,ไม่เข้าใจ,"[""ไม่เข้าใจ""]",mai-kao-jai,לא מבין,do not understand,medium_normalized_match,
vocab_0252_meaning_mcq,4,multiple_choice,vocab_meaning,מה הפירוש של ไม่เข้าใจ / mai-kao-jai?,What does ไม่เข้าใจ / mai-kao-jai mean?,ไม่เข้าใจ,"[""מתי?"", ""אין מצב / אין סיכוי"", ""לא מבין"", ""אוהב""]",לא מבין,,mai-kao-jai,לא מבין,do not understand,medium_normalized_match,spacing_plus_frame
vocab_0253_choose_thai_mcq,5,multiple_choice,vocab_translit_to_thai,בחר את הכתב התאילנדי עבור: kao-jai mai? = מבין? / Do you understand?.,Choose the Thai script for: kao-jai mai? = Do you understand? / מבין?.,,"[""มา"", ""เข้าใจไหม"", ""หวัง"", ""สมาชิก""]",เข้าใจไหม,,kao-jai mai?,מבין?,Do you understand?,medium_normalized_match,spacing_plus_frame
vocab_0253_write_thai,5,typing,vocab_write_thai,כתוב בתאית: kao-jai mai? = מבין? / Do you understand?.,Type in Thai: kao-jai mai? = Do you understand? / מבין?.,,,เข้าใจไหม,"[""เข้าใจไหม""]",kao-jai mai?,מבין?,Do you understand?,medium_normalized_match,
vocab_0253_meaning_mcq,5,multiple_choice,vocab_meaning,מה הפירוש של เข้าใจไหม / kao-jai mai??,What does เข้าใจไหม / kao-jai mai? mean?,เข้าใจไหม,"[""פנים,לפנים,הלאה,עונות"", ""קצת"", ""מבין?"", ""סוכר""]",מבין?,,kao-jai mai?,מבין?,Do you understand?,medium_normalized_match,spacing_plus_frame
vocab_0254_choose_thai_mcq,4,multiple_choice,vocab_translit_to_thai,בחר את הכתב התאילנדי עבור: kao-jai leaw = הבנתי כבר / understood already.,Choose the Thai script for: kao-jai leaw = understood already / הבנתי כבר.,,"[""คือ"", ""ตอนเช้า"", ""หวัง"", ""เข้าใจแล้ว""]",เข้าใจแล้ว,,kao-jai leaw,הבנתי כבר,understood already,medium_normalized_match,spacing_plus_frame
vocab_0254_write_thai,4,typing,vocab_write_thai,כתוב בתאית: kao-jai leaw = הבנתי כבר / understood already.,Type in Thai: kao-jai leaw = understood already / הבנתי כבר.,,,เข้าใจแล้ว,"[""เข้าใจแล้ว""]",kao-jai leaw,הבנתי כבר,understood already,medium_normalized_match,
vocab_0254_meaning_mcq,4,multiple_choice,vocab_meaning,מה הפירוש של เข้าใจแล้ว / kao-jai leaw?,What does เข้าใจแล้ว / kao-jai leaw mean?,เข้าใจแล้ว,"[""הבנתי כבר"", ""אפשר לקבל..."", ""מ... (מקור)"", ""כמה (מחיר)""]",הבנתי כבר,,kao-jai leaw,הבנתי כבר,understood already,medium_normalized_match,spacing_plus_frame
vocab_0255_choose_thai_mcq,2,multiple_choice,vocab_translit_to_thai,בחר את הכתב התאילנדי עבור: rak = אוהב / love.,Choose the Thai script for: rak = love / אוהב.,,"[""ข้าม"", ""สอง"", ""รัก"", ""ลบ""]",รัก,,rak,אוהב,love,high,spacing_plus_frame
vocab_0255_write_thai,2,typing,vocab_write_thai,כתוב בתאית: rak = אוהב / love.,Type in Thai: rak = love / אוהב.,,,รัก,"[""รัก""]",rak,אוהב,love,high,
vocab_0255_meaning_mcq,2,multiple_choice,vocab_meaning,מה הפירוש של รัก / rak?,What does รัก / rak mean?,รัก,"[""כמה (מחיר)"", ""משעמם"", ""באמת"", ""אוהב""]",אוהב,,rak,אוהב,love,high,spacing_plus_frame
vocab_0256_choose_thai_mcq,2,multiple_choice,vocab_translit_to_thai,בחר את הכתב התאילנדי עבור: gliad = שונא / hate.,Choose the Thai script for: gliad = hate / שונא.,,"[""ห้อง"", ""เกลียด"", ""หมู"", ""ให้""]",เกลียด,,gliad,שונא,hate,high,spacing_plus_frame
vocab_0256_write_thai,2,typing,vocab_write_thai,כתוב בתאית: gliad = שונא / hate.,Type in Thai: gliad = hate / שונא.,,,เกลียด,"[""เกลียด""]",gliad,שונא,hate,high,
vocab_0256_meaning_mcq,2,multiple_choice,vocab_meaning,מה הפירוש של เกลียด / gliad?,What does เกลียด / gliad mean?,เกลียด,"[""דקה"", ""שונא"", ""להתרגל / פעם..."", ""לרוץ""]",שונא,,gliad,שונא,hate,high,spacing_plus_frame
vocab_0257_choose_thai_mcq,3,multiple_choice,vocab_translit_to_thai,בחר את הכתב התאילנדי עבור: hen-duai = מסכים / agree.,Choose the Thai script for: hen-duai = agree / מסכים.,,"[""ไข่เจียว"", ""เห็นด้วย"", ""เหงา"", ""อุ่น""]",เห็นด้วย,,hen-duai,מסכים,agree,medium_normalized_match,spacing_plus_frame
vocab_0257_write_thai,3,typing,vocab_write_thai,כתוב בתאית: hen-duai = מסכים / agree.,Type in Thai: hen-duai = agree / מסכים.,,,เห็นด้วย,"[""เห็นด้วย""]",hen-duai,מסכים,agree,medium_normalized_match,
vocab_0257_meaning_mcq,3,multiple_choice,vocab_meaning,מה הפירוש של เห็นด้วย / hen-duai?,What does เห็นด้วย / hen-duai mean?,เห็นด้วย,"[""לחם"", ""מסכים"", ""יכול"", ""אתה אוהב אותי""]",מסכים,,hen-duai,מסכים,agree,medium_normalized_match,spacing_plus_frame
vocab_0258_choose_thai_mcq,4,multiple_choice,vocab_translit_to_thai,בחר את הכתב התאילנדי עבור: mai-hen-duai = לא מסכים / disagree.,Choose the Thai script for: mai-hen-duai = disagree / לא מסכים.,,"[""เพราะว่า"", ""ไม่เห็นด้วย"", ""หวาน"", ""อะไร""]",ไม่เห็นด้วย,,mai-hen-duai,לא מסכים,disagree,medium_normalized_match,spacing_plus_frame
vocab_0258_write_thai,4,typing,vocab_write_thai,כתוב בתאית: mai-hen-duai = לא מסכים / disagree.,Type in Thai: mai-hen-duai = disagree / לא מסכים.,,,ไม่เห็นด้วย,"[""ไม่เห็นด้วย""]",mai-hen-duai,לא מסכים,disagree,medium_normalized_match,
vocab_0258_meaning_mcq,4,multiple_choice,vocab_meaning,מה הפירוש של ไม่เห็นด้วย / mai-hen-duai?,What does ไม่เห็นด้วย / mai-hen-duai mean?,ไม่เห็นด้วย,"[""אותו הדבר / גם אני"", ""בודד"", ""לא מסכים"", ""בערך""]",לא מסכים,,mai-hen-duai,לא מסכים,disagree,medium_normalized_match,spacing_plus_frame
vocab_0259_choose_thai_mcq,3,multiple_choice,vocab_translit_to_thai,בחר את הכתב התאילנדי עבור: jing-jing = באמת / really.,Choose the Thai script for: jing-jing = really / באמת.,,"[""จริง ๆ"", ""ตก"", ""เห็น"", ""อาหารทะเล""]",จริง ๆ,,jing-jing,באמת,really,medium_normalized_match,spacing_plus_frame
vocab_0259_write_thai,3,typing,vocab_write_thai,כתוב בתאית: jing-jing = באמת / really.,Type in Thai: jing-jing = really / באמת.,,,จริง ๆ,"[""จริง ๆ""]",jing-jing,באמת,really,medium_normalized_match,
vocab_0259_meaning_mcq,3,multiple_choice,vocab_meaning,מה הפירוש של จริง ๆ / jing-jing?,What does จริง ๆ / jing-jing mean?,จริง ๆ,"[""נתראה"", ""באמת"", ""איפה?"", ""לשכוח""]",באמת,,jing-jing,באמת,really,medium_normalized_match,spacing_plus_frame
vocab_0260_choose_thai_mcq,2,multiple_choice,vocab_translit_to_thai,בחר את הכתב התאילנדי עבור: long = לנסות / try.,Choose the Thai script for: long = try / לנסות.,,"[""เมื่อวาน"", ""เพราะว่า"", ""ลอง"", ""ให้""]",ลอง,,long,לנסות,try,high_context_disambiguated,spacing_plus_frame
vocab_0260_write_thai,2,typing,vocab_write_thai,כתוב בתאית: long = לנסות / try.,Type in Thai: long = try / לנסות.,,,ลอง,"[""ลอง""]",long,לנסות,try,high_context_disambiguated,
vocab_0260_meaning_mcq,2,multiple_choice,vocab_meaning,מה הפירוש של ลอง / long?,What does ลอง / long mean?,ลอง,"[""לנסות"", ""משעמם"", ""לטייל / להסתובב בכיף"", ""מחנה""]",לנסות,,long,לנסות,try,high_context_disambiguated,spacing_plus_frame
vocab_0261_choose_thai_mcq,2,multiple_choice,vocab_translit_to_thai,בחר את הכתב התאילנדי עבור: duu = לראות / להסתכל / look / watch.,Choose the Thai script for: duu = look / watch / לראות / להסתכל.,,"[""พักผ่อน"", ""ท้อง"", ""ดู"", ""ผัด""]",ดู,,duu,לראות / להסתכל,look / watch,high,spacing_plus_frame
vocab_0261_write_thai,2,typing,vocab_write_thai,כתוב בתאית: duu = לראות / להסתכל / look / watch.,Type in Thai: duu = look / watch / לראות / להסתכל.,,,ดู,"[""ดู""]",duu,לראות / להסתכל,look / watch,high,
vocab_0261_meaning_mcq,2,multiple_choice,vocab_meaning,מה הפירוש של ดู / duu?,What does ดู / duu mean?,ดู,"[""לראות / להסתכל"", ""לא עשיתי"", ""חתיך"", ""מאוד""]",לראות / להסתכל,,duu,לראות / להסתכל,look / watch,high,spacing_plus_frame
vocab_0262_choose_thai_mcq,2,multiple_choice,vocab_translit_to_thai,בחר את הכתב התאילנדי עבור: fang = להקשיב / listen.,Choose the Thai script for: fang = listen / להקשיב.,,"[""เห็นด้วย"", ""ครู"", ""ฟัง"", ""ขอ""]",ฟัง,,fang,להקשיב,listen,high,spacing_plus_frame
vocab_0262_write_thai,2,typing,vocab_write_thai,כתוב בתאית: fang = להקשיב / listen.,Type in Thai: fang = listen / להקשיב.,,,ฟัง,"[""ฟัง""]",fang,להקשיב,listen,high,
vocab_0262_meaning_mcq,2,multiple_choice,vocab_meaning,מה הפירוש של ฟัง / fang?,What does ฟัง / fang mean?,ฟัง,"[""מטבח"", ""להוסיף"", ""להקשיב"", ""משעמם""]",להקשיב,,fang,להקשיב,listen,high,spacing_plus_frame
vocab_0263_choose_thai_mcq,2,multiple_choice,vocab_translit_to_thai,בחר את הכתב התאילנדי עבור: dom = להריח / smell.,Choose the Thai script for: dom = smell / להריח.,,"[""ดม"", ""พริก"", ""หมู"", ""หนึ่ง""]",ดม,,dom,להריח,smell,high,spacing_plus_frame
vocab_0263_write_thai,2,typing,vocab_write_thai,כתוב בתאית: dom = להריח / smell.,Type in Thai: dom = smell / להריח.,,,ดม,"[""ดม""]",dom,להריח,smell,high,
vocab_0263_meaning_mcq,2,multiple_choice,vocab_meaning,מה הפירוש של ดม / dom?,What does ดม / dom mean?,ดม,"[""השם שלי הוא..."", ""כל יום"", ""פה"", ""להריח""]",להריח,,dom,להריח,smell,high,spacing_plus_frame
vocab_0264_choose_thai_mcq,2,multiple_choice,vocab_translit_to_thai,בחר את הכתב התאילנדי עבור: chim = לטעום / taste.,Choose the Thai script for: chim = taste / לטעום.,,"[""อยู่"", ""ชิม"", ""มี"", ""หิน""]",ชิม,,chim,לטעום,taste,high,spacing_plus_frame
vocab_0264_write_thai,2,typing,vocab_write_thai,כתוב בתאית: chim = לטעום / taste.,Type in Thai: chim = taste / לטעום.,,,ชิม,"[""ชิม""]",chim,לטעום,taste,high,
vocab_0264_meaning_mcq,2,multiple_choice,vocab_meaning,מה הפירוש של ชิม / chim?,What does ชิม / chim mean?,ชิม,"[""תחתנת משטרה"", ""מובן"", ""אל תחכה"", ""לטעום""]",לטעום,,chim,לטעום,taste,high,spacing_plus_frame
vocab_0265_choose_thai_mcq,2,multiple_choice,vocab_translit_to_thai,בחר את הכתב התאילנדי עבור: jum = לזכור / remember.,Choose the Thai script for: jum = remember / לזכור.,,"[""จำ"", ""ตื่น"", ""บอก"", ""มี""]",จำ,,jum,לזכור,remember,high,spacing_plus_frame
vocab_0265_write_thai,2,typing,vocab_write_thai,כתוב בתאית: jum = לזכור / remember.,Type in Thai: jum = remember / לזכור.,,,จำ,"[""จำ""]",jum,לזכור,remember,high,
vocab_0265_meaning_mcq,2,multiple_choice,vocab_meaning,מה הפירוש של จำ / jum?,What does จำ / jum mean?,จำ,"[""עדיין לא יודע"", ""קבוצה"", ""לזכור"", ""רעב""]",לזכור,,jum,לזכור,remember,high,spacing_plus_frame
vocab_0266_choose_thai_mcq,2,multiple_choice,vocab_translit_to_thai,בחר את הכתב התאילנדי עבור: keey = להתרגל / פעם... / ever / used to.,Choose the Thai script for: keey = ever / used to / להתרגל / פעם....,,"[""สวัสดี"", ""ไม่เป็นไร"", ""ตกใจ"", ""เคย""]",เคย,,keey,להתרגל / פעם...,ever / used to,high_context_disambiguated,spacing_plus_frame
vocab_0266_write_thai,2,typing,vocab_write_thai,כתוב בתאית: keey = להתרגל / פעם... / ever / used to.,Type in Thai: keey = ever / used to / להתרגל / פעם....,,,เคย,"[""เคย""]",keey,להתרגל / פעם...,ever / used to,high_context_disambiguated,
vocab_0266_meaning_mcq,2,multiple_choice,vocab_meaning,מה הפירוש של เคย / keey?,What does เคย / keey mean?,เคย,"[""להתראות"", ""צמא"", ""אני כאן"", ""להתרגל / פעם...""]",להתרגל / פעם...,,keey,להתרגל / פעם...,ever / used to,high_context_disambiguated,spacing_plus_frame
vocab_0267_choose_thai_mcq,2,multiple_choice,vocab_translit_to_thai,בחר את הכתב התאילנדי עבור: teaw = לטייל / לבלות / travel / hang out.,Choose the Thai script for: teaw = travel / hang out / לטייל / לבלות.,,"[""กินข้าว"", ""เที่ยว"", ""เหงา"", ""ครู""]",เที่ยว,,teaw,לטייל / לבלות,travel / hang out,high,spacing_plus_frame
vocab_0267_write_thai,2,typing,vocab_write_thai,כתוב בתאית: teaw = לטייל / לבלות / travel / hang out.,Type in Thai: teaw = travel / hang out / לטייל / לבלות.,,,เที่ยว,"[""เที่ยว""]",teaw,לטייל / לבלות,travel / hang out,high,
vocab_0267_meaning_mcq,2,multiple_choice,vocab_meaning,מה הפירוש של เที่ยว / teaw?,What does เที่ยว / teaw mean?,เที่ยว,"[""עשרים"", ""בגלל ש..."", ""צ'ילי"", ""לטייל / לבלות""]",לטייל / לבלות,,teaw,לטייל / לבלות,travel / hang out,high,spacing_plus_frame
vocab_0268_choose_thai_mcq,2,multiple_choice,vocab_translit_to_thai,בחר את הכתב התאילנדי עבור: raw = לחכות / wait.,Choose the Thai script for: raw = wait / לחכות.,,"[""รอ"", ""ชิม"", ""สนุก"", ""เจ็ด""]",รอ,,raw,לחכות,wait,high,spacing_plus_frame
vocab_0268_write_thai,2,typing,vocab_write_thai,כתוב בתאית: raw = לחכות / wait.,Type in Thai: raw = wait / לחכות.,,,รอ,"[""รอ""]",raw,לחכות,wait,high,
vocab_0268_meaning_mcq,2,multiple_choice,vocab_meaning,מה הפירוש של รอ / raw?,What does รอ / raw mean?,รอ,"[""להדליק / לפתוח"", ""הבא"", ""אבל"", ""לחכות""]",לחכות,,raw,לחכות,wait,high,spacing_plus_frame
vocab_0269_choose_thai_mcq,2,multiple_choice,vocab_translit_to_thai,בחר את הכתב התאילנדי עבור: suu = לקנות / buy.,Choose the Thai script for: suu = buy / לקנות.,,"[""ซื้อ"", ""สวัสดี"", ""พรุ่งนี้"", ""ล้าน""]",ซื้อ,,suu,לקנות,buy,high,spacing_plus_frame
vocab_0269_write_thai,2,typing,vocab_write_thai,כתוב בתאית: suu = לקנות / buy.,Type in Thai: suu = buy / לקנות.,,,ซื้อ,"[""ซื้อ""]",suu,לקנות,buy,high,
vocab_0269_meaning_mcq,2,multiple_choice,vocab_meaning,מה הפירוש של ซื้อ / suu?,What does ซื้อ / suu mean?,ซื้อ,"[""לחזור הביתה"", ""שלום"", ""לקנות"", ""נתראה""]",לקנות,,suu,לקנות,buy,high,spacing_plus_frame
vocab_0270_choose_thai_mcq,2,multiple_choice,vocab_translit_to_thai,בחר את הכתב התאילנדי עבור: kaai = למכור / sell.,Choose the Thai script for: kaai = sell / למכור.,,"[""ลาก่อน"", ""ขาย"", ""ใช่ไหม"", ""ไปก่อนนะ""]",ขาย,,kaai,למכור,sell,high_context_disambiguated,spacing_plus_frame
vocab_0270_write_thai,2,typing,vocab_write_thai,כתוב בתאית: kaai = למכור / sell.,Type in Thai: kaai = sell / למכור.,,,ขาย,"[""ขาย""]",kaai,למכור,sell,high_context_disambiguated,
vocab_0270_meaning_mcq,2,multiple_choice,vocab_meaning,מה הפירוש של ขาย / kaai?,What does ขาย / kaai mean?,ขาย,"[""למכור"", ""אף פעם לא"", ""צהריים"", ""היום""]",למכור,,kaai,למכור,sell,high_context_disambiguated,spacing_plus_frame
vocab_0271_choose_thai_mcq,2,multiple_choice,vocab_translit_to_thai,בחר את הכתב התאילנדי עבור: hai = לתת / עבור / give / for.,Choose the Thai script for: hai = give / for / לתת / עבור.,,"[""มาครับ"", ""ผอม"", ""เพราะว่า"", ""ให้""]",ให้,,hai,לתת / עבור,give / for,high,spacing_plus_frame
vocab_0271_write_thai,2,typing,vocab_write_thai,כתוב בתאית: hai = לתת / עבור / give / for.,Type in Thai: hai = give / for / לתת / עבור.,,,ให้,"[""ให้""]",hai,לתת / עבור,give / for,high,
vocab_0271_meaning_mcq,2,multiple_choice,vocab_meaning,מה הפירוש של ให้ / hai?,What does ให้ / hai mean?,ให้,"[""לשכוח"", ""לחזור"", ""לתת / עבור"", ""הורים""]",לתת / עבור,,hai,לתת / עבור,give / for,high,spacing_plus_frame
vocab_0272_choose_thai_mcq,3,multiple_choice,vocab_translit_to_thai,בחר את הכתב התאילנדי עבור: choo-ay = לעזור / help.,Choose the Thai script for: choo-ay = help / לעזור.,,"[""สาม"", ""ช่วย"", ""เหนื่อย"", ""นักเรียน""]",ช่วย,,choo-ay,לעזור,help,medium_normalized_match,spacing_plus_frame
vocab_0272_write_thai,3,typing,vocab_write_thai,כתוב בתאית: choo-ay = לעזור / help.,Type in Thai: choo-ay = help / לעזור.,,,ช่วย,"[""ช่วย""]",choo-ay,לעזור,help,medium_normalized_match,
vocab_0272_meaning_mcq,3,multiple_choice,vocab_meaning,מה הפירוש של ช่วย / choo-ay?,What does ช่วย / choo-ay mean?,ช่วย,"[""המלך"", ""המלך (תואר רשמי)"", ""לעזור"", ""לעשות / להכין""]",לעזור,,choo-ay,לעזור,help,medium_normalized_match,spacing_plus_frame
vocab_0273_choose_thai_mcq,2,multiple_choice,vocab_translit_to_thai,בחר את הכתב התאילנדי עבור: bork = להגיד / לספר / tell.,Choose the Thai script for: bork = tell / להגיד / לספר.,,"[""สนุก"", ""กลัว"", ""หน้า"", ""บอก""]",บอก,,bork,להגיד / לספר,tell,high,spacing_plus_frame
vocab_0273_write_thai,2,typing,vocab_write_thai,כתוב בתאית: bork = להגיד / לספר / tell.,Type in Thai: bork = tell / להגיד / לספר.,,,บอก,"[""บอก""]",bork,להגיד / לספר,tell,high,
vocab_0273_meaning_mcq,2,multiple_choice,vocab_meaning,מה הפירוש של บอก / bork?,What does บอก / bork mean?,บอก,"[""להגיד / לספר"", ""שונא"", ""מלוח"", ""לסיים""]",להגיד / לספר,,bork,להגיד / לספר,tell,high,spacing_plus_frame
vocab_0274_choose_thai_mcq,2,multiple_choice,vocab_translit_to_thai,בחר את הכתב התאילנדי עבור: tam = לשאול / ask.,Choose the Thai script for: tam = ask / לשאול.,,"[""ถาม"", ""ทบทวน"", ""สิบ"", ""อย่างไร""]",ถาม,,tam,לשאול,ask,high_context_disambiguated,spacing_plus_frame
vocab_0274_write_thai,2,typing,vocab_write_thai,כתוב בתאית: tam = לשאול / ask.,Type in Thai: tam = ask / לשאול.,,,ถาม,"[""ถาม""]",tam,לשאול,ask,high_context_disambiguated,
vocab_0274_meaning_mcq,2,multiple_choice,vocab_meaning,מה הפירוש של ถาม / tam?,What does ถาม / tam mean?,ถาม,"[""מנגו"", ""מה?"", ""רופא"", ""לשאול""]",לשאול,,tam,לשאול,ask,high_context_disambiguated,spacing_plus_frame
vocab_0275_choose_thai_mcq,2,multiple_choice,vocab_translit_to_thai,בחר את הכתב התאילנדי עבור: yim = לחייך / smile.,Choose the Thai script for: yim = smile / לחייך.,,"[""ยิ้ม"", ""โรงเรียน"", ""ชิม"", ""เดิน""]",ยิ้ม,,yim,לחייך,smile,high,spacing_plus_frame
vocab_0275_write_thai,2,typing,vocab_write_thai,כתוב בתאית: yim = לחייך / smile.,Type in Thai: yim = smile / לחייך.,,,ยิ้ม,"[""ยิ้ม""]",yim,לחייך,smile,high,
vocab_0275_meaning_mcq,2,multiple_choice,vocab_meaning,מה הפירוש של ยิ้ม / yim?,What does ยิ้ม / yim mean?,ยิ้ม,"[""מה?"", ""שוב (Again)"", ""לחייך"", ""לא יודע""]",לחייך,,yim,לחייך,smile,high,spacing_plus_frame
vocab_0276_choose_thai_mcq,3,multiple_choice,vocab_translit_to_thai,בחר את הכתב התאילנדי עבור: rong¹-hai³ = לבכות / cry.,Choose the Thai script for: rong¹-hai³ = cry / לבכות.,,"[""หวี"", ""หาด"", ""ร้องไห้"", ""ใจดี""]",ร้องไห้,,rong¹-hai³,לבכות,cry,medium_normalized_match,spacing_plus_frame
vocab_0276_write_thai,3,typing,vocab_write_thai,כתוב בתאית: rong¹-hai³ = לבכות / cry.,Type in Thai: rong¹-hai³ = cry / לבכות.,,,ร้องไห้,"[""ร้องไห้""]",rong¹-hai³,לבכות,cry,medium_normalized_match,
vocab_0276_meaning_mcq,3,multiple_choice,vocab_meaning,מה הפירוש של ร้องไห้ / rong¹-hai³?,What does ร้องไห้ / rong¹-hai³ mean?,ร้องไห้,"[""תחנת דלק"", ""לבוא"", ""לבכות"", ""מר""]",לבכות,,rong¹-hai³,לבכות,cry,medium_normalized_match,spacing_plus_frame
vocab_0277_choose_thai_mcq,3,multiple_choice,vocab_translit_to_thai,בחר את הכתב התאילנדי עבור: it²-chaa¹ = לקנא / envy / jealous.,Choose the Thai script for: it²-chaa¹ = envy / jealous / לקנא.,,"[""ฉันชื่อ…"", ""ข้าม"", ""เกลียด"", ""อิจฉา""]",อิจฉา,,it²-chaa¹,לקנא,envy / jealous,medium_normalized_match,spacing_plus_frame
vocab_0277_write_thai,3,typing,vocab_write_thai,כתוב בתאית: it²-chaa¹ = לקנא / envy / jealous.,Type in Thai: it²-chaa¹ = envy / jealous / לקנא.,,,อิจฉา,"[""อิจฉา""]",it²-chaa¹,לקנא,envy / jealous,medium_normalized_match,
vocab_0277_meaning_mcq,3,multiple_choice,vocab_meaning,מה הפירוש של อิจฉา / it²-chaa¹?,What does อิจฉา / it²-chaa¹ mean?,อิจฉา,"[""בירה"", ""מילת שאלה (כן/לא)"", ""לקנא"", ""לסיים""]",לקנא,,it²-chaa¹,לקנא,envy / jealous,medium_normalized_match,spacing_plus_frame
vocab_0278_choose_thai_mcq,3,multiple_choice,vocab_translit_to_thai,בחר את הכתב התאילנדי עבור: mo¹-ho¹ = עצבני / angry / annoyed.,Choose the Thai script for: mo¹-ho¹ = angry / annoyed / עצבני.,,"[""โมโห"", ""ดู"", ""ตลาดนัด"", ""มะม่วง""]",โมโห,,mo¹-ho¹,עצבני,angry / annoyed,medium_normalized_match,spacing_plus_frame
vocab_0278_write_thai,3,typing,vocab_write_thai,כתוב בתאית: mo¹-ho¹ = עצבני / angry / annoyed.,Type in Thai: mo¹-ho¹ = angry / annoyed / עצבני.,,,โมโห,"[""โมโห""]",mo¹-ho¹,עצבני,angry / annoyed,medium_normalized_match,
vocab_0278_meaning_mcq,3,multiple_choice,vocab_meaning,מה הפירוש של โมโห / mo¹-ho¹?,What does โมโห / mo¹-ho¹ mean?,โมโห,"[""עצבני"", ""חריף"", ""השם שלי הוא..."", ""רואה""]",עצבני,,mo¹-ho¹,עצבני,angry / annoyed,medium_normalized_match,spacing_plus_frame
vocab_0279_choose_thai_mcq,3,multiple_choice,vocab_translit_to_thai,בחר את הכתב התאילנדי עבור: ram¹-kaan¹ = מעצבן / annoyed / annoying.,Choose the Thai script for: ram¹-kaan¹ = annoyed / annoying / מעצבן.,,"[""ขยะ"", ""ทุกคน"", ""รำคาญ"", ""ความอดทน""]",รำคาญ,,ram¹-kaan¹,מעצבן,annoyed / annoying,medium_normalized_match,spacing_plus_frame
vocab_0279_write_thai,3,typing,vocab_write_thai,כתוב בתאית: ram¹-kaan¹ = מעצבן / annoyed / annoying.,Type in Thai: ram¹-kaan¹ = annoyed / annoying / מעצבן.,,,รำคาญ,"[""รำคาญ""]",ram¹-kaan¹,מעצבן,annoyed / annoying,medium_normalized_match,
vocab_0279_meaning_mcq,3,multiple_choice,vocab_meaning,מה הפירוש של รำคาญ / ram¹-kaan¹?,What does รำคาญ / ram¹-kaan¹ mean?,รำคาญ,"[""מעצבן"", ""לקוות"", ""צ'ילי"", ""לעזור""]",מעצבן,,ram¹-kaan¹,מעצבן,annoyed / annoying,medium_normalized_match,spacing_plus_frame
vocab_0280_choose_thai_mcq,2,multiple_choice,vocab_translit_to_thai,בחר את הכתב התאילנדי עבור: wang¹ = לקוות / hope.,Choose the Thai script for: wang¹ = hope / לקוות.,,"[""ไม่เอา"", ""หวัง"", ""เสียดาย"", ""บางที""]",หวัง,,wang¹,לקוות,hope,high,spacing_plus_frame
vocab_0280_write_thai,2,typing,vocab_write_thai,כתוב בתאית: wang¹ = לקוות / hope.,Type in Thai: wang¹ = hope / לקוות.,,,หวัง,"[""หวัง""]",wang¹,לקוות,hope,high,
vocab_0280_meaning_mcq,2,multiple_choice,vocab_meaning,מה הפירוש של หวัง / wang¹?,What does หวัง / wang¹ mean?,หวัง,"[""חמש"", ""שרימפס"", ""תלוי בך"", ""לקוות""]",לקוות,,wang¹,לקוות,hope,high,spacing_plus_frame
vocab_0281_choose_thai_mcq,3,multiple_choice,vocab_translit_to_thai,בחר את הכתב התאילנדי עבור: man¹-jai¹ = בטוח / confident.,Choose the Thai script for: man¹-jai¹ = confident / בטוח.,,"[""ไม่สนใจ"", ""มั่นใจ"", ""คือ"", ""ผอม""]",มั่นใจ,,man¹-jai¹,בטוח,confident,medium_normalized_match,spacing_plus_frame
vocab_0281_write_thai,3,typing,vocab_write_thai,כתוב בתאית: man¹-jai¹ = בטוח / confident.,Type in Thai: man¹-jai¹ = confident / בטוח.,,,มั่นใจ,"[""มั่นใจ""]",man¹-jai¹,בטוח,confident,medium_normalized_match,
vocab_0281_meaning_mcq,3,multiple_choice,vocab_meaning,מה הפירוש של มั่นใจ / man¹-jai¹?,What does มั่นใจ / man¹-jai¹ mean?,มั่นใจ,"[""לחלוק כבוד"", ""שתיים"", ""עדיין לא יודע"", ""בטוח""]",בטוח,,man¹-jai¹,בטוח,confident,medium_normalized_match,spacing_plus_frame
vocab_0282_choose_thai_mcq,4,multiple_choice,vocab_translit_to_thai,בחר את הכתב התאילנדי עבור: naa³-song⁵-saan¹ = מסכן / pitiful / poor thing.,Choose the Thai script for: naa³-song⁵-saan¹ = pitiful / poor thing / מסכן.,,"[""ใคร"", ""เท่าไร"", ""ที่นี่"", ""น่าสงสาร""]",น่าสงสาร,,naa³-song⁵-saan¹,מסכן,pitiful / poor thing,medium_normalized_match,spacing_plus_frame
vocab_0282_write_thai,4,typing,vocab_write_thai,כתוב בתאית: naa³-song⁵-saan¹ = מסכן / pitiful / poor thing.,Type in Thai: naa³-song⁵-saan¹ = pitiful / poor thing / מסכן.,,,น่าสงสาร,"[""น่าสงสาร""]",naa³-song⁵-saan¹,מסכן,pitiful / poor thing,medium_normalized_match,
vocab_0282_meaning_mcq,4,multiple_choice,vocab_meaning,מה הפירוש של น่าสงสาร / naa³-song⁵-saan¹?,What does น่าสงสาร / naa³-song⁵-saan¹ mean?,น่าสงสาร,"[""דקה"", ""מסכן"", ""ברוך הבא"", ""מתי""]",מסכן,,naa³-song⁵-saan¹,מסכן,pitiful / poor thing,medium_normalized_match,spacing_plus_frame
vocab_0283_choose_thai_mcq,3,multiple_choice,vocab_translit_to_thai,בחר את הכתב התאילנדי עבור: pum¹-jai¹ = גאה / proud.,Choose the Thai script for: pum¹-jai¹ = proud / גאה.,,"[""ไหน/ที่ไหน"", ""สมอง"", ""ภูมิใจ"", ""ห้า""]",ภูมิใจ,,pum¹-jai¹,גאה,proud,medium_normalized_match,spacing_plus_frame
vocab_0283_write_thai,3,typing,vocab_write_thai,כתוב בתאית: pum¹-jai¹ = גאה / proud.,Type in Thai: pum¹-jai¹ = proud / גאה.,,,ภูมิใจ,"[""ภูมิใจ""]",pum¹-jai¹,גאה,proud,medium_normalized_match,
vocab_0283_meaning_mcq,3,multiple_choice,vocab_meaning,מה הפירוש של ภูมิใจ / pum¹-jai¹?,What does ภูมิใจ / pum¹-jai¹ mean?,ภูมิใจ,"[""עצבני"", ""גאה"", ""מספיק / לא מספיק"", ""קר""]",גאה,,pum¹-jai¹,גאה,proud,medium_normalized_match,spacing_plus_frame
vocab_0284_choose_thai_mcq,3,multiple_choice,vocab_translit_to_thai,בחר את הכתב התאילנדי עבור: sia⁵-daai¹ = חבל / בזבוז / what a pity / waste.,Choose the Thai script for: sia⁵-daai¹ = what a pity / waste / חבל / בזבוז.,,"[""สวย"", ""เสียดาย"", ""ดม"", ""ห้า""]",เสียดาย,,sia⁵-daai¹,חבל / בזבוז,what a pity / waste,medium_normalized_match,spacing_plus_frame
vocab_0284_write_thai,3,typing,vocab_write_thai,כתוב בתאית: sia⁵-daai¹ = חבל / בזבוז / what a pity / waste.,Type in Thai: sia⁵-daai¹ = what a pity / waste / חבל / בזבוז.,,,เสียดาย,"[""เสียดาย""]",sia⁵-daai¹,חבל / בזבוז,what a pity / waste,medium_normalized_match,
vocab_0284_meaning_mcq,3,multiple_choice,vocab_meaning,מה הפירוש של เสียดาย / sia⁵-daai¹?,What does เสียดาย / sia⁵-daai¹ mean?,เสียดาย,"[""מר"", ""חבל / בזבוז"", ""השם שלי הוא..."", ""להמשיך / להאריך""]",חבל / בזבוז,,sia⁵-daai¹,חבל / בזבוז,what a pity / waste,medium_normalized_match,spacing_plus_frame
vocab_0286_choose_thai_mcq,2,multiple_choice,vocab_translit_to_thai,בחר את הכתב התאילנדי עבור: nguang³ = ישנוני / sleepy.,Choose the Thai script for: nguang³ = sleepy / ישנוני.,,"[""นั่ง"", ""ง่วง"", ""ตีหมา"", ""มะพร้าว""]",ง่วง,,nguang³,ישנוני,sleepy,high,spacing_plus_frame
vocab_0286_write_thai,2,typing,vocab_write_thai,כתוב בתאית: nguang³ = ישנוני / sleepy.,Type in Thai: nguang³ = sleepy / ישנוני.,,,ง่วง,"[""ง่วง""]",nguang³,ישנוני,sleepy,high,
vocab_0286_meaning_mcq,2,multiple_choice,vocab_meaning,מה הפירוש של ง่วง / nguang³?,What does ง่วง / nguang³ mean?,ง่วง,"[""עוף"", ""חלון"", ""קפה"", ""ישנוני""]",ישנוני,,nguang³,ישנוני,sleepy,high,spacing_plus_frame
vocab_0287_choose_thai_mcq,3,multiple_choice,vocab_translit_to_thai,בחר את הכתב התאילנדי עבור: dtok²-jai¹ = מבוהל / shocked / startled.,Choose the Thai script for: dtok²-jai¹ = shocked / startled / מבוהל.,,"[""ไป"", ""หนึ่ง"", ""ตกใจ"", ""ครู""]",ตกใจ,,dtok²-jai¹,מבוהל,shocked / startled,medium_normalized_match,spacing_plus_frame
vocab_0287_write_thai,3,typing,vocab_write_thai,כתוב בתאית: dtok²-jai¹ = מבוהל / shocked / startled.,Type in Thai: dtok²-jai¹ = shocked / startled / מבוהל.,,,ตกใจ,"[""ตกใจ""]",dtok²-jai¹,מבוהל,shocked / startled,medium_normalized_match,
vocab_0287_meaning_mcq,3,multiple_choice,vocab_meaning,מה הפירוש של ตกใจ / dtok²-jai¹?,What does ตกใจ / dtok²-jai¹ mean?,ตกใจ,"[""בוקר"", ""ישנוני"", ""מבוהל"", ""איזו שעה?""]",מבוהל,,dtok²-jai¹,מבוהל,shocked / startled,medium_normalized_match,spacing_plus_frame
vocab_0288_choose_thai_mcq,2,multiple_choice,vocab_translit_to_thai,בחר את הכתב התאילנדי עבור: ruam¹ = ביחד / together / include.,Choose the Thai script for: ruam¹ = together / include / ביחד.,,"[""หมื่น"", ""กลัว"", ""ยืน"", ""รวม""]",รวม,,ruam¹,ביחד,together / include,high,spacing_plus_frame
vocab_0288_write_thai,2,typing,vocab_write_thai,כתוב בתאית: ruam¹ = ביחד / together / include.,Type in Thai: ruam¹ = together / include / ביחד.,,,รวม,"[""รวม""]",ruam¹,ביחד,together / include,high,
vocab_0288_meaning_mcq,2,multiple_choice,vocab_meaning,מה הפירוש של รวม / ruam¹?,What does รวม / ruam¹ mean?,รวม,"[""ביחד"", ""לא מבין"", ""תשע"", ""חוף""]",ביחד,,ruam¹,ביחד,together / include,high,spacing_plus_frame
vocab_0289_choose_thai_mcq,3,multiple_choice,vocab_translit_to_thai,בחר את הכתב התאילנדי עבור: cheuu³-jing¹ = שם אמיתי / real name.,Choose the Thai script for: cheuu³-jing¹ = real name / שם אמיתי.,,"[""เกลียด"", ""ชื่อจริง"", ""ไม่เป็นไร"", ""หวี""]",ชื่อจริง,,cheuu³-jing¹,שם אמיתי,real name,medium_normalized_match,spacing_plus_frame
vocab_0289_write_thai,3,typing,vocab_write_thai,כתוב בתאית: cheuu³-jing¹ = שם אמיתי / real name.,Type in Thai: cheuu³-jing¹ = real name / שם אמיתי.,,,ชื่อจริง,"[""ชื่อจริง""]",cheuu³-jing¹,שם אמיתי,real name,medium_normalized_match,
vocab_0289_meaning_mcq,3,multiple_choice,vocab_meaning,מה הפירוש של ชื่อจริง / cheuu³-jing¹?,What does ชื่อจริง / cheuu³-jing¹ mean?,ชื่อจริง,"[""להתעורר"", ""בד / בגד"", ""בכל מקום"", ""שם אמיתי""]",שם אמיתי,,cheuu³-jing¹,שם אמיתי,real name,medium_normalized_match,spacing_plus_frame
vocab_0290_choose_thai_mcq,3,multiple_choice,vocab_translit_to_thai,בחר את הכתב התאילנדי עבור: cheuu³-len³ = כינוי / nickname.,Choose the Thai script for: cheuu³-len³ = nickname / כינוי.,,"[""ชา"", ""คือ"", ""ช่วย"", ""ชื่อเล่น""]",ชื่อเล่น,,cheuu³-len³,כינוי,nickname,medium_normalized_match,spacing_plus_frame
vocab_0290_write_thai,3,typing,vocab_write_thai,כתוב בתאית: cheuu³-len³ = כינוי / nickname.,Type in Thai: cheuu³-len³ = nickname / כינוי.,,,ชื่อเล่น,"[""ชื่อเล่น""]",cheuu³-len³,כינוי,nickname,medium_normalized_match,
vocab_0290_meaning_mcq,3,multiple_choice,vocab_meaning,מה הפירוש של ชื่อเล่น / cheuu³-len³?,What does ชื่อเล่น / cheuu³-len³ mean?,ชื่อเล่น,"[""לפחד"", ""יציאה,החוצה"", ""כינוי"", ""לדבר""]",כינוי,,cheuu³-len³,כינוי,nickname,medium_normalized_match,spacing_plus_frame
vocab_0291_choose_thai_mcq,4,multiple_choice,vocab_translit_to_thai,בחר את הכתב התאילנדי עבור: naam¹-sa¹-kun¹ = שם משפחה / surname.,Choose the Thai script for: naam¹-sa¹-kun¹ = surname / שם משפחה.,,"[""ไหว้"", ""นามสกุล"", ""กลับ"", ""นาที""]",นามสกุล,,naam¹-sa¹-kun¹,שם משפחה,surname,medium_normalized_match,spacing_plus_frame
vocab_0291_write_thai,4,typing,vocab_write_thai,כתוב בתאית: naam¹-sa¹-kun¹ = שם משפחה / surname.,Type in Thai: naam¹-sa¹-kun¹ = surname / שם משפחה.,,,นามสกุล,"[""นามสกุล""]",naam¹-sa¹-kun¹,שם משפחה,surname,medium_normalized_match,
vocab_0291_meaning_mcq,4,multiple_choice,vocab_meaning,מה הפירוש של นามสกุล / naam¹-sa¹-kun¹?,What does นามสกุล / naam¹-sa¹-kun¹ mean?,นามสกุล,"[""שמח"", ""לשכוח"", ""לאהוב / לחבב"", ""שם משפחה""]",שם משפחה,,naam¹-sa¹-kun¹,שם משפחה,surname,medium_normalized_match,spacing_plus_frame
vocab_0292_choose_thai_mcq,2,multiple_choice,vocab_translit_to_thai,בחר את הכתב התאילנדי עבור: keuu¹ = זה / הוא (הגדרה) / is / means.,Choose the Thai script for: keuu¹ = is / means / זה / הוא (הגדרה).,,"[""บอกว่า"", ""ไปแล้ว"", ""ยืน"", ""คือ""]",คือ,,keuu¹,זה / הוא (הגדרה),is / means,high,spacing_plus_frame
vocab_0292_write_thai,2,typing,vocab_write_thai,כתוב בתאית: keuu¹ = זה / הוא (הגדרה) / is / means.,Type in Thai: keuu¹ = is / means / זה / הוא (הגדרה).,,,คือ,"[""คือ""]",keuu¹,זה / הוא (הגדרה),is / means,high,
vocab_0292_meaning_mcq,2,multiple_choice,vocab_meaning,מה הפירוש של คือ / keuu¹?,What does คือ / keuu¹ mean?,คือ,"[""היום"", ""ליפול"", ""זה / הוא (הגדרה)"", ""המלך""]",זה / הוא (הגדרה),,keuu¹,זה / הוא (הגדרה),is / means,high,spacing_plus_frame
vocab_0293_choose_thai_mcq,2,multiple_choice,vocab_translit_to_thai,בחר את הכתב התאילנדי עבור: beaua² = משעמם / bored.,Choose the Thai script for: beaua² = bored / משעמם.,,"[""ปลา"", ""เที่ยว"", ""กี่โมง"", ""เบื่อ""]",เบื่อ,,beaua²,משעמם,bored,high,spacing_plus_frame
vocab_0293_write_thai,2,typing,vocab_write_thai,כתוב בתאית: beaua² = משעמם / bored.,Type in Thai: beaua² = bored / משעמם.,,,เบื่อ,"[""เบื่อ""]",beaua²,משעמם,bored,high,
vocab_0293_meaning_mcq,2,multiple_choice,vocab_meaning,מה הפירוש של เบื่อ / beaua²?,What does เบื่อ / beaua² mean?,เบื่อ,"[""מה?"", ""חריף"", ""משעמם"", ""מורה""]",משעמם,,beaua²,משעמם,bored,high,spacing_plus_frame
vocab_0294_choose_thai_mcq,3,multiple_choice,vocab_translit_to_thai,בחר את הכתב התאילנדי עבור: sa¹-mawng¹ = מוח / brain.,Choose the Thai script for: sa¹-mawng¹ = brain / מוח.,,"[""หาด"", ""อิจฉา"", ""เห็นด้วย"", ""สมอง""]",สมอง,,sa¹-mawng¹,מוח,brain,medium_normalized_match,spacing_plus_frame
vocab_0294_write_thai,3,typing,vocab_write_thai,כתוב בתאית: sa¹-mawng¹ = מוח / brain.,Type in Thai: sa¹-mawng¹ = brain / מוח.,,,สมอง,"[""สมอง""]",sa¹-mawng¹,מוח,brain,medium_normalized_match,
vocab_0294_meaning_mcq,3,multiple_choice,vocab_meaning,מה הפירוש של สมอง / sa¹-mawng¹?,What does สมอง / sa¹-mawng¹ mean?,สมอง,"[""מוח"", ""שווה"", ""חבל / בזבוז"", ""יציאה,החוצה""]",מוח,,sa¹-mawng¹,מוח,brain,medium_normalized_match,spacing_plus_frame
vocab_0295_choose_thai_mcq,4,multiple_choice,vocab_translit_to_thai,בחר את הכתב התאילנדי עבור: sa¹-mawng¹ mai³ tam¹-ngaan¹ = המוח לא עובד / brain not working.,Choose the Thai script for: sa¹-mawng¹ mai³ tam¹-ngaan¹ = brain not working / המוח לא עובד.,,"[""ฟัง"", ""สมองไม่ทำงาน"", ""ง่วงนอน"", ""รำคาญ""]",สมองไม่ทำงาน,,sa¹-mawng¹ mai³ tam¹-ngaan¹,המוח לא עובד,brain not working,medium_normalized_match,spacing_plus_frame
vocab_0295_write_thai,4,typing,vocab_write_thai,כתוב בתאית: sa¹-mawng¹ mai³ tam¹-ngaan¹ = המוח לא עובד / brain not working.,Type in Thai: sa¹-mawng¹ mai³ tam¹-ngaan¹ = brain not working / המוח לא עובד.,,,สมองไม่ทำงาน,"[""สมองไม่ทำงาน""]",sa¹-mawng¹ mai³ tam¹-ngaan¹,המוח לא עובד,brain not working,medium_normalized_match,
vocab_0295_meaning_mcq,4,multiple_choice,vocab_meaning,מה הפירוש של สมองไม่ทำงาน / sa¹-mawng¹ mai³ tam¹-ngaan¹?,What does สมองไม่ทำงาน / sa¹-mawng¹ mai³ tam¹-ngaan¹ mean?,สมองไม่ทำงาน,"[""עשרים"", ""המוח לא עובד"", ""שווה"", ""עבודה""]",המוח לא עובד,,sa¹-mawng¹ mai³ tam¹-ngaan¹,המוח לא עובד,brain not working,medium_normalized_match,spacing_plus_frame
vocab_0296_choose_thai_mcq,2,multiple_choice,vocab_translit_to_thai,בחר את הכתב התאילנדי עבור: bon¹ = על (מעל) / on / above.,Choose the Thai script for: bon¹ = on / above / על (מעל).,,"[""บน"", ""สิบ"", ""ค่าย"", ""งู""]",บน,,bon¹,על (מעל),on / above,high,spacing_plus_frame
vocab_0296_write_thai,2,typing,vocab_write_thai,כתוב בתאית: bon¹ = על (מעל) / on / above.,Type in Thai: bon¹ = on / above / על (מעל).,,,บน,"[""บน""]",bon¹,על (מעל),on / above,high,
vocab_0296_meaning_mcq,2,multiple_choice,vocab_meaning,מה הפירוש של บน / bon¹?,What does บน / bon¹ mean?,บน,"[""על (מעל)"", ""משעמם"", ""קרח"", ""שלום""]",על (מעל),,bon¹,על (מעל),on / above,high,spacing_plus_frame
vocab_0297_choose_thai_mcq,3,multiple_choice,vocab_translit_to_thai,בחר את הכתב התאילנדי עבור: dtor²-bpai¹ = הבא / next.,Choose the Thai script for: dtor²-bpai¹ = next / הבא.,,"[""เข้า"", ""หวาน"", ""ไม่สนใจ"", ""ต่อไป""]",ต่อไป,,dtor²-bpai¹,הבא,next,medium_normalized_match,spacing_plus_frame
vocab_0297_write_thai,3,typing,vocab_write_thai,כתוב בתאית: dtor²-bpai¹ = הבא / next.,Type in Thai: dtor²-bpai¹ = next / הבא.,,,ต่อไป,"[""ต่อไป""]",dtor²-bpai¹,הבא,next,medium_normalized_match,
vocab_0297_meaning_mcq,3,multiple_choice,vocab_meaning,מה הפירוש של ต่อไป / dtor²-bpai¹?,What does ต่อไป / dtor²-bpai¹ mean?,ต่อไป,"[""שם אמיתי"", ""לא משנה / אין בעבר"", ""פנים,לפנים,הלאה,עונות"", ""הבא""]",הבא,,dtor²-bpai¹,הבא,next,medium_normalized_match,spacing_plus_frame
vocab_0298_choose_thai_mcq,2,multiple_choice,vocab_translit_to_thai,בחר את הכתב התאילנדי עבור: hen¹ = רואה / see.,Choose the Thai script for: hen¹ = see / רואה.,,"[""เผ็ด"", ""มะม่วง"", ""ไม่เอา"", ""เห็น""]",เห็น,,hen¹,רואה,see,high,spacing_plus_frame
vocab_0298_write_thai,2,typing,vocab_write_thai,כתוב בתאית: hen¹ = רואה / see.,Type in Thai: hen¹ = see / רואה.,,,เห็น,"[""เห็น""]",hen¹,רואה,see,high,
vocab_0298_meaning_mcq,2,multiple_choice,vocab_meaning,מה הפירוש של เห็น / hen¹?,What does เห็น / hen¹ mean?,เห็น,"[""רואה"", ""ביצה"", ""מיץ תפוזים"", ""סרטן""]",רואה,,hen¹,רואה,see,high,spacing_plus_frame
vocab_0299_choose_thai_mcq,3,multiple_choice,vocab_translit_to_thai,בחר את הכתב התאילנדי עבור: naa³-dtang² = חלון / window.,Choose the Thai script for: naa³-dtang² = window / חלון.,,"[""เมื่อวาน"", ""หมด"", ""หน้าต่าง"", ""ชิม""]",หน้าต่าง,,naa³-dtang²,חלון,window,medium_normalized_match,spacing_plus_frame
vocab_0299_write_thai,3,typing,vocab_write_thai,כתוב בתאית: naa³-dtang² = חלון / window.,Type in Thai: naa³-dtang² = window / חלון.,,,หน้าต่าง,"[""หน้าต่าง""]",naa³-dtang²,חלון,window,medium_normalized_match,
vocab_0299_meaning_mcq,3,multiple_choice,vocab_meaning,מה הפירוש של หน้าต่าง / naa³-dtang²?,What does หน้าต่าง / naa³-dtang² mean?,หน้าต่าง,"[""הכל"", ""אז מה?"", ""חלון"", ""בוקר""]",חלון,,naa³-dtang²,חלון,window,medium_normalized_match,spacing_plus_frame
vocab_0300_choose_thai_mcq,2,multiple_choice,vocab_translit_to_thai,בחר את הכתב התאילנדי עבור: hawng³ = חדר / room.,Choose the Thai script for: hawng³ = room / חדר.,,"[""ดื่ม"", ""สับปะรด"", ""ห้อง"", ""ไม่ได้…""]",ห้อง,,hawng³,חדר,room,high,spacing_plus_frame
vocab_0300_write_thai,2,typing,vocab_write_thai,כתוב בתאית: hawng³ = חדר / room.,Type in Thai: hawng³ = room / חדר.,,,ห้อง,"[""ห้อง""]",hawng³,חדר,room,high,
vocab_0300_meaning_mcq,2,multiple_choice,vocab_meaning,מה הפירוש של ห้อง / hawng³?,What does ห้อง / hawng³ mean?,ห้อง,"[""להרגיש ש..."", ""כינוי"", ""שבע (מאוכל)"", ""חדר""]",חדר,,hawng³,חדר,room,high,spacing_plus_frame
vocab_0301_choose_thai_mcq,3,multiple_choice,vocab_translit_to_thai,בחר את הכתב התאילנדי עבור: poh³-mae³ = הורים / parents.,Choose the Thai script for: poh³-mae³ = parents / הורים.,,"[""มั่นใจ"", ""เดิน"", ""พ่อแม่"", ""ตกใจ""]",พ่อแม่,,poh³-mae³,הורים,parents,medium_normalized_match,spacing_plus_frame
vocab_0301_write_thai,3,typing,vocab_write_thai,כתוב בתאית: poh³-mae³ = הורים / parents.,Type in Thai: poh³-mae³ = parents / הורים.,,,พ่อแม่,"[""พ่อแม่""]",poh³-mae³,הורים,parents,medium_normalized_match,
vocab_0301_meaning_mcq,3,multiple_choice,vocab_meaning,מה הפירוש של พ่อแม่ / poh³-mae³?,What does พ่อแม่ / poh³-mae³ mean?,พ่อแม่,"[""יום הולדת"", ""היום"", ""הורים"", ""עוף""]",הורים,,poh³-mae³,הורים,parents,medium_normalized_match,spacing_plus_frame
vocab_0302_choose_thai_mcq,3,multiple_choice,vocab_translit_to_thai,בחר את הכתב התאילנדי עבור: kap²-kaao³ = אוכל (שאוכלים עם אורז) / food eaten with rice.,Choose the Thai script for: kap²-kaao³ = food eaten with rice / אוכל (שאוכלים עם אורז).,,"[""อิจฉา"", ""กับข้าว"", ""ผัก"", ""เก้า""]",กับข้าว,,kap²-kaao³,אוכל (שאוכלים עם אורז),food eaten with rice,medium_normalized_match,spacing_plus_frame
vocab_0302_write_thai,3,typing,vocab_write_thai,כתוב בתאית: kap²-kaao³ = אוכל (שאוכלים עם אורז) / food eaten with rice.,Type in Thai: kap²-kaao³ = food eaten with rice / אוכל (שאוכלים עם אורז).,,,กับข้าว,"[""กับข้าว""]",kap²-kaao³,אוכל (שאוכלים עם אורז),food eaten with rice,medium_normalized_match,
vocab_0302_meaning_mcq,3,multiple_choice,vocab_meaning,מה הפירוש של กับข้าว / kap²-kaao³?,What does กับข้าว / kap²-kaao³ mean?,กับข้าว,"[""ללכת לאיבוד"", ""שמונה"", ""שבע"", ""אוכל (שאוכלים עם אורז)""]",אוכל (שאוכלים עם אורז),,kap²-kaao³,אוכל (שאוכלים עם אורז),food eaten with rice,medium_normalized_match,spacing_plus_frame
vocab_0303_choose_thai_mcq,3,multiple_choice,vocab_translit_to_thai,בחר את הכתב התאילנדי עבור: nag²-rian¹ = סטודנט / תלמיד / student.,Choose the Thai script for: nag²-rian¹ = student / סטודנט / תלמיד.,,"[""นักเรียน"", ""ไม่เข้าใจ"", ""ยิ้ม"", ""หมู""]",นักเรียน,,nag²-rian¹,סטודנט / תלמיד,student,medium_normalized_match,spacing_plus_frame
vocab_0303_write_thai,3,typing,vocab_write_thai,כתוב בתאית: nag²-rian¹ = סטודנט / תלמיד / student.,Type in Thai: nag²-rian¹ = student / סטודנט / תלמיד.,,,นักเรียน,"[""นักเรียน""]",nag²-rian¹,סטודנט / תלמיד,student,medium_normalized_match,
vocab_0303_meaning_mcq,3,multiple_choice,vocab_meaning,מה הפירוש של นักเรียน / nag²-rian¹?,What does นักเรียน / nag²-rian¹ mean?,นักเรียน,"[""סטודנט / תלמיד"", ""עצבני"", ""לבכות"", ""תודה""]",סטודנט / תלמיד,,nag²-rian¹,סטודנט / תלמיד,student,medium_normalized_match,spacing_plus_frame
vocab_0304_choose_thai_mcq,4,multiple_choice,vocab_translit_to_thai,בחר את הכתב התאילנדי עבור: raan³-aa¹-haan⁵ = מסעדה / restaurant.,Choose the Thai script for: raan³-aa¹-haan⁵ = restaurant / מסעדה.,,"[""บาง"", ""ร้านอาหาร"", ""ที่ไหน"", ""เมื่อวาน""]",ร้านอาหาร,,raan³-aa¹-haan⁵,מסעדה,restaurant,medium_normalized_match,spacing_plus_frame
vocab_0304_write_thai,4,typing,vocab_write_thai,כתוב בתאית: raan³-aa¹-haan⁵ = מסעדה / restaurant.,Type in Thai: raan³-aa¹-haan⁵ = restaurant / מסעדה.,,,ร้านอาหาร,"[""ร้านอาหาร""]",raan³-aa¹-haan⁵,מסעדה,restaurant,medium_normalized_match,
vocab_0304_meaning_mcq,4,multiple_choice,vocab_meaning,מה הפירוש של ร้านอาหาร / raan³-aa¹-haan⁵?,What does ร้านอาหาร / raan³-aa¹-haan⁵ mean?,ร้านอาหาร,"[""מסעדה"", ""אל תדאג / אין מה לדאוג"", ""תחנת דלק"", ""קר""]",מסעדה,,raan³-aa¹-haan⁵,מסעדה,restaurant,medium_normalized_match,spacing_plus_frame
vocab_0305_choose_thai_mcq,3,multiple_choice,vocab_translit_to_thai,בחר את הכתב התאילנדי עבור: jao³-kawng¹ = הבעלים / owner.,Choose the Thai script for: jao³-kawng¹ = owner / הבעלים.,,"[""ยินดี"", ""เรือบิน"", ""สวัสดี"", ""เจ้าของ""]",เจ้าของ,,jao³-kawng¹,הבעלים,owner,medium_normalized_match,spacing_plus_frame
vocab_0305_write_thai,3,typing,vocab_write_thai,כתוב בתאית: jao³-kawng¹ = הבעלים / owner.,Type in Thai: jao³-kawng¹ = owner / הבעלים.,,,เจ้าของ,"[""เจ้าของ""]",jao³-kawng¹,הבעלים,owner,medium_normalized_match,
vocab_0305_meaning_mcq,3,multiple_choice,vocab_meaning,מה הפירוש של เจ้าของ / jao³-kawng¹?,What does เจ้าของ / jao³-kawng¹ mean?,เจ้าของ,"[""בשר / בקר"", ""מקום מפגש"", ""הבעלים"", ""תודה""]",הבעלים,,jao³-kawng¹,הבעלים,owner,medium_normalized_match,spacing_plus_frame
vocab_0306_choose_thai_mcq,2,multiple_choice,vocab_translit_to_thai,בחר את הכתב התאילנדי עבור: mae³ = אמא / mother.,Choose the Thai script for: mae³ = mother / אמא.,,"[""อ้วน"", ""แม่"", ""แล้วไง"", ""กินอะไร""]",แม่,,mae³,אמא,mother,high,spacing_plus_frame
vocab_0306_write_thai,2,typing,vocab_write_thai,כתוב בתאית: mae³ = אמא / mother.,Type in Thai: mae³ = mother / אמא.,,,แม่,"[""แม่""]",mae³,אמא,mother,high,
vocab_0306_meaning_mcq,2,multiple_choice,vocab_meaning,מה הפירוש של แม่ / mae³?,What does แม่ / mae³ mean?,แม่,"[""חתיך"", ""לא עשיתי"", ""מוקפץ"", ""אמא""]",אמא,,mae³,אמא,mother,high,spacing_plus_frame
vocab_0307_choose_thai_mcq,3,multiple_choice,vocab_translit_to_thai,בחר את הכתב התאילנדי עבור: puu³-ying⁵ = אישה / נקבה / woman / female.,Choose the Thai script for: puu³-ying⁵ = woman / female / אישה / נקבה.,,"[""ช่วย"", ""ผู้หญิง"", ""เพิ่ม"", ""เสร็จ""]",ผู้หญิง,,puu³-ying⁵,אישה / נקבה,woman / female,medium_normalized_match,spacing_plus_frame
vocab_0307_write_thai,3,typing,vocab_write_thai,כתוב בתאית: puu³-ying⁵ = אישה / נקבה / woman / female.,Type in Thai: puu³-ying⁵ = woman / female / אישה / נקבה.,,,ผู้หญิง,"[""ผู้หญิง""]",puu³-ying⁵,אישה / נקבה,woman / female,medium_normalized_match,
vocab_0307_meaning_mcq,3,multiple_choice,vocab_meaning,מה הפירוש של ผู้หญิง / puu³-ying⁵?,What does ผู้หญิง / puu³-ying⁵ mean?,ผู้หญิง,"[""איפה?"", ""אישה / נקבה"", ""לשאול"", ""לא מסכים""]",אישה / נקבה,,puu³-ying⁵,אישה / נקבה,woman / female,medium_normalized_match,spacing_plus_frame
vocab_0308_choose_thai_mcq,3,multiple_choice,vocab_translit_to_thai,בחר את הכתב התאילנדי עבור: puu³-chaai¹ = גבר / זכר / man / male.,Choose the Thai script for: puu³-chaai¹ = man / male / גבר / זכר.,,"[""เจอกัน"", ""ผู้ชาย"", ""ยิ้ม"", ""ปลา""]",ผู้ชาย,,puu³-chaai¹,גבר / זכר,man / male,medium_normalized_match,spacing_plus_frame
vocab_0308_write_thai,3,typing,vocab_write_thai,כתוב בתאית: puu³-chaai¹ = גבר / זכר / man / male.,Type in Thai: puu³-chaai¹ = man / male / גבר / זכר.,,,ผู้ชาย,"[""ผู้ชาย""]",puu³-chaai¹,גבר / זכר,man / male,medium_normalized_match,
vocab_0308_meaning_mcq,3,multiple_choice,vocab_meaning,מה הפירוש של ผู้ชาย / puu³-chaai¹?,What does ผู้ชาย / puu³-chaai¹ mean?,ผู้ชาย,"[""הורים"", ""גבר / זכר"", ""חמש"", ""חשוב""]",גבר / זכר,,puu³-chaai¹,גבר / זכר,man / male,medium_normalized_match,spacing_plus_frame
vocab_0309_choose_thai_mcq,4,multiple_choice,vocab_translit_to_thai,בחר את הכתב התאילנדי עבור: nai¹-lu-ang¹ = המלך / king.,Choose the Thai script for: nai¹-lu-ang¹ = king / המלך.,,"[""ในหลวง"", ""เหงื่อ"", ""ตกใจ"", ""ร้อย""]",ในหลวง,,nai¹-lu-ang¹,המלך,king,medium_normalized_match,spacing_plus_frame
vocab_0309_write_thai,4,typing,vocab_write_thai,כתוב בתאית: nai¹-lu-ang¹ = המלך / king.,Type in Thai: nai¹-lu-ang¹ = king / המלך.,,,ในหลวง,"[""ในหลวง""]",nai¹-lu-ang¹,המלך,king,medium_normalized_match,
vocab_0309_meaning_mcq,4,multiple_choice,vocab_meaning,מה הפירוש של ในหลวง / nai¹-lu-ang¹?,What does ในหลวง / nai¹-lu-ang¹ mean?,ในหลวง,"[""ללכת ברגל"", ""אני אוהב/ת אותך"", ""שמונה"", ""המלך""]",המלך,,nai¹-lu-ang¹,המלך,king,medium_normalized_match,spacing_plus_frame
vocab_0310_choose_thai_mcq,4,multiple_choice,vocab_translit_to_thai,בחר את הכתב התאילנדי עבור: pra¹-jao³-yuu²-hua¹ = המלך (תואר רשמי) / king (formal title).,Choose the Thai script for: pra¹-jao³-yuu²-hua¹ = king (formal title) / המלך (תואר רשמי).,,"[""พระเจ้าอยู่หัว"", ""ไม่เอา"", ""รู้ไหม"", ""หน้าหนาว""]",พระเจ้าอยู่หัว,,pra¹-jao³-yuu²-hua¹,המלך (תואר רשמי),king (formal title),medium_normalized_match,spacing_plus_frame
vocab_0310_write_thai,4,typing,vocab_write_thai,כתוב בתאית: pra¹-jao³-yuu²-hua¹ = המלך (תואר רשמי) / king (formal title).,Type in Thai: pra¹-jao³-yuu²-hua¹ = king (formal title) / המלך (תואר רשמי).,,,พระเจ้าอยู่หัว,"[""พระเจ้าอยู่หัว""]",pra¹-jao³-yuu²-hua¹,המלך (תואר רשמי),king (formal title),medium_normalized_match,
vocab_0310_meaning_mcq,4,multiple_choice,vocab_meaning,מה הפירוש של พระเจ้าอยู่หัว / pra¹-jao³-yuu²-hua¹?,What does พระเจ้าอยู่หัว / pra¹-jao³-yuu²-hua¹ mean?,พระเจ้าอยู่หัว,"[""בשר / בקר"", ""המלך (תואר רשמי)"", ""איפה?"", ""מתוק""]",המלך (תואר רשמי),,pra¹-jao³-yuu²-hua¹,המלך (תואר רשמי),king (formal title),medium_normalized_match,spacing_plus_frame
vocab_0311_choose_thai_mcq,2,multiple_choice,vocab_translit_to_thai,בחר את הכתב התאילנדי עבור: moo² = קבוצה / pork / pig.,Choose the Thai script for: moo² = pork / pig / קבוצה.,,"[""หมู"", ""ตื่น"", ""ข้าม"", ""สี่""]",หมู,,moo²,קבוצה,pork / pig,high,spacing_plus_frame
vocab_0311_write_thai,2,typing,vocab_write_thai,כתוב בתאית: moo² = קבוצה / pork / pig.,Type in Thai: moo² = pork / pig / קבוצה.,,,หมู,"[""หมู""]",moo²,קבוצה,pork / pig,high,
vocab_0311_meaning_mcq,2,multiple_choice,vocab_meaning,מה הפירוש של หมู / moo²?,What does หมู / moo² mean?,หมู,"[""הבעלים"", ""קבוצה"", ""שרימפס"", ""לא יודע""]",קבוצה,,moo²,קבוצה,pork / pig,high,spacing_plus_frame
vocab_0312_choose_thai_mcq,3,multiple_choice,vocab_translit_to_thai,בחר את הכתב התאילנדי עבור: chaao¹-pao¹ = אנשי שבט / tribal people.,Choose the Thai script for: chaao¹-pao¹ = tribal people / אנשי שבט.,,"[""คิดว่า"", ""ชาวเผ่า"", ""สวย"", ""น้ำตก""]",ชาวเผ่า,,chaao¹-pao¹,אנשי שבט,tribal people,medium_normalized_match,spacing_plus_frame
vocab_0312_write_thai,3,typing,vocab_write_thai,כתוב בתאית: chaao¹-pao¹ = אנשי שבט / tribal people.,Type in Thai: chaao¹-pao¹ = tribal people / אנשי שבט.,,,ชาวเผ่า,"[""ชาวเผ่า""]",chaao¹-pao¹,אנשי שבט,tribal people,medium_normalized_match,
vocab_0312_meaning_mcq,3,multiple_choice,vocab_meaning,מה הפירוש של ชาวเผ่า / chaao¹-pao¹?,What does ชาวเผ่า / chaao¹-pao¹ mean?,ชาวเผ่า,"[""ירקות"", ""חתיך"", ""חזיר"", ""אנשי שבט""]",אנשי שבט,,chaao¹-pao¹,אנשי שבט,tribal people,medium_normalized_match,spacing_plus_frame
vocab_0313_choose_thai_mcq,2,multiple_choice,vocab_translit_to_thai,בחר את הכתב התאילנדי עבור: doi¹ = הר / mountain.,Choose the Thai script for: doi¹ = mountain / הר.,,"[""เขียน"", ""ต่อไป"", ""ชาวเผ่า"", ""ดอย""]",ดอย,,doi¹,הר,mountain,high,spacing_plus_frame
vocab_0313_write_thai,2,typing,vocab_write_thai,כתוב בתאית: doi¹ = הר / mountain.,Type in Thai: doi¹ = mountain / הר.,,,ดอย,"[""ดอย""]",doi¹,הר,mountain,high,
vocab_0313_meaning_mcq,2,multiple_choice,vocab_meaning,מה הפירוש של ดอย / doi¹?,What does ดอย / doi¹ mean?,ดอย,"[""הר"", ""קר"", ""בטוח בעצמי"", ""בירה""]",הר,,doi¹,הר,mountain,high,spacing_plus_frame
vocab_0314_choose_thai_mcq,3,multiple_choice,vocab_translit_to_thai,בחר את הכתב התאילנדי עבור: puu¹-kao¹ = הר / mountain.,Choose the Thai script for: puu¹-kao¹ = mountain / הר.,,"[""หาด"", ""ภูเขา"", ""ขาย"", ""จริง ๆ""]",ภูเขา,,puu¹-kao¹,הר,mountain,medium_normalized_match,spacing_plus_frame
vocab_0314_write_thai,3,typing,vocab_write_thai,כתוב בתאית: puu¹-kao¹ = הר / mountain.,Type in Thai: puu¹-kao¹ = mountain / הר.,,,ภูเขา,"[""ภูเขา""]",puu¹-kao¹,הר,mountain,medium_normalized_match,
vocab_0314_meaning_mcq,3,multiple_choice,vocab_meaning,מה הפירוש של ภูเขา / puu¹-kao¹?,What does ภูเขา / puu¹-kao¹ mean?,ภูเขา,"[""הר"", ""קוקוס"", ""ישנוני"", ""אבל""]",הר,,puu¹-kao¹,הר,mountain,medium_normalized_match,spacing_plus_frame
vocab_0315_choose_thai_mcq,2,multiple_choice,vocab_translit_to_thai,בחר את הכתב התאילנדי עבור: paa³ = בד / בגד / fish.,Choose the Thai script for: paa³ = fish / בד / בגד.,,"[""ไม่เป็นไร"", ""ไข่ดาว"", ""เบื่อ"", ""ปลา""]",ปลา,,paa³,בד / בגד,fish,high,spacing_plus_frame
vocab_0315_write_thai,2,typing,vocab_write_thai,כתוב בתאית: paa³ = בד / בגד / fish.,Type in Thai: paa³ = fish / בד / בגד.,,,ปลา,"[""ปลา""]",paa³,בד / בגד,fish,high,
vocab_0315_meaning_mcq,2,multiple_choice,vocab_meaning,מה הפירוש של ปลา / paa³?,What does ปลา / paa³ mean?,ปลา,"[""הורים"", ""לעבוד"", ""בד / בגד"", ""מינוס""]",בד / בגד,,paa³,בד / בגד,fish,high,spacing_plus_frame
vocab_0316_choose_thai_mcq,3,multiple_choice,vocab_translit_to_thai,בחר את הכתב התאילנדי עבור: dtalard²-nat¹ = שוק / market.,Choose the Thai script for: dtalard²-nat¹ = market / שוק.,,"[""หม้อ"", ""ต่อไป"", ""กินอะไร"", ""ตลาดนัด""]",ตลาดนัด,,dtalard²-nat¹,שוק,market,medium_normalized_match,spacing_plus_frame
vocab_0316_write_thai,3,typing,vocab_write_thai,כתוב בתאית: dtalard²-nat¹ = שוק / market.,Type in Thai: dtalard²-nat¹ = market / שוק.,,,ตลาดนัด,"[""ตลาดนัด""]",dtalard²-nat¹,שוק,market,medium_normalized_match,
vocab_0316_meaning_mcq,3,multiple_choice,vocab_meaning,מה הפירוש של ตลาดนัด / dtalard²-nat¹?,What does ตลาดนัด / dtalard²-nat¹ mean?,ตลาดนัด,"[""אוהב"", ""להתראות"", ""חם"", ""שוק""]",שוק,,dtalard²-nat¹,שוק,market,medium_normalized_match,spacing_plus_frame
vocab_0317_choose_thai_mcq,2,multiple_choice,vocab_translit_to_thai,בחר את הכתב התאילנדי עבור: iig(2) = שוב (Again) / again / more.,Choose the Thai script for: iig(2) = again / more / שוב (Again).,,"[""น้ำแข็ง"", ""อย่างไร"", ""อีก"", ""ดื่ม""]",อีก,,iig(2),שוב (Again),again / more,high,spacing_plus_frame
vocab_0317_write_thai,2,typing,vocab_write_thai,כתוב בתאית: iig(2) = שוב (Again) / again / more.,Type in Thai: iig(2) = again / more / שוב (Again).,,,อีก,"[""อีก""]",iig(2),שוב (Again),again / more,high,
vocab_0317_meaning_mcq,2,multiple_choice,vocab_meaning,מה הפירוש של อีก / iig(2)?,What does อีก / iig(2) mean?,อีก,"[""למה?"", ""שוב (Again)"", ""אני כאן"", ""להגיד / לספר""]",שוב (Again),,iig(2),שוב (Again),again / more,high,spacing_plus_frame
vocab_0318_choose_thai_mcq,3,multiple_choice,vocab_translit_to_thai,בחר את הכתב התאילנדי עבור: pag-pawn(2-2) = לנוח / rest.,Choose the Thai script for: pag-pawn(2-2) = rest / לנוח.,,"[""ถาม"", ""พักผ่อน"", ""เจ็ด"", ""จะ""]",พักผ่อน,,pag-pawn(2-2),לנוח,rest,medium_normalized_match,spacing_plus_frame
vocab_0318_write_thai,3,typing,vocab_write_thai,כתוב בתאית: pag-pawn(2-2) = לנוח / rest.,Type in Thai: pag-pawn(2-2) = rest / לנוח.,,,พักผ่อน,"[""พักผ่อน""]",pag-pawn(2-2),לנוח,rest,medium_normalized_match,
vocab_0318_meaning_mcq,3,multiple_choice,vocab_meaning,מה הפירוש של พักผ่อน / pag-pawn(2-2)?,What does พักผ่อน / pag-pawn(2-2) mean?,พักผ่อน,"[""אז מה?"", ""לפחד"", ""משעמם"", ""לנוח""]",לנוח,,pag-pawn(2-2),לנוח,rest,medium_normalized_match,spacing_plus_frame
vocab_0319_choose_thai_mcq,3,multiple_choice,vocab_translit_to_thai,בחר את הכתב התאילנדי עבור: bpai-tiao(1-3) = לטייל / להסתובב בכיף / go out / travel for fun.,Choose the Thai script for: bpai-tiao(1-3) = go out / travel for fun / לטייל / להסתובב בכיף.,,"[""ไปเที่ยว"", ""บ้าน"", ""บางวัน"", ""เหงื่อออก""]",ไปเที่ยว,,bpai-tiao(1-3),לטייל / להסתובב בכיף,go out / travel for fun,medium_normalized_match,spacing_plus_frame
vocab_0319_write_thai,3,typing,vocab_write_thai,כתוב בתאית: bpai-tiao(1-3) = לטייל / להסתובב בכיף / go out / travel for fun.,Type in Thai: bpai-tiao(1-3) = go out / travel for fun / לטייל / להסתובב בכיף.,,,ไปเที่ยว,"[""ไปเที่ยว""]",bpai-tiao(1-3),לטייל / להסתובב בכיף,go out / travel for fun,medium_normalized_match,
vocab_0319_meaning_mcq,3,multiple_choice,vocab_meaning,מה הפירוש של ไปเที่ยว / bpai-tiao(1-3)?,What does ไปเที่ยว / bpai-tiao(1-3) mean?,ไปเที่ยว,"[""חבל / בזבוז"", ""לטייל / להסתובב בכיף"", ""אופנוע"", ""ארבע""]",לטייל / להסתובב בכיף,,bpai-tiao(1-3),לטייל / להסתובב בכיף,go out / travel for fun,medium_normalized_match,spacing_plus_frame
vocab_0320_choose_thai_mcq,2,multiple_choice,vocab_translit_to_thai,בחר את הכתב התאילנדי עבור: sed(2) = סיים / נגמר / finish / done.,Choose the Thai script for: sed(2) = finish / done / סיים / נגמר.,,"[""บ้าน"", ""เสร็จ"", ""ช่วย"", ""ภูมิใจ""]",เสร็จ,,sed(2),סיים / נגמר,finish / done,high,spacing_plus_frame
vocab_0320_write_thai,2,typing,vocab_write_thai,כתוב בתאית: sed(2) = סיים / נגמר / finish / done.,Type in Thai: sed(2) = finish / done / סיים / נגמר.,,,เสร็จ,"[""เสร็จ""]",sed(2),סיים / נגמר,finish / done,high,
vocab_0320_meaning_mcq,2,multiple_choice,vocab_meaning,מה הפירוש של เสร็จ / sed(2)?,What does เสร็จ / sed(2) mean?,เสร็จ,"[""סיים / נגמר"", ""אתה יכול לדבר תאילנדית?"", ""אישה / נקבה"", ""איפה?""]",סיים / נגמר,,sed(2),סיים / נגמר,finish / done,high,spacing_plus_frame
vocab_0321_choose_thai_mcq,2,multiple_choice,vocab_translit_to_thai,בחר את הכתב התאילנדי עבור: mod(2) = הכל נגמר / אזל / finished / used up.,Choose the Thai script for: mod(2) = finished / used up / הכל נגמר / אזל.,,"[""แล้วไง"", ""หมด"", ""เบื่อ"", ""บ้าน""]",หมด,,mod(2),הכל נגמר / אזל,finished / used up,high,spacing_plus_frame
vocab_0321_write_thai,2,typing,vocab_write_thai,כתוב בתאית: mod(2) = הכל נגמר / אזל / finished / used up.,Type in Thai: mod(2) = finished / used up / הכל נגמר / אזל.,,,หมด,"[""หมด""]",mod(2),הכל נגמר / אזל,finished / used up,high,
vocab_0321_meaning_mcq,2,multiple_choice,vocab_meaning,מה הפירוש של หมด / mod(2)?,What does หมด / mod(2) mean?,หมด,"[""מר"", ""הכל נגמר / אזל"", ""רואה"", ""מיץ תפוזים""]",הכל נגמר / אזל,,mod(2),הכל נגמר / אזל,finished / used up,high,spacing_plus_frame
vocab_0322_choose_thai_mcq,2,multiple_choice,vocab_translit_to_thai,בחר את הכתב התאילנדי עבור: theung(2) = להתעורר / wake up.,Choose the Thai script for: theung(2) = wake up / להתעורר.,,"[""เดิน"", ""ตื่น"", ""แต่"", ""ใกล้""]",ตื่น,,theung(2),להתעורר,wake up,high,spacing_plus_frame
vocab_0322_write_thai,2,typing,vocab_write_thai,כתוב בתאית: theung(2) = להתעורר / wake up.,Type in Thai: theung(2) = wake up / להתעורר.,,,ตื่น,"[""ตื่น""]",theung(2),להתעורר,wake up,high,
vocab_0322_meaning_mcq,2,multiple_choice,vocab_meaning,מה הפירוש של ตื่น / theung(2)?,What does ตื่น / theung(2) mean?,ตื่น,"[""להתעורר"", ""מפל"", ""אננס"", ""חמוד""]",להתעורר,,theung(2),להתעורר,wake up,high,spacing_plus_frame
vocab_0323_choose_thai_mcq,2,multiple_choice,vocab_translit_to_thai,בחר את הכתב התאילנדי עבור: long(1) = ללכת לאיבוד / lost.,Choose the Thai script for: long(1) = lost / ללכת לאיבוד.,,"[""ปั๊มน้ำมัน"", ""รู้"", ""หลง"", ""รถไฟ""]",หลง,,long(1),ללכת לאיבוד,lost,high_context_disambiguated,spacing_plus_frame
vocab_0323_write_thai,2,typing,vocab_write_thai,כתוב בתאית: long(1) = ללכת לאיבוד / lost.,Type in Thai: long(1) = lost / ללכת לאיבוד.,,,หลง,"[""หลง""]",long(1),ללכת לאיבוד,lost,high_context_disambiguated,
vocab_0323_meaning_mcq,2,multiple_choice,vocab_meaning,מה הפירוש של หลง / long(1)?,What does หลง / long(1) mean?,หลง,"[""להקשיב"", ""ללכת לאיבוד"", ""מ... (מקור)"", ""הר""]",ללכת לאיבוד,,long(1),ללכת לאיבוד,lost,high_context_disambiguated,spacing_plus_frame
vocab_0324_choose_thai_mcq,4,multiple_choice,vocab_translit_to_thai,בחר את הכתב התאילנדי עבור: kwaam-od-ton(1-2-1) = סבלנות / patience.,Choose the Thai script for: kwaam-od-ton(1-2-1) = patience / סבלנות.,,"[""ลบ"", ""ความอดทน"", ""ดม"", ""ด้วยกัน""]",ความอดทน,,kwaam-od-ton(1-2-1),סבלנות,patience,medium_normalized_match,spacing_plus_frame
vocab_0324_write_thai,4,typing,vocab_write_thai,כתוב בתאית: kwaam-od-ton(1-2-1) = סבלנות / patience.,Type in Thai: kwaam-od-ton(1-2-1) = patience / סבלנות.,,,ความอดทน,"[""ความอดทน""]",kwaam-od-ton(1-2-1),סבלנות,patience,medium_normalized_match,
vocab_0324_meaning_mcq,4,multiple_choice,vocab_meaning,מה הפירוש של ความอดทน / kwaam-od-ton(1-2-1)?,What does ความอดทน / kwaam-od-ton(1-2-1) mean?,ความอดทน,"[""לעזור"", ""סבלנות"", ""לחשוב"", ""בלי / לא לשים""]",סבלנות,,kwaam-od-ton(1-2-1),סבלנות,patience,medium_normalized_match,spacing_plus_frame
vocab_0325_choose_thai_mcq,2,multiple_choice,vocab_translit_to_thai,בחר את הכתב התאילנדי עבור: bplaa(1) = דג / fish.,Choose the Thai script for: bplaa(1) = fish / דג.,,"[""ดื่ม"", ""ผม/ฉันรักคุณ"", ""ตก"", ""ปลา""]",ปลา,,bplaa(1),דג,fish,high,spacing_plus_frame
vocab_0325_write_thai,2,typing,vocab_write_thai,כתוב בתאית: bplaa(1) = דג / fish.,Type in Thai: bplaa(1) = fish / דג.,,,ปลา,"[""ปลา""]",bplaa(1),דג,fish,high,
vocab_0325_meaning_mcq,2,multiple_choice,vocab_meaning,מה הפירוש של ปลา / bplaa(1)?,What does ปลา / bplaa(1) mean?,ปลา,"[""דג"", ""סירה"", ""חמוד"", ""כניסה היכנס""]",דג,,bplaa(1),דג,fish,high,spacing_plus_frame
vocab_0326_choose_thai_mcq,2,multiple_choice,vocab_translit_to_thai,בחר את הכתב התאילנדי עבור: gung(3) = שרימפס / shrimp.,Choose the Thai script for: gung(3) = shrimp / שרימפס.,,"[""กุ้ง"", ""ไม่รอไม่ขอ"", ""หวาน"", ""เตี้ย""]",กุ้ง,,gung(3),שרימפס,shrimp,high,spacing_plus_frame
vocab_0326_write_thai,2,typing,vocab_write_thai,כתוב בתאית: gung(3) = שרימפס / shrimp.,Type in Thai: gung(3) = shrimp / שרימפס.,,,กุ้ง,"[""กุ้ง""]",gung(3),שרימפס,shrimp,high,
vocab_0326_meaning_mcq,2,multiple_choice,vocab_meaning,מה הפירוש של กุ้ง / gung(3)?,What does กุ้ง / gung(3) mean?,กุ้ง,"[""שרימפס"", ""הבא"", ""שפה"", ""עייף""]",שרימפס,,gung(3),שרימפס,shrimp,high,spacing_plus_frame
vocab_0327_choose_thai_mcq,2,multiple_choice,vocab_translit_to_thai,בחר את הכתב התאילנדי עבור: hoi(5) = צדפה / shellfish.,Choose the Thai script for: hoi(5) = shellfish / צדפה.,,"[""กี่โมง"", ""คิดว่า"", ""ที่นี่"", ""หอย""]",หอย,,hoi(5),צדפה,shellfish,high,spacing_plus_frame
vocab_0327_write_thai,2,typing,vocab_write_thai,כתוב בתאית: hoi(5) = צדפה / shellfish.,Type in Thai: hoi(5) = shellfish / צדפה.,,,หอย,"[""หอย""]",hoi(5),צדפה,shellfish,high,
vocab_0327_meaning_mcq,2,multiple_choice,vocab_meaning,מה הפירוש של หอย / hoi(5)?,What does หอย / hoi(5) mean?,หอย,"[""מדינה"", ""צדפה"", ""חזיר"", ""אחד את השני / ביחד""]",צדפה,,hoi(5),צדפה,shellfish,high,spacing_plus_frame
vocab_0329_choose_thai_mcq,4,multiple_choice,vocab_translit_to_thai,בחר את הכתב התאילנדי עבור: aa-haan-ta-lay(1(1)-5-1-1) = פירות ים / seafood.,Choose the Thai script for: aa-haan-ta-lay(1(1)-5-1-1) = seafood / פירות ים.,,"[""ทุกอย่าง"", ""เพิ่ม"", ""อาหารทะเล"", ""ดีใจ""]",อาหารทะเล,,aa-haan-ta-lay(1(1)-5-1-1),פירות ים,seafood,medium_normalized_match,spacing_plus_frame
vocab_0329_write_thai,4,typing,vocab_write_thai,כתוב בתאית: aa-haan-ta-lay(1(1)-5-1-1) = פירות ים / seafood.,Type in Thai: aa-haan-ta-lay(1(1)-5-1-1) = seafood / פירות ים.,,,อาหารทะเล,"[""อาหารทะเล""]",aa-haan-ta-lay(1(1)-5-1-1),פירות ים,seafood,medium_normalized_match,
vocab_0329_meaning_mcq,4,multiple_choice,vocab_meaning,מה הפירוש של อาหารทะเล / aa-haan-ta-lay(1(1)-5-1-1)?,What does อาหารทะเล / aa-haan-ta-lay(1(1)-5-1-1) mean?,อาหารทะเล,"[""אפשר לקבל..."", ""פירות ים"", ""קוקוס"", ""they הם""]",פירות ים,,aa-haan-ta-lay(1(1)-5-1-1),פירות ים,seafood,medium_normalized_match,spacing_plus_frame
vocab_0330_choose_thai_mcq,3,multiple_choice,vocab_translit_to_thai,בחר את הכתב התאילנדי עבור: meua-rai(3-1) = מתי / when?.,Choose the Thai script for: meua-rai(3-1) = when? / מתי.,,"[""เมื่อไร"", ""ไม่มีทาง"", ""ช่วย"", ""ว่าไง""]",เมื่อไร,,meua-rai(3-1),מתי,when?,medium_normalized_match,spacing_plus_frame
vocab_0330_write_thai,3,typing,vocab_write_thai,כתוב בתאית: meua-rai(3-1) = מתי / when?.,Type in Thai: meua-rai(3-1) = when? / מתי.,,,เมื่อไร,"[""เมื่อไร""]",meua-rai(3-1),מתי,when?,medium_normalized_match,
vocab_0330_meaning_mcq,3,multiple_choice,vocab_meaning,מה הפירוש של เมื่อไร / meua-rai(3-1)?,What does เมื่อไร / meua-rai(3-1) mean?,เมื่อไร,"[""להקשיב"", ""לשחות"", ""מתי"", ""אף פעם לא""]",מתי,,meua-rai(3-1),מתי,when?,medium_normalized_match,spacing_plus_frame
vocab_0331_choose_thai_mcq,3,multiple_choice,vocab_translit_to_thai,בחר את הכתב התאילנדי עבור: yaang-ngai(2-1) = איך / how.,Choose the Thai script for: yaang-ngai(2-1) = how / איך.,,"[""กลับบ้าน"", ""ปลา"", ""อย่างไร"", ""แสน""]",อย่างไร,,yaang-ngai(2-1),איך,how,medium_normalized_match,spacing_plus_frame
vocab_0331_write_thai,3,typing,vocab_write_thai,כתוב בתאית: yaang-ngai(2-1) = איך / how.,Type in Thai: yaang-ngai(2-1) = how / איך.,,,อย่างไร,"[""อย่างไร""]",yaang-ngai(2-1),איך,how,medium_normalized_match,
vocab_0331_meaning_mcq,3,multiple_choice,vocab_meaning,מה הפירוש של อย่างไร / yaang-ngai(2-1)?,What does อย่างไร / yaang-ngai(2-1) mean?,อย่างไร,"[""אחת עשרה"", ""איך"", ""מופתע / בהלם"", ""כמה (מחיר)""]",איך,,yaang-ngai(2-1),איך,how,medium_normalized_match,spacing_plus_frame
vocab_0332_choose_thai_mcq,2,multiple_choice,vocab_translit_to_thai,בחר את הכתב התאילנדי עבור: khrai(1) = מי (או מי זה) / who.,Choose the Thai script for: khrai(1) = who / מי (או מי זה).,,"[""สำคัญ"", ""ใคร"", ""สอน"", ""บางที""]",ใคร,,khrai(1),מי (או מי זה),who,high,spacing_plus_frame
vocab_0332_write_thai,2,typing,vocab_write_thai,כתוב בתאית: khrai(1) = מי (או מי זה) / who.,Type in Thai: khrai(1) = who / מי (או מי זה).,,,ใคร,"[""ใคร""]",khrai(1),מי (או מי זה),who,high,
vocab_0332_meaning_mcq,2,multiple_choice,vocab_meaning,מה הפירוש של ใคร / khrai(1)?,What does ใคร / khrai(1) mean?,ใคร,"[""לשתות"", ""מי (או מי זה)"", ""איזו שפה אתה מדבר?"", ""בהצלחה""]",מי (או מי זה),,khrai(1),מי (או מי זה),who,high,spacing_plus_frame
vocab_0333_choose_thai_mcq,3,multiple_choice,vocab_translit_to_thai,בחר את הכתב התאילנדי עבור: wan-geut(1-2) = יום הולדת / birthday.,Choose the Thai script for: wan-geut(1-2) = birthday / יום הולדת.,,"[""ขอบคุณ"", ""วันเกิด"", ""ตอนกลางคืน"", ""ขยะ""]",วันเกิด,,wan-geut(1-2),יום הולדת,birthday,medium_normalized_match,spacing_plus_frame
vocab_0333_write_thai,3,typing,vocab_write_thai,כתוב בתאית: wan-geut(1-2) = יום הולדת / birthday.,Type in Thai: wan-geut(1-2) = birthday / יום הולדת.,,,วันเกิด,"[""วันเกิด""]",wan-geut(1-2),יום הולדת,birthday,medium_normalized_match,
vocab_0333_meaning_mcq,3,multiple_choice,vocab_meaning,מה הפירוש של วันเกิด / wan-geut(1-2)?,What does วันเกิด / wan-geut(1-2) mean?,วันเกิด,"[""המוח לא עובד"", ""יום הולדת"", ""רזה"", ""נחש""]",יום הולדת,,wan-geut(1-2),יום הולדת,birthday,medium_normalized_match,spacing_plus_frame
vocab_0334_choose_thai_mcq,2,multiple_choice,vocab_translit_to_thai,בחר את הכתב התאילנדי עבור: koey(1) = אי פעם / ever.,Choose the Thai script for: koey(1) = ever / אי פעם.,,"[""ปลา"", ""ผลไม้"", ""พอดี/พอไหม"", ""เคย""]",เคย,,koey(1),אי פעם,ever,high_context_disambiguated,spacing_plus_frame
vocab_0334_write_thai,2,typing,vocab_write_thai,כתוב בתאית: koey(1) = אי פעם / ever.,Type in Thai: koey(1) = ever / אי פעם.,,,เคย,"[""เคย""]",koey(1),אי פעם,ever,high_context_disambiguated,
vocab_0334_meaning_mcq,2,multiple_choice,vocab_meaning,מה הפירוש של เคย / koey(1)?,What does เคย / koey(1) mean?,เคย,"[""הבעלים"", ""אי פעם"", ""למכור"", ""אני גר ב...""]",אי פעם,,koey(1),אי פעם,ever,high_context_disambiguated,spacing_plus_frame
vocab_0335_choose_thai_mcq,4,multiple_choice,vocab_translit_to_thai,בחר את הכתב התאילנדי עבור: sa-ma-chik(2-1-3) = חבר (במועדון / קבוצה) / member.,Choose the Thai script for: sa-ma-chik(2-1-3) = member / חבר (במועדון / קבוצה).,,"[""เบื่อ"", ""สมาชิก"", ""ร้านอาหาร"", ""เบียร์""]",สมาชิก,,sa-ma-chik(2-1-3),חבר (במועדון / קבוצה),member,medium_normalized_match,spacing_plus_frame
vocab_0335_write_thai,4,typing,vocab_write_thai,כתוב בתאית: sa-ma-chik(2-1-3) = חבר (במועדון / קבוצה) / member.,Type in Thai: sa-ma-chik(2-1-3) = member / חבר (במועדון / קבוצה).,,,สมาชิก,"[""สมาชิก""]",sa-ma-chik(2-1-3),חבר (במועדון / קבוצה),member,medium_normalized_match,
vocab_0335_meaning_mcq,4,multiple_choice,vocab_meaning,מה הפירוש של สมาชิก / sa-ma-chik(2-1-3)?,What does สมาชิก / sa-ma-chik(2-1-3) mean?,สมาชิก,"[""אז מה?"", ""חבר (במועדון / קבוצה)"", ""לשכוח"", ""זה / הוא (להגדרות)""]",חבר (במועדון / קבוצה),,sa-ma-chik(2-1-3),חבר (במועדון / קבוצה),member,medium_normalized_match,spacing_plus_frame
vocab_0336_choose_thai_mcq,2,multiple_choice,vocab_translit_to_thai,בחר את הכתב התאילנדי עבור: dek(2) = ילד / child.,Choose the Thai script for: dek(2) = child / ילד.,,"[""กลับบ้าน"", ""นั่ง"", ""เด็ก"", ""เข้าใจไหม""]",เด็ก,,dek(2),ילד,child,high,spacing_plus_frame
vocab_0336_write_thai,2,typing,vocab_write_thai,כתוב בתאית: dek(2) = ילד / child.,Type in Thai: dek(2) = child / ילד.,,,เด็ก,"[""เด็ก""]",dek(2),ילד,child,high,
vocab_0336_meaning_mcq,2,multiple_choice,vocab_meaning,מה הפירוש של เด็ก / dek(2)?,What does เด็ก / dek(2) mean?,เด็ก,"[""אנשים"", ""איך קוראים ל...?"", ""ילד"", ""אתמול""]",ילד,,dek(2),ילד,child,high,spacing_plus_frame
vocab_0337_choose_thai_mcq,3,multiple_choice,vocab_translit_to_thai,בחר את הכתב התאילנדי עבור: nam-man(1-1) = שמן / דלק / oil / fuel.,Choose the Thai script for: nam-man(1-1) = oil / fuel / שמן / דלק.,,"[""น้ำมัน"", ""น่าสงสาร"", ""ง่วง"", ""คุณล่ะ""]",น้ำมัน,,nam-man(1-1),שמן / דלק,oil / fuel,medium_normalized_match,spacing_plus_frame
vocab_0337_write_thai,3,typing,vocab_write_thai,כתוב בתאית: nam-man(1-1) = שמן / דלק / oil / fuel.,Type in Thai: nam-man(1-1) = oil / fuel / שמן / דלק.,,,น้ำมัน,"[""น้ำมัน""]",nam-man(1-1),שמן / דלק,oil / fuel,medium_normalized_match,
vocab_0337_meaning_mcq,3,multiple_choice,vocab_meaning,מה הפירוש של น้ำมัน / nam-man(1-1)?,What does น้ำมัน / nam-man(1-1) mean?,น้ำมัน,"[""שמן / דלק"", ""חדר"", ""מסכן"", ""לאן אתה הולך?""]",שמן / דלק,,nam-man(1-1),שמן / דלק,oil / fuel,medium_normalized_match,spacing_plus_frame
vocab_0338_choose_thai_mcq,4,multiple_choice,vocab_translit_to_thai,בחר את הכתב התאילנדי עבור: bpum-nam-man(3-1-1) = תחנת דלק / gas station.,Choose the Thai script for: bpum-nam-man(3-1-1) = gas station / תחנת דלק.,,"[""ทุกอย่าง"", ""ที่ไหน"", ""หน้า"", ""ปั๊มน้ำมัน""]",ปั๊มน้ำมัน,,bpum-nam-man(3-1-1),תחנת דלק,gas station,medium_normalized_match,spacing_plus_frame
vocab_0338_write_thai,4,typing,vocab_write_thai,כתוב בתאית: bpum-nam-man(3-1-1) = תחנת דלק / gas station.,Type in Thai: bpum-nam-man(3-1-1) = gas station / תחנת דלק.,,,ปั๊มน้ำมัน,"[""ปั๊มน้ำมัน""]",bpum-nam-man(3-1-1),תחנת דלק,gas station,medium_normalized_match,
vocab_0338_meaning_mcq,4,multiple_choice,vocab_meaning,מה הפירוש של ปั๊มน้ำมัน / bpum-nam-man(3-1-1)?,What does ปั๊มน้ำมัน / bpum-nam-man(3-1-1) mean?,ปั๊มน้ำมัน,"[""תחנת דלק"", ""בטוח"", ""אתה יודע?"", ""אתמול""]",תחנת דלק,,bpum-nam-man(3-1-1),תחנת דלק,gas station,medium_normalized_match,spacing_plus_frame
vocab_0339_choose_thai_mcq,2,multiple_choice,vocab_translit_to_thai,בחר את הכתב התאילנדי עבור: gan(1) = אחד את השני / ביחד / each other / together.,Choose the Thai script for: gan(1) = each other / together / אחד את השני / ביחד.,,"[""กัน"", ""คน"", ""ไม่เห็นด้วย"", ""ใต้""]",กัน,,gan(1),אחד את השני / ביחד,each other / together,high,spacing_plus_frame
vocab_0339_write_thai,2,typing,vocab_write_thai,כתוב בתאית: gan(1) = אחד את השני / ביחד / each other / together.,Type in Thai: gan(1) = each other / together / אחד את השני / ביחד.,,,กัน,"[""กัน""]",gan(1),אחד את השני / ביחד,each other / together,high,
vocab_0339_meaning_mcq,2,multiple_choice,vocab_meaning,מה הפירוש של กัน / gan(1)?,What does กัน / gan(1) mean?,กัน,"[""אחד את השני / ביחד"", ""ו..."", ""מילת עתיד"", ""שפה""]",אחד את השני / ביחד,,gan(1),אחד את השני / ביחד,each other / together,high,spacing_plus_frame
vocab_0351_choose_thai_mcq,2,multiple_choice,vocab_translit_to_thai,בחר את הכתב התאילנדי עבור: Yuen = לעמוד / stand.,Choose the Thai script for: Yuen = stand / לעמוד.,,"[""บอก"", ""ยืน"", ""อาหารทะเล"", ""ผัก""]",ยืน,,Yuen,לעמוד,stand,high,spacing_plus_frame
vocab_0351_write_thai,2,typing,vocab_write_thai,כתוב בתאית: Yuen = לעמוד / stand.,Type in Thai: Yuen = stand / לעמוד.,,,ยืน,"[""ยืน""]",Yuen,לעמוד,stand,high,
vocab_0351_meaning_mcq,2,multiple_choice,vocab_meaning,מה הפירוש של ยืน / Yuen?,What does ยืน / Yuen mean?,ยืน,"[""לעמוד"", ""הבעלים"", ""קצת"", ""אז מה?""]",לעמוד,,Yuen,לעמוד,stand,high,spacing_plus_frame
vocab_0352_choose_thai_mcq,2,multiple_choice,vocab_translit_to_thai,בחר את הכתב התאילנדי עבור: Nung = לשבת / sit.,Choose the Thai script for: Nung = sit / לשבת.,,"[""ไม่"", ""นั่ง"", ""ดอย"", ""ขาย""]",นั่ง,,Nung,לשבת,sit,high,spacing_plus_frame
vocab_0352_write_thai,2,typing,vocab_write_thai,כתוב בתאית: Nung = לשבת / sit.,Type in Thai: Nung = sit / לשבת.,,,นั่ง,"[""นั่ง""]",Nung,לשבת,sit,high,
vocab_0352_meaning_mcq,2,multiple_choice,vocab_meaning,מה הפירוש של นั่ง / Nung?,What does นั่ง / Nung mean?,นั่ง,"[""בית ספר"", ""סיר"", ""לשבת"", ""מתוק""]",לשבת,,Nung,לשבת,sit,high,spacing_plus_frame
vocab_0353_choose_thai_mcq,2,multiple_choice,vocab_translit_to_thai,בחר את הכתב התאילנדי עבור: Doen = ללכת / walk.,Choose the Thai script for: Doen = walk / ללכת.,,"[""ดอย"", ""เดิน"", ""นิดหน่อย"", ""ดีใจ""]",เดิน,,Doen,ללכת,walk,high,spacing_plus_frame
vocab_0353_write_thai,2,typing,vocab_write_thai,כתוב בתאית: Doen = ללכת / walk.,Type in Thai: Doen = walk / ללכת.,,,เดิน,"[""เดิน""]",Doen,ללכת,walk,high,
vocab_0353_meaning_mcq,2,multiple_choice,vocab_meaning,מה הפירוש של เดิน / Doen?,What does เดิน / Doen mean?,เดิน,"[""מיץ תפוזים"", ""בטן"", ""ללכת"", ""חלב""]",ללכת,,Doen,ללכת,walk,high,spacing_plus_frame
vocab_0354_choose_thai_mcq,2,multiple_choice,vocab_translit_to_thai,בחר את הכתב התאילנדי עבור: Khaam = לדלג / cross / skip over.,Choose the Thai script for: Khaam = cross / skip over / לדלג.,,"[""พี่"", ""ซื้อ"", ""ข้าม"", ""พวกเขา""]",ข้าม,,Khaam,לדלג,cross / skip over,high,spacing_plus_frame
vocab_0354_write_thai,2,typing,vocab_write_thai,כתוב בתאית: Khaam = לדלג / cross / skip over.,Type in Thai: Khaam = cross / skip over / לדלג.,,,ข้าม,"[""ข้าม""]",Khaam,לדלג,cross / skip over,high,
vocab_0354_meaning_mcq,2,multiple_choice,vocab_meaning,מה הפירוש של ข้าม / Khaam?,What does ข้าม / Khaam mean?,ข้าม,"[""הכל"", ""מפל"", ""לדלג"", ""פלוס""]",לדלג,,Khaam,לדלג,cross / skip over,high,spacing_plus_frame
vocab_0356_choose_thai_mcq,4,multiple_choice,vocab_translit_to_thai,בחר את הכתב התאילנדי עבור: mai dtong huang = אל תדאג / אין מה לדאוג / do not worry.,Choose the Thai script for: mai dtong huang = do not worry / אל תדאג / אין מה לדאוג.,,"[""ขนม"", ""เข้าใจไหม"", ""กอง"", ""ไม่ต้องห่วง""]",ไม่ต้องห่วง,,mai dtong huang,אל תדאג / אין מה לדאוג,do not worry,original_thai_from_file,spacing_plus_frame
vocab_0356_write_thai,4,typing,vocab_write_thai,כתוב בתאית: mai dtong huang = אל תדאג / אין מה לדאוג / do not worry.,Type in Thai: mai dtong huang = do not worry / אל תדאג / אין מה לדאוג.,,,ไม่ต้องห่วง,"[""ไม่ต้องห่วง""]",mai dtong huang,אל תדאג / אין מה לדאוג,do not worry,original_thai_from_file,
vocab_0356_meaning_mcq,4,multiple_choice,vocab_meaning,מה הפירוש של ไม่ต้องห่วง / mai dtong huang?,What does ไม่ต้องห่วง / mai dtong huang mean?,ไม่ต้องห่วง,"[""שוב (Again)"", ""חבר (במועדון / קבוצה)"", ""אל תדאג / אין מה לדאוג"", ""נחש""]",אל תדאג / אין מה לדאוג,,mai dtong huang,אל תדאג / אין מה לדאוג,do not worry,original_thai_from_file,spacing_plus_frame
vocab_0357_choose_thai_mcq,4,multiple_choice,vocab_translit_to_thai,בחר את הכתב התאילנדי עבור: mai son jai = לא מעוניין / לא אכפת / not interested / do not care.,Choose the Thai script for: mai son jai = not interested / do not care / לא מעוניין / לא אכפת.,,"[""กาแฟ"", ""ที่ไหน"", ""ไม่สนใจ"", ""รักผม/ฉันไหม""]",ไม่สนใจ,,mai son jai,לא מעוניין / לא אכפת,not interested / do not care,original_thai_from_file,spacing_plus_frame
vocab_0357_write_thai,4,typing,vocab_write_thai,כתוב בתאית: mai son jai = לא מעוניין / לא אכפת / not interested / do not care.,Type in Thai: mai son jai = not interested / do not care / לא מעוניין / לא אכפת.,,,ไม่สนใจ,"[""ไม่สนใจ""]",mai son jai,לא מעוניין / לא אכפת,not interested / do not care,original_thai_from_file,
vocab_0357_meaning_mcq,4,multiple_choice,vocab_meaning,מה הפירוש של ไม่สนใจ / mai son jai?,What does ไม่สนใจ / mai son jai mean?,ไม่สนใจ,"[""לנסות"", ""להקשיב"", ""לא מעוניין / לא אכפת"", ""חלק מ..""]",לא מעוניין / לא אכפת,,mai son jai,לא מעוניין / לא אכפת,not interested / do not care,original_thai_from_file,spacing_plus_frame
vocab_0359_choose_thai_mcq,3,multiple_choice,vocab_translit_to_thai,בחר את הכתב התאילנדי עבור: mai dtong = לא צריך / אין צורך / do not need.,Choose the Thai script for: mai dtong = do not need / לא צריך / אין צורך.,,"[""ใต้"", ""บางวัน"", ""ไม่ต้อง"", ""โกรธ""]",ไม่ต้อง,,mai dtong,לא צריך / אין צורך,do not need,original_thai_from_file,spacing_plus_frame
vocab_0359_write_thai,3,typing,vocab_write_thai,כתוב בתאית: mai dtong = לא צריך / אין צורך / do not need.,Type in Thai: mai dtong = do not need / לא צריך / אין צורך.,,,ไม่ต้อง,"[""ไม่ต้อง""]",mai dtong,לא צריך / אין צורך,do not need,original_thai_from_file,
vocab_0359_meaning_mcq,3,multiple_choice,vocab_meaning,מה הפירוש של ไม่ต้อง / mai dtong?,What does ไม่ต้อง / mai dtong mean?,ไม่ต้อง,"[""בערך"", ""למכור"", ""לא צריך / אין צורך"", ""שמן / דלק""]",לא צריך / אין צורך,,mai dtong,לא צריך / אין צורך,do not need,original_thai_from_file,spacing_plus_frame
vocab_0361_choose_thai_mcq,4,multiple_choice,vocab_translit_to_thai,בחר את הכתב התאילנדי עבור: mâi mee taang = אין מצב / אין סיכוי / no way.,Choose the Thai script for: mâi mee taang = no way / אין מצב / אין סיכוי.,,"[""เมื่อวาน"", ""กี่โมง"", ""ทุกอย่าง"", ""ไม่มีทาง""]",ไม่มีทาง,,mâi mee taang,אין מצב / אין סיכוי,no way,original_thai_from_file,spacing_plus_frame
vocab_0361_write_thai,4,typing,vocab_write_thai,כתוב בתאית: mâi mee taang = אין מצב / אין סיכוי / no way.,Type in Thai: mâi mee taang = no way / אין מצב / אין סיכוי.,,,ไม่มีทาง,"[""ไม่มีทาง""]",mâi mee taang,אין מצב / אין סיכוי,no way,original_thai_from_file,
vocab_0361_meaning_mcq,4,multiple_choice,vocab_meaning,מה הפירוש של ไม่มีทาง / mâi mee taang?,What does ไม่มีทาง / mâi mee taang mean?,ไม่มีทาง,"[""אין מצב / אין סיכוי"", ""יציאה,החוצה"", ""סטודנט / תלמיד"", ""לנסות""]",אין מצב / אין סיכוי,,mâi mee taang,אין מצב / אין סיכוי,no way,original_thai_from_file,spacing_plus_frame
vocab_0362_choose_thai_mcq,5,multiple_choice,vocab_translit_to_thai,בחר את הכתב התאילנדי עבור: wâa ngai = מה קורה? / מה נשמע? / what’s up?.,Choose the Thai script for: wâa ngai = what’s up? / מה קורה? / מה נשמע?.,,"[""ทุกวัน"", ""เมื่อไร"", ""ทุกที่"", ""ว่าไง""]",ว่าไง,,wâa ngai,מה קורה? / מה נשמע?,what’s up?,original_thai_from_file,spacing_plus_frame
vocab_0362_write_thai,5,typing,vocab_write_thai,כתוב בתאית: wâa ngai = מה קורה? / מה נשמע? / what’s up?.,Type in Thai: wâa ngai = what’s up? / מה קורה? / מה נשמע?.,,,ว่าไง,"[""ว่าไง""]",wâa ngai,מה קורה? / מה נשמע?,what’s up?,original_thai_from_file,
vocab_0362_meaning_mcq,5,multiple_choice,vocab_meaning,מה הפירוש של ว่าไง / wâa ngai?,What does ว่าไง / wâa ngai mean?,ว่าไง,"[""כמה (מחיר)"", ""אל תדאג / אין מה לדאוג"", ""מה קורה? / מה נשמע?"", ""חלק מ..""]",מה קורה? / מה נשמע?,,wâa ngai,מה קורה? / מה נשמע?,what’s up?,original_thai_from_file,spacing_plus_frame
vocab_0363_choose_thai_mcq,4,multiple_choice,vocab_translit_to_thai,בחר את הכתב התאילנדי עבור: mâi get à = אני לא מבין / לא קולט / I do not get it.,Choose the Thai script for: mâi get à = I do not get it / אני לא מבין / לא קולט.,,"[""หวี"", ""เหงื่อ"", ""ประมาณ"", ""ไม่เก็ทอะ""]",ไม่เก็ทอะ,,mâi get à,אני לא מבין / לא קולט,I do not get it,original_thai_from_file,spacing_plus_frame
vocab_0363_write_thai,4,typing,vocab_write_thai,כתוב בתאית: mâi get à = אני לא מבין / לא קולט / I do not get it.,Type in Thai: mâi get à = I do not get it / אני לא מבין / לא קולט.,,,ไม่เก็ทอะ,"[""ไม่เก็ทอะ""]",mâi get à,אני לא מבין / לא קולט,I do not get it,original_thai_from_file,
vocab_0363_meaning_mcq,4,multiple_choice,vocab_meaning,מה הפירוש של ไม่เก็ทอะ / mâi get à?,What does ไม่เก็ทอะ / mâi get à mean?,ไม่เก็ทอะ,"[""סטיקי רייס מנגו"", ""מובן"", ""עם"", ""אני לא מבין / לא קולט""]",אני לא מבין / לא קולט,,mâi get à,אני לא מבין / לא קולט,I do not get it,original_thai_from_file,spacing_plus_frame
vocab_0364_choose_thai_mcq,5,multiple_choice,vocab_translit_to_thai,בחר את הכתב התאילנדי עבור: láew ngai = אז מה? / so what?.,Choose the Thai script for: láew ngai = so what? / אז מה?.,,"[""ลาก่อน"", ""แล้วไง"", ""เล็ก"", ""ไม่ใส่""]",แล้วไง,,láew ngai,אז מה?,so what?,original_thai_from_file,spacing_plus_frame
vocab_0364_write_thai,5,typing,vocab_write_thai,כתוב בתאית: láew ngai = אז מה? / so what?.,Type in Thai: láew ngai = so what? / אז מה?.,,,แล้วไง,"[""แล้วไง""]",láew ngai,אז מה?,so what?,original_thai_from_file,
vocab_0364_meaning_mcq,5,multiple_choice,vocab_meaning,מה הפירוש של แล้วไง / láew ngai?,What does แล้วไง / láew ngai mean?,แล้วไง,"[""אז מה?"", ""שרימפס"", ""כועס"", ""ירקות""]",אז מה?,,láew ngai,אז מה?,so what?,original_thai_from_file,spacing_plus_frame
vocab_0365_choose_thai_mcq,3,multiple_choice,vocab_translit_to_thai,בחר את הכתב התאילנדי עבור: khít wâa = לחשוב ש... / think that.,Choose the Thai script for: khít wâa = think that / לחשוב ש....,,"[""ใจ"", ""กินอะไร"", ""สิบเอ็ด"", ""คิดว่า""]",คิดว่า,,khít wâa,לחשוב ש...,think that,original_thai_from_file,spacing_plus_frame
vocab_0365_write_thai,3,typing,vocab_write_thai,כתוב בתאית: khít wâa = לחשוב ש... / think that.,Type in Thai: khít wâa = think that / לחשוב ש....,,,คิดว่า,"[""คิดว่า""]",khít wâa,לחשוב ש...,think that,original_thai_from_file,
vocab_0365_meaning_mcq,3,multiple_choice,vocab_meaning,מה הפירוש של คิดว่า / khít wâa?,What does คิดว่า / khít wâa mean?,คิดว่า,"[""בכל מקום"", ""לחשוב ש..."", ""סיר"", ""אותו הדבר / גם אני""]",לחשוב ש...,,khít wâa,לחשוב ש...,think that,original_thai_from_file,spacing_plus_frame
vocab_0367_choose_thai_mcq,3,multiple_choice,vocab_translit_to_thai,בחר את הכתב התאילנדי עבור: bòk wâa = לספר / להגיד ש... / tell / say that.,Choose the Thai script for: bòk wâa = tell / say that / לספר / להגיד ש....,,"[""โชคดี"", ""ไข่ดาว"", ""บอกว่า"", ""สิบเอ็ด""]",บอกว่า,,bòk wâa,לספר / להגיד ש...,tell / say that,original_thai_from_file,spacing_plus_frame
vocab_0367_write_thai,3,typing,vocab_write_thai,כתוב בתאית: bòk wâa = לספר / להגיד ש... / tell / say that.,Type in Thai: bòk wâa = tell / say that / לספר / להגיד ש....,,,บอกว่า,"[""บอกว่า""]",bòk wâa,לספר / להגיד ש...,tell / say that,original_thai_from_file,
vocab_0367_meaning_mcq,3,multiple_choice,vocab_meaning,מה הפירוש של บอกว่า / bòk wâa?,What does บอกว่า / bòk wâa mean?,บอกว่า,"[""שווה"", ""הכל נגמר / אזל"", ""פעם / כבר עשיתי"", ""לספר / להגיד ש...""]",לספר / להגיד ש...,,bòk wâa,לספר / להגיד ש...,tell / say that,original_thai_from_file,spacing_plus_frame
vocab_0368_choose_thai_mcq,4,multiple_choice,vocab_translit_to_thai,בחר את הכתב התאילנדי עבור: rúu sèuk wâa = להרגיש ש... / feel that.,Choose the Thai script for: rúu sèuk wâa = feel that / להרגיש ש....,,"[""ไปเที่ยว"", ""รู้สึกว่า"", ""เค็ม"", ""เที่ยว""]",รู้สึกว่า,,rúu sèuk wâa,להרגיש ש...,feel that,original_thai_from_file,spacing_plus_frame
vocab_0368_write_thai,4,typing,vocab_write_thai,כתוב בתאית: rúu sèuk wâa = להרגיש ש... / feel that.,Type in Thai: rúu sèuk wâa = feel that / להרגיש ש....,,,รู้สึกว่า,"[""รู้สึกว่า""]",rúu sèuk wâa,להרגיש ש...,feel that,original_thai_from_file,
vocab_0368_meaning_mcq,4,multiple_choice,vocab_meaning,מה הפירוש של รู้สึกว่า / rúu sèuk wâa?,What does รู้สึกว่า / rúu sèuk wâa mean?,รู้สึกว่า,"[""להרגיש ש..."", ""חשוב"", ""לקנא"", ""לחלוק כבוד""]",להרגיש ש...,,rúu sèuk wâa,להרגיש ש...,feel that,original_thai_from_file,spacing_plus_frame
vocab_0369_choose_thai_mcq,3,multiple_choice,vocab_translit_to_thai,בחר את הכתב התאילנדי עבור: phróh wâa = בגלל ש... / because.,Choose the Thai script for: phróh wâa = because / בגלל ש....,,"[""ใหญ่"", ""หน้าต่าง"", ""เพราะว่า"", ""ไม่มีทาง""]",เพราะว่า,,phróh wâa,בגלל ש...,because,original_thai_from_file,spacing_plus_frame
vocab_0369_write_thai,3,typing,vocab_write_thai,כתוב בתאית: phróh wâa = בגלל ש... / because.,Type in Thai: phróh wâa = because / בגלל ש....,,,เพราะว่า,"[""เพราะว่า""]",phróh wâa,בגלל ש...,because,original_thai_from_file,
vocab_0369_meaning_mcq,3,multiple_choice,vocab_meaning,מה הפירוש של เพราะว่า / phróh wâa?,What does เพราะว่า / phróh wâa mean?,เพราะว่า,"[""זה / הוא (הגדרה)"", ""ללמוד"", ""they הם"", ""בגלל ש...""]",בגלל ש...,,phróh wâa,בגלל ש...,because,original_thai_from_file,spacing_plus_frame
vocab_0372_choose_thai_mcq,2,multiple_choice,vocab_translit_to_thai,בחר את הכתב התאילנדי עבור: baang = חלק מ.. / some / part of.,Choose the Thai script for: baang = some / part of / חלק מ...,,"[""คิดว่า"", ""บาง"", ""เหล้า"", ""มี""]",บาง,,baang,חלק מ..,some / part of,high,spacing_plus_frame
vocab_0372_write_thai,2,typing,vocab_write_thai,כתוב בתאית: baang = חלק מ.. / some / part of.,Type in Thai: baang = some / part of / חלק מ...,,,บาง,"[""บาง""]",baang,חלק מ..,some / part of,high,
vocab_0372_meaning_mcq,2,multiple_choice,vocab_meaning,מה הפירוש של บาง / baang?,What does บาง / baang mean?,บาง,"[""שלום"", ""חייב"", ""זיעה"", ""חלק מ..""]",חלק מ..,,baang,חלק מ..,some / part of,high,spacing_plus_frame
vocab_0373_choose_thai_mcq,3,multiple_choice,vocab_translit_to_thai,בחר את הכתב התאילנדי עבור: doi gan = יחדיו / together.,Choose the Thai script for: doi gan = together / יחדיו.,,"[""ดม"", ""ไม่สนใจ"", ""ด้วยกัน"", ""ลอง""]",ด้วยกัน,,doi gan,יחדיו,together,high,spacing_plus_frame
vocab_0373_write_thai,3,typing,vocab_write_thai,כתוב בתאית: doi gan = יחדיו / together.,Type in Thai: doi gan = together / יחדיו.,,,ด้วยกัน,"[""ด้วยกัน""]",doi gan,יחדיו,together,high,
vocab_0373_meaning_mcq,3,multiple_choice,vocab_meaning,מה הפירוש של ด้วยกัน / doi gan?,What does ด้วยกัน / doi gan mean?,ด้วยกัน,"[""מילת שאלה (כן/לא)"", ""ואתה/ואת?"", ""בכל מקום"", ""יחדיו""]",יחדיו,,doi gan,יחדיו,together,high,spacing_plus_frame
vocab_0374_choose_thai_mcq,3,multiple_choice,vocab_translit_to_thai,בחר את הכתב התאילנדי עבור: baang tii = יכול להיות / maybe / sometimes.,Choose the Thai script for: baang tii = maybe / sometimes / יכול להיות.,,"[""เสร็จ"", ""ที่นี่"", ""ให้"", ""บางที""]",บางที,,baang tii,יכול להיות,maybe / sometimes,high,spacing_plus_frame
vocab_0374_write_thai,3,typing,vocab_write_thai,כתוב בתאית: baang tii = יכול להיות / maybe / sometimes.,Type in Thai: baang tii = maybe / sometimes / יכול להיות.,,,บางที,"[""บางที""]",baang tii,יכול להיות,maybe / sometimes,high,
vocab_0374_meaning_mcq,3,multiple_choice,vocab_meaning,מה הפירוש של บางที / baang tii?,What does บางที / baang tii mean?,บางที,"[""יכול"", ""יכול להיות"", ""אוהב"", ""אני כאן""]",יכול להיות,,baang tii,יכול להיות,maybe / sometimes,high,spacing_plus_frame
vocab_0375_choose_thai_mcq,2,multiple_choice,vocab_translit_to_thai,בחר את הכתב התאילנדי עבור: guwa = they הם / they (review).,Choose the Thai script for: guwa = they (review) / they הם.,,"[""รอ"", ""พวกเขา"", ""ร้านอาหาร"", ""ในหลวง""]",พวกเขา,,guwa,they הם,they (review),high,spacing_plus_frame
vocab_0375_write_thai,2,typing,vocab_write_thai,כתוב בתאית: guwa = they הם / they (review).,Type in Thai: guwa = they (review) / they הם.,,,พวกเขา,"[""พวกเขา""]",guwa,they הם,they (review),high,
vocab_0375_meaning_mcq,2,multiple_choice,vocab_meaning,מה הפירוש של พวกเขา / guwa?,What does พวกเขา / guwa mean?,พวกเขา,"[""מאה אלף"", ""המלך (תואר רשמי)"", ""they הם"", ""תחנת דלק""]",they הם,,guwa,they הם,they (review),high,spacing_plus_frame
vocab_0376_choose_thai_mcq,3,multiple_choice,vocab_translit_to_thai,בחר את הכתב התאילנדי עבור: baang wan = חלק מהימים / some days.,Choose the Thai script for: baang wan = some days / חלק מהימים.,,"[""บางวัน"", ""ชื่อจริง"", ""น้ำแข็ง"", ""เอา""]",บางวัน,,baang wan,חלק מהימים,some days,high,spacing_plus_frame
vocab_0376_write_thai,3,typing,vocab_write_thai,כתוב בתאית: baang wan = חלק מהימים / some days.,Type in Thai: baang wan = some days / חלק מהימים.,,,บางวัน,"[""บางวัน""]",baang wan,חלק מהימים,some days,high,
vocab_0376_meaning_mcq,3,multiple_choice,vocab_meaning,מה הפירוש של บางวัน / baang wan?,What does บางวัน / baang wan mean?,บางวัน,"[""חלק מהימים"", ""לנסות"", ""זה / הוא (להגדרות)"", ""פנים,לפנים,הלאה,עונות""]",חלק מהימים,,baang wan,חלק מהימים,some days,high,spacing_plus_frame
vocab_0377_choose_thai_mcq,3,multiple_choice,vocab_translit_to_thai,בחר את הכתב התאילנדי עבור: tug tii = בכל מקום / everywhere.,Choose the Thai script for: tug tii = everywhere / בכל מקום.,,"[""ดู"", ""ทุกที่"", ""นักเรียน"", ""อะไร""]",ทุกที่,,tug tii,בכל מקום,everywhere,high,spacing_plus_frame
vocab_0377_write_thai,3,typing,vocab_write_thai,כתוב בתאית: tug tii = בכל מקום / everywhere.,Type in Thai: tug tii = everywhere / בכל מקום.,,,ทุกที่,"[""ทุกที่""]",tug tii,בכל מקום,everywhere,high,
vocab_0377_meaning_mcq,3,multiple_choice,vocab_meaning,מה הפירוש של ทุกที่ / tug tii?,What does ทุกที่ / tug tii mean?,ทุกที่,"[""לא / אל"", ""לעזור"", ""בכל מקום"", ""לאן אתה הולך?""]",בכל מקום,,tug tii,בכל מקום,everywhere,high,spacing_plus_frame
vocab_0378_choose_thai_mcq,2,multiple_choice,vocab_translit_to_thai,"בחר את הכתב התאילנדי עבור: oog = יציאה,החוצה / exit / out.","Choose the Thai script for: oog = exit / out / יציאה,החוצה.",,"[""พวกเขา"", ""ออก"", ""หิว"", ""ใต้""]",ออก,,oog,"יציאה,החוצה",exit / out,high,spacing_plus_frame
vocab_0378_write_thai,2,typing,vocab_write_thai,"כתוב בתאית: oog = יציאה,החוצה / exit / out.","Type in Thai: oog = exit / out / יציאה,החוצה.",,,ออก,"[""ออก""]",oog,"יציאה,החוצה",exit / out,high,
vocab_0378_meaning_mcq,2,multiple_choice,vocab_meaning,מה הפירוש של ออก / oog?,What does ออก / oog mean?,ออก,"[""יציאה,החוצה"", ""לא עשיתי"", ""לב"", ""עשרים""]","יציאה,החוצה",,oog,"יציאה,החוצה",exit / out,high,spacing_plus_frame
vocab_0379_choose_thai_mcq,2,multiple_choice,vocab_translit_to_thai,"בחר את הכתב התאילנדי עבור: oon = חמים,חם / warm.","Choose the Thai script for: oon = warm / חמים,חם.",,"[""เดิน"", ""เปรี้ยว"", ""กุ้ง"", ""อุ่น""]",อุ่น,,oon,"חמים,חם",warm,high,spacing_plus_frame
vocab_0379_write_thai,2,typing,vocab_write_thai,"כתוב בתאית: oon = חמים,חם / warm.","Type in Thai: oon = warm / חמים,חם.",,,อุ่น,"[""อุ่น""]",oon,"חמים,חם",warm,high,
vocab_0379_meaning_mcq,2,multiple_choice,vocab_meaning,מה הפירוש של อุ่น / oon?,What does อุ่น / oon mean?,อุ่น,"[""שלום"", ""מלוח"", ""ירקות"", ""חמים,חם""]","חמים,חם",,oon,"חמים,חם",warm,high,spacing_plus_frame
vocab_0381_choose_thai_mcq,2,multiple_choice,vocab_translit_to_thai,בחר את הכתב התאילנדי עבור: kao3 = כניסה היכנס / enter / in.,Choose the Thai script for: kao3 = enter / in / כניסה היכנס.,,"[""ผัด"", ""น้ำตก"", ""หอย"", ""เข้า""]",เข้า,,kao3,כניסה היכנס,enter / in,high,spacing_plus_frame
vocab_0381_write_thai,2,typing,vocab_write_thai,כתוב בתאית: kao3 = כניסה היכנס / enter / in.,Type in Thai: kao3 = enter / in / כניסה היכנס.,,,เข้า,"[""เข้า""]",kao3,כניסה היכנס,enter / in,high,
vocab_0381_meaning_mcq,2,multiple_choice,vocab_meaning,מה הפירוש של เข้า / kao3?,What does เข้า / kao3 mean?,เข้า,"[""שבע (מאוכל)"", ""אל תחכה"", ""כניסה היכנס"", ""ילד""]",כניסה היכנס,,kao3,כניסה היכנס,enter / in,high,spacing_plus_frame
vocab_0382_choose_thai_mcq,2,multiple_choice,vocab_translit_to_thai,"בחר את הכתב התאילנדי עבור: naa3 = פנים,לפנים,הלאה,עונות / face / forward / season.","Choose the Thai script for: naa3 = face / forward / season / פנים,לפנים,הלאה,עונות.",,"[""ไม่เก็ทอะ"", ""งง"", ""ภูมิใจ"", ""หน้า""]",หน้า,,naa3,"פנים,לפנים,הלאה,עונות",face / forward / season,high,spacing_plus_frame
vocab_0382_write_thai,2,typing,vocab_write_thai,"כתוב בתאית: naa3 = פנים,לפנים,הלאה,עונות / face / forward / season.","Type in Thai: naa3 = face / forward / season / פנים,לפנים,הלאה,עונות.",,,หน้า,"[""หน้า""]",naa3,"פנים,לפנים,הלאה,עונות",face / forward / season,high,
vocab_0382_meaning_mcq,2,multiple_choice,vocab_meaning,מה הפירוש של หน้า / naa3?,What does หน้า / naa3 mean?,หน้า,"[""שלום"", ""חביתה"", ""פנים,לפנים,הלאה,עונות"", ""פירות""]","פנים,לפנים,הלאה,עונות",,naa3,"פנים,לפנים,הלאה,עונות",face / forward / season,high,spacing_plus_frame
vocab_0383_choose_thai_mcq,3,multiple_choice,vocab_translit_to_thai,בחר את הכתב התאילנדי עבור: rong pag = תחתנת משטרה / police station.,Choose the Thai script for: rong pag = police station / תחתנת משטרה.,,"[""โรงพัก"", ""สูง"", ""ปากกา"", ""ห้า""]",โรงพัก,,rong pag,תחתנת משטרה,police station,high,spacing_plus_frame
vocab_0383_write_thai,3,typing,vocab_write_thai,כתוב בתאית: rong pag = תחתנת משטרה / police station.,Type in Thai: rong pag = police station / תחתנת משטרה.,,,โรงพัก,"[""โรงพัก""]",rong pag,תחתנת משטרה,police station,high,
vocab_0383_meaning_mcq,3,multiple_choice,vocab_meaning,מה הפירוש של โรงพัก / rong pag?,What does โรงพัก / rong pag mean?,โรงพัก,"[""שוב (Again)"", ""תחתנת משטרה"", ""ישנוני"", ""זה / הוא (להגדרות)""]",תחתנת משטרה,,rong pag,תחתנת משטרה,police station,high,spacing_plus_frame
vocab_0384_choose_thai_mcq,3,multiple_choice,vocab_translit_to_thai,בחר את הכתב התאילנדי עבור: mai dai+v = לא עשיתי / did not / cannot + verb.,Choose the Thai script for: mai dai+v = did not / cannot + verb / לא עשיתי.,,"[""ชอบ"", ""ชื่อจริง"", ""อีก"", ""ไม่ได้…""]",ไม่ได้…,,mai dai+v,לא עשיתי,did not / cannot + verb,high,spacing_plus_frame
vocab_0384_write_thai,3,typing,vocab_write_thai,כתוב בתאית: mai dai+v = לא עשיתי / did not / cannot + verb.,Type in Thai: mai dai+v = did not / cannot + verb / לא עשיתי.,,,ไม่ได้…,"[""ไม่ได้…""]",mai dai+v,לא עשיתי,did not / cannot + verb,high,
vocab_0384_meaning_mcq,3,multiple_choice,vocab_meaning,מה הפירוש של ไม่ได้… / mai dai+v?,What does ไม่ได้… / mai dai+v mean?,ไม่ได้…,"[""לא עשיתי"", ""להזיע"", ""לעמוד"", ""לחזור (על חומר)""]",לא עשיתי,,mai dai+v,לא עשיתי,did not / cannot + verb,high,spacing_plus_frame
vocab_0386_choose_thai_mcq,2,multiple_choice,vocab_translit_to_thai,"בחר את הכתב התאילנדי עבור: peuang = דבורה,רק / bee.","Choose the Thai script for: peuang = bee / דבורה,רק.",,"[""กล้วย"", ""เจอกัน"", ""ผัก"", ""ผึ้ง""]",ผึ้ง,,peuang,"דבורה,רק",bee,high,spacing_plus_frame
vocab_0386_write_thai,2,typing,vocab_write_thai,"כתוב בתאית: peuang = דבורה,רק / bee.","Type in Thai: peuang = bee / דבורה,רק.",,,ผึ้ง,"[""ผึ้ง""]",peuang,"דבורה,רק",bee,high,
vocab_0386_meaning_mcq,2,multiple_choice,vocab_meaning,מה הפירוש של ผึ้ง / peuang?,What does ผึ้ง / peuang mean?,ผึ้ง,"[""אני הולך עכשיו (להתראות)"", ""דבורה,רק"", ""לב"", ""פעם / כבר עשיתי""]","דבורה,רק",,peuang,"דבורה,רק",bee,high,spacing_plus_frame
